algorithm,attack_type,dataset,seed,n_nodes,n_attackers,noise_mult,clip_bound,sampling_rate,split_mode,dirichlet_alpha,start_round,round,epsilon,accuracy,test_loss,f1_score,mean_update_norm_honest,mean_update_norm_attacker,best_alpha,precision,recall,total_tp_all,total_fp_all,total_fn_all,total_tn_all,sigma_n_honest,sigma_n_attacker,nsr_honest,nsr_attacker,trust_honest,trust_attacker,eps_n_honest,eps_n_attacker,noise_norm_honest,noise_norm_attacker,n_dp_norm_honest,n_dp_norm_attacker,sigma_dp_honest,sigma_dp_attacker,eps_avg,eps_std,avg_trust,avg_sigma_dp_precap,avg_n_dp_norm_postcap,avg_nsr
noise-game,scale,mnist,42,500,100,1.1,1.0,0.05,iid,1.0,50,0,1.9060445256894678,0.3798339896649122,2.0957252049446105,nan,0.5635410398244858,0.5640534126758575,1000.0,nan,nan,0,0,0,10662,1.0,1.0,1294.534361076787,1288.5584086082727,1.0,1.0,0.05718133577068404,1.906044525689468,225.4163589477539,225.6212565612793,225.4163589477539,225.6212565612793,1.0,1.0,0.4269539737544407,0.7946720006967081,1.0,1.0,50.53424392700195,288.7805063874975
noise-game,scale,mnist,42,500,100,1.1,1.0,0.05,iid,1.0,50,1,1.9699631891013898,0.5536984871327877,1.8906422755122185,nan,0.6073581984168605,1.021136149764061,1000.0,0.0,nan,0,17,0,10947,0.997494292216293,1.060954657087933,1244.2828463261876,1331.7635625605535,0.9924807234814292,0.9283825713396072,0.13965558638679934,1.9606362054919617,225.09765705309417,239.22792449951172,225.09765705309417,239.22792449951172,0.997494292216293,1.060954657087933,0.5038517102078318,0.8545087704681282,0.9386167300849402,1.0508223299235535,56.399295867919925,313.63546067250587
noise-game,scale,mnist,42,500,100,1.1,1.0,0.05,iid,1.0,50,2,2.086300873063258,0.6499294836819172,1.6801767992973327,nan,0.6029890269041062,1.5504379045963288,1000.0,0.0,nan,0,17,0,11041,0.9819847858960667,1.0158538959545422,1220.1824246625918,1248.7135222530228,0.9981778055429459,0.9636244940757751,0.2333765270236673,2.0699600706971957,221.61958389282228,229.16071823120117,221.61958389282228,229.16071823120117,0.9819847858960667,1.0158538959545422,0.600693235758373,0.9269900228769434,0.9693833793203036,1.01020904427813,54.69692700195313,298.5500014371082
noise-game,scale,mnist,42,500,100,1.1,1.0,0.05,iid,1.0,50,3,2.236377105734189,0.7085197320580483,1.480445338487625,nan,0.5845906888997113,2.0235077643394472,1000.0,0.0,nan,0,128,0,11472,0.9724138108114523,1.0024736993353753,1250.1048052959052,1233.9858617800146,0.9979717797703214,0.966996431350708,0.3595034419499736,2.2083560598427825,219.29140670211225,226.08474548339845,219.29140670211225,226.08474548339845,0.9724138108114523,1.0024736993353753,0.7292739655285353,1.0051914408769662,0.9735817416446415,0.9960830143735967,57.05868505859375,314.3028318419818
noise-game,scale,mnist,42,500,100,1.1,1.0,0.05,iid,1.0,50,4,2.4208432797143393,0.7501762318611145,1.300214823782444,nan,0.5699642300605774,2.473821272850037,1000.0,0.0,nan,0,22,0,10894,0.9618844703618622,0.9902196786379881,1299.9495724085891,1238.4008864738921,0.9988602797190348,0.9693686896562577,0.44713202632799187,2.380503702040241,216.95216623942056,223.28695083618163,216.95216623942056,223.28695083618163,0.9618844703618622,0.9902196786379881,0.8338063614704417,1.072208617740421,0.9738674067844779,0.9858973587314604,52.46766815185547,294.47836190148763
noise-game,scale,mnist,42,500,100,1.1,1.0,0.05,iid,1.0,50,5,2.465465962468986,0.778929480612278,1.1461241123080255,nan,0.6971211930116018,2.8971604609489443,1000.0,0.0,nan,0,53,0,11527,0.9632402667126941,0.9802864184100214,1401.3311998270806,1268.176690748458,0.9873733487394121,0.969453222155571,0.5175033724084149,2.4582429380989654,217.24144999186197,221.28583465576173,217.24144999186197,221.28583465576173,0.9632402667126941,0.9802864184100214,0.905651285546525,1.1053268108826533,0.9721868007870044,0.9776861579816154,52.07785913085937,304.08326134346646
noise-game,scale,mnist,42,500,100,1.1,1.0,0.05,iid,1.0,50,6,2.5159846403430586,0.7994274801015854,1.019793248474598,nan,0.6806386543644799,3.2847069001197813,1000.0,0.0,nan,0,44,0,10804,0.9634704256571922,0.9745225987973285,1550.4044312693968,1310.7843526951785,0.9769518905215793,0.9652162891626358,0.5893146882175136,2.50506229076991,217.30360582139758,219.8262454223633,217.30360582139758,219.8262454223633,0.9634704256571922,0.9745225987973285,0.972464208727993,1.1267323844690604,0.9670064656411187,0.9728366740810362,51.78817889404297,317.971430064734
noise-game,scale,mnist,42,500,100,1.1,1.0,0.05,iid,1.0,50,7,2.5709809579234584,0.8137452286481858,0.9189458262920379,nan,0.6479805274443193,3.641025197505951,1000.0,0.0,nan,0,50,0,11000,0.9533245025810924,0.9706920173677004,1705.969843376375,1343.3443459521357,0.977551671591672,0.9589248698949814,0.6802836804766129,2.5542072260157624,215.23241979425603,219.02099685668946,215.23241979425603,219.02099685668946,0.9533245025810924,0.9706920173677004,1.0550683895844428,1.147654974907246,0.962283801348483,0.9675601704389677,53.274425842285154,343.73154229898756
noise-game,scale,mnist,42,500,100,1.1,1.0,0.05,iid,1.0,50,8,2.632553607384679,0.8240054784715176,0.8393361888825893,nan,0.7057170779616745,3.9779592967033386,1000.0,0.0,nan,0,98,0,11612,0.9662322589460098,0.9658790188899345,1923.830909359053,1326.7657210654943,0.9532930895134255,0.9536757498979569,0.7754487929936679,2.6064254943622807,217.8870244909216,218.04608810424804,217.8870244909216,218.04608810424804,0.9662322589460098,0.9658790188899345,1.1416441332673903,1.166766970750859,0.9535943969028202,0.9659541171695726,55.37511694335937,369.24001331848774
noise-game,scale,mnist,42,500,100,1.1,1.0,0.05,iid,1.0,50,9,2.694547763770915,0.8320009781420231,0.7756520846486091,nan,0.7038922508557638,4.296435146331787,1000.0,0.0,nan,0,78,0,11658,0.9644301948812769,0.960408185524006,2127.258239716188,1258.205316201089,0.9447452823321024,0.94914606153965,0.8600182642051573,2.6629040090205844,217.6376756032308,216.7062368774414,217.6376756032308,216.7062368774414,0.9644301948812769,0.960408185524006,1.2205954131682424,1.1819649367029907,0.9482942978220601,0.9611866389479937,53.78785580444336,353.7494587465948
noise-game,scale,mnist,42,500,100,1.1,1.0,0.05,iid,1.0,50,10,2.7786941083622354,0.8380649806559086,0.7248263517022133,nan,0.7648260494073232,4.620589032173156,1000.0,0.0,nan,0,86,0,11456,0.9380025224513439,0.9501807117248567,2285.0339099383446,1152.7971114399088,0.963346891105175,0.9498879104852677,0.952538232296688,2.7277082995296564,211.64582125345865,214.31227935791014,211.64582125345865,214.31227935791014,0.9380025224513439,0.9501807117248567,1.3075722457432815,1.1952324928415574,0.9524928744762174,0.9478236428332091,53.02145529174805,340.24104996502234
noise-game,scale,mnist,42,500,100,1.1,1.0,0.05,iid,1.0,50,11,2.8737259274345206,0.8433844809234142,0.683161209821701,nan,0.8512680903077126,4.923744645118713,1000.0,0.0,nan,0,27,0,11863,0.9459115638434409,0.941005078791046,2526.4931601956127,1040.9531762607166,0.9440996646881104,0.949576666355133,1.022628719705144,2.8014762692143806,213.2972927093506,212.33540771484374,213.2972927093506,212.33540771484374,0.9459115638434409,0.941005078791046,1.3783982296069917,1.2089295702256646,0.9485166015163544,0.9419547210592513,52.705351593017575,329.4623069415327
noise-game,scale,mnist,42,500,100,1.1,1.0,0.05,iid,1.0,50,12,2.9863255732963783,0.8476557292044162,0.6489186771214008,nan,0.7726896029451619,5.194673089981079,1000.0,0.0,nan,0,138,0,11940,0.9448040370466041,0.934632309730629,2758.770147834849,942.0207681368936,0.9347364228704701,0.9462050133943558,1.09887492653974,2.8832373705619943,213.07075633173403,210.9110305786133,213.07075633173403,210.9110305786133,0.9448040370466041,0.934632309730629,1.455747415344191,1.2203699521814466,0.9440604802069625,0.9365343400417464,51.98346090698242,315.30758042778183
noise-game,scale,mnist,42,500,100,1.1,1.0,0.05,iid,1.0,50,13,3.1101015633698674,0.85114597722888,0.6202737902104855,nan,0.8838413208723068,5.453921756744385,1000.0,0.0,nan,0,84,0,10468,0.9349317170830727,0.9275748841701288,2907.4961623703375,856.9063784568285,0.9352732241153717,0.9436513942480087,1.1453718636012582,2.97467713546899,210.80240173339843,209.23947952270507,210.80240173339843,209.23947952270507,0.9349317170830727,0.9275748841701288,1.5112329179748047,1.2367393353374379,0.9422550325592359,0.9288010229889528,50.27999197387695,287.6811221861792
noise-game,scale,mnist,42,500,100,1.1,1.0,0.05,iid,1.0,50,14,3.263263818488487,0.8544437290728092,0.595831688195467,nan,0.8540087262789409,5.679513864517212,1000.0,0.0,nan,0,3,0,10895,0.9149725263439689,0.9232223128275856,3052.3498776507695,787.3330734419628,0.9475310762723287,0.9380415630340576,1.1985235568485515,3.072216195252629,206.56165262858073,208.22585540771485,206.56165262858073,208.22585540771485,0.9149725263439689,0.9232223128275856,1.573262084529367,1.2520760684449102,0.9392793256303539,0.922146253721027,47.842020660400394,249.03711101791566
noise-game,scale,mnist,42,500,100,1.1,1.0,0.05,iid,1.0,50,15,3.424119884905808,0.8572659774124622,0.5749763175845146,nan,0.8890427024591536,5.897825183868409,1000.0,0.0,nan,0,70,0,10898,0.929575439594981,0.9176896096936515,3323.2969863060985,726.737425771997,0.9199874230793544,0.9337967872619629,1.253043792085202,3.180337795222253,209.74424525669642,206.90425979614258,209.74424525669642,206.90425979614258,0.929575439594981,0.9176896096936515,1.638502592712612,1.2691565343843842,0.9314001207509317,0.9197524396765268,50.19011026000977,284.92595857925556
noise-game,scale,mnist,42,500,100,1.1,1.0,0.05,iid,1.0,50,16,3.4952555446339013,0.8596459794044494,0.5569199372828006,nan,1.0688053771853447,6.08217001914978,1000.0,0.0,nan,0,35,0,11775,0.9233481585937129,0.9147291548740452,3509.5921932421834,681.3708860006769,0.916440898180008,0.926555392742157,1.2879451567171534,3.2947989259749852,208.1428466796875,206.308868560791,208.1428466796875,206.308868560791,0.9233481585937129,0.9147291548740452,1.68931591056872,1.2947579741917976,0.9248696436484655,0.9161656554939895,49.587487579345705,276.6578649298227
noise-game,scale,mnist,42,500,100,1.1,1.0,0.05,iid,1.0,50,17,3.5221365234120174,0.8617362280189991,0.5412274932861328,nan,0.7888618575202094,6.236397109031677,1000.0,0.0,nan,0,70,0,10732,0.9134065332320991,0.9136012392652337,3659.7568535412815,642.6003625316052,0.9173348049322764,0.9171040189266205,1.349161831115567,3.4022036115077925,206.2426503499349,206.0148876953125,206.2426503499349,206.0148876953125,0.9134065332320991,0.9136012392652337,1.7597701871940121,1.3074852244415296,0.9171392235715511,0.9135715383449251,48.62771295166016,260.27131923380716
noise-game,scale,mnist,42,500,100,1.1,1.0,0.05,iid,1.0,50,18,3.5632511425040816,0.8636909778416156,0.527461264282465,nan,0.9254481749875205,6.405595011711121,1000.0,0.0,nan,0,97,0,11059,0.9382210289967471,0.9088211887216775,3927.9021571662347,610.4254751467685,0.8767454936390832,0.9119434928894044,1.4001213655188673,3.4874139906953303,211.74258858816964,204.96765960693358,211.74258858816964,204.96765960693358,0.9382210289967471,0.9088211887216775,1.81757989055416,1.3172183765546632,0.905834749217861,0.9139236403396648,49.88672064208984,287.0569856303356
noise-game,scale,mnist,42,500,100,1.1,1.0,0.05,iid,1.0,50,19,3.6141576701957496,0.8652372294664383,0.515391144528985,nan,0.9313084979852041,6.530215010643006,1000.0,0.0,nan,0,88,0,11182,0.8995090806186808,0.9077194121634435,3909.9187841571484,584.3591064664103,0.9122690061728159,0.9023406660556793,1.451232667904783,3.5406991425336156,202.8020519680447,204.69030670166015,202.8020519680447,204.69030670166015,0.8995090806186808,0.9077194121634435,1.8691259628305497,1.3179541123667113,0.9038551586159205,0.9064669887074627,48.23893521118164,257.62889752293944
noise-game,scale,mnist,42,500,100,1.1,1.0,0.05,iid,1.0,50,20,3.6610932374777088,0.8667672283947467,0.5044743937253952,nan,0.7841871367259459,6.669677119255066,1000.0,0.0,nan,0,84,0,11182,0.8975003443309414,0.9034178517883257,4141.349524632173,557.8336290107744,0.903790603984486,0.8965629440546036,1.5123146562577399,3.5833800583249524,202.51170626553622,203.85784744262696,202.51170626553622,203.85784744262696,0.8975003443309414,0.9034178517883257,1.9265277366711824,1.3134223725150367,0.8978662925665496,0.902350760279617,49.682084564208985,293.7861048859705
noise-game,scale,mnist,42,500,100,1.1,1.0,0.05,iid,1.0,50,21,3.7070928040482767,0.8682149785757065,0.4946212060004473,nan,0.8862343708674113,6.7437495470046995,1000.0,0.0,nan,0,21,0,10713,0.9029763866851498,0.9048488514821584,4297.970364750449,539.4790717234322,0.8860178430875142,0.8837078243494034,1.5459948877823582,3.6187438999451773,203.34720052083333,204.02285675048827,203.34720052083333,204.02285675048827,0.9029763866851498,0.9048488514821584,1.960544690214922,1.3148158249486512,0.8840091311413308,0.9046046169434182,46.904987365722654,236.8349252871999
noise-game,scale,mnist,42,500,100,1.1,1.0,0.05,iid,1.0,50,22,3.758253115643665,0.8695014791190624,0.48603851184248925,nan,1.0087154403976772,6.83346010684967,1000.0,0.0,nan,0,96,0,11250,0.9064557972071864,0.9031985099492483,4424.066672973785,522.6708147648769,0.8704865237940913,0.8745453536510468,1.597348525796823,3.6538304205052357,204.37258446734884,203.7490966796875,204.37258446734884,203.7490966796875,0.9064557972071864,0.9031985099492483,2.0086449047385058,1.312099932361253,0.8737863854664129,0.9038075961844725,50.150958221435545,308.0412299097694
noise-game,scale,mnist,42,500,100,1.1,1.0,0.05,iid,1.0,50,23,3.8048802013797376,0.8705529797077179,0.47804798260331155,nan,0.9407105776998732,6.851570782661438,1000.0,0.0,nan,0,36,0,10908,0.8863965729782132,0.9074997853052877,4523.881543505701,507.8432931913709,0.8843812644481659,0.8578207612037658,1.6553649995819535,3.6872958429842533,200.00250752766928,204.77287704467773,200.00250752766928,204.77287704467773,0.8863965729782132,0.9074997853052877,2.0617511682624134,1.3050324745294224,0.8618723633935896,0.9042806512214966,48.15466567993164,264.4283942044794
noise-game,scale,mnist,42,500,100,1.1,1.0,0.05,iid,1.0,50,24,3.8506236077473996,0.8715079782903195,0.47110740512609484,nan,0.9329942323659596,6.878988313674927,1000.0,0.0,nan,0,38,0,10994,0.8924428302796933,0.9094556920301183,4753.980555145225,496.45186332685375,0.8654828102965104,0.8438552242517471,1.7069358500499983,3.720377439387056,201.19089467901932,205.24335845947266,201.19089467901932,205.24335845947266,0.8924428302796933,0.9094556920301183,2.10962416791741,1.2995577059420125,0.8473083682420874,0.906739352759042,48.69392568969727,279.9416337608893
noise-game,scale,mnist,42,500,100,1.1,1.0,0.05,iid,1.0,50,25,3.8965471946154837,0.8725992296636105,0.4643670504540205,nan,0.7510066330432892,6.9252884531021115,1000.0,0.0,nan,0,28,0,10766,0.8333583518190923,0.9084370631630676,4557.255955963167,485.0810932887138,0.9299466950552804,0.8335437214374543,1.767503656047408,3.7538895837608353,187.91744777134485,204.86018463134766,187.91744777134485,204.86018463134766,0.8333583518190923,0.9084370631630676,2.164780841590093,1.2908526503149071,0.8453826831098188,0.8992168705418775,46.23372546386719,224.61938542471142
noise-game,scale,mnist,42,500,100,1.1,1.0,0.05,iid,1.0,50,26,3.945688858614343,0.8734772282838822,0.458249514773488,nan,0.8444325345404008,6.9847048473358155,1000.0,0.0,nan,0,47,0,10379,0.9193588896786548,0.9052827654396031,5107.129862319032,473.10418132060374,0.8076557955321144,0.8259115445613862,1.8139175726028731,3.788210957486899,207.67987778607537,204.195380859375,207.67987778607537,204.195380859375,0.9193588896786548,0.9052827654396031,2.2087762495796777,1.2861566591074773,0.8232589998306372,0.9073280142606617,47.900192016601565,268.2632515829679
noise-game,scale,mnist,42,500,100,1.1,1.0,0.05,iid,1.0,50,27,3.9922586334437433,0.8741887274384499,0.4530029495805502,nan,0.8993895209353903,7.004169917106628,1000.0,0.0,nan,0,173,0,10527,0.8830394022181483,0.9049107571056254,5077.8058136145355,461.3733441518816,0.8432497744974883,0.8145990771055222,1.8716884062322747,3.8226959413574555,199.09245233950406,204.1696043395996,199.09245233950406,204.1696043395996,0.8830394022181483,0.9049107571056254,2.2618899132573107,1.2783516579916043,0.8199565245853206,0.9008209915575607,49.99217367553711,325.85373625664505
noise-game,scale,mnist,42,500,100,1.1,1.0,0.05,iid,1.0,50,28,4.032550771902852,0.8749834784865379,0.4478831073641777,nan,0.8377085820986674,6.944428110122681,1000.0,0.0,nan,0,117,0,11529,0.8675690767647689,0.9105290792680979,5128.457615962442,456.30018130754985,0.8520934902704679,0.7952518302202225,1.9425810368779033,3.8559226237538495,195.6615665142353,205.29963485717772,195.6615665142353,205.29963485717772,0.8675690767647689,0.9105290792680979,2.325249354253093,1.2676588169366108,0.8069810616591621,0.9016643168467761,51.23432843017578,357.93983229155697
noise-game,scale,mnist,42,500,100,1.1,1.0,0.05,iid,1.0,50,29,4.070734931331319,0.8757239778339863,0.44313550621271136,nan,0.8135159081882901,6.925230693817139,1000.0,0.0,nan,0,24,0,10760,0.8788375783793296,0.9116589620705029,5385.98520235417,445.839941774701,0.8254973027441237,0.7816339033842087,1.9777384944547953,3.889662336640299,198.49658881293402,205.63203170776367,198.49658881293402,205.63203170776367,0.8788375783793296,0.9116589620705029,2.360123262891896,1.2674804441510739,0.7883249304052127,0.9066523103210019,48.27228353881836,283.0634556396903
noise-game,scale,mnist,42,500,100,1.1,1.0,0.05,iid,1.0,50,30,4.109479327727484,0.8763012291491031,0.4390106975287199,nan,0.9095456210466532,6.905874409675598,1000.0,0.0,nan,0,125,0,10981,0.8687458161769264,0.9119888532426793,5298.938145624871,444.65031042397925,0.8273158084887725,0.7689438140392304,2.044155476979024,3.922512687500035,195.8999287531926,205.88000106811523,195.8999287531926,205.88000106811523,0.8687458161769264,0.9119888532426793,2.4198269190832264,1.256490892030246,0.7809888287669137,0.9030656868640319,51.36279650878906,364.47484565728917
noise-game,scale,mnist,42,500,100,1.1,1.0,0.05,iid,1.0,50,31,4.15171429011389,0.8768124797940254,0.4351227162033319,nan,1.1638110455344706,6.916246056556702,1000.0,0.0,nan,0,61,0,10777,0.8464487317821338,0.9091997656802147,5324.672223080422,433.357124814825,0.8459305412629071,0.7603742057085037,2.07468936719455,3.9559559778726863,191.02880231071921,205.05563659667968,191.02880231071921,205.05563659667968,0.8464487317821338,0.9091997656802147,2.450942689330178,1.2584574267247113,0.7728054681394854,0.9000820940881858,47.50610659790039,267.71028054769937
noise-game,scale,mnist,42,500,100,1.1,1.0,0.05,iid,1.0,50,32,4.185468538170778,0.8773694774508476,0.4315076473355293,nan,0.9860740646719932,6.886809229850769,1000.0,0.0,nan,0,40,0,11400,0.8423007338925117,0.9090134491729687,5387.605106468883,429.6325394463464,0.8400442734360695,0.7481723409891129,2.1326530869622013,3.989520021491074,190.06035537719725,205.0196226501465,190.06035537719725,205.0196226501465,0.8423007338925117,0.9090134491729687,2.5040264738679756,1.248785204077282,0.7634843297302722,0.8978946632928922,48.606338745117185,301.43071214802467
noise-game,scale,mnist,42,500,100,1.1,1.0,0.05,iid,1.0,50,33,4.223150177821161,0.8778457280993461,0.4282863218337297,nan,1.133974489238527,6.850643124580383,1000.0,0.0,nan,0,58,0,10744,0.8290778238823822,0.9087599715672551,5390.578456314524,421.89469143394905,0.8467791709634993,0.735943843126297,2.1721715731898232,4.023511974034933,186.78187645806207,205.00497192382812,186.78187645806207,205.00497192382812,0.8290778238823822,0.9087599715672551,2.5424396533588456,1.246167750761367,0.7528509270336669,0.896605067683122,47.725141937255856,278.43976271411265
noise-game,scale,mnist,42,500,100,1.1,1.0,0.05,iid,1.0,50,34,4.271423676787088,0.8782074771821499,0.4253953668475151,nan,1.1397576404028926,6.789004735946655,1000.0,0.0,nan,0,230,0,11696,0.8476325420721321,0.9098917154070708,5559.408071147752,415.9597210584588,0.8091207023324638,0.7216498267650604,2.2185129844113463,4.057753898882736,191.4608506827519,205.17019943237304,191.4608506827519,205.17019943237304,0.8476325420721321,0.9098917154070708,2.586361167305624,1.2430793483922395,0.741313822047655,0.8958954671379762,52.13876922607422,405.63761233826125
noise-game,scale,mnist,42,500,100,1.1,1.0,0.05,iid,1.0,50,35,4.331418355155401,0.8786624786257744,0.4225000348687172,nan,1.138150630518794,6.737762207984924,1000.0,0.0,nan,0,53,0,11053,0.8336052532325572,0.9096535353639374,5631.757725214408,412.93529800038647,0.8170578368008137,0.7091401875019073,2.257073141693153,4.092022661637227,188.02263164520264,205.12178649902344,188.02263164520264,205.12178649902344,0.8336052532325572,0.9096535353639374,2.6240630456819676,1.2388034395684886,0.7240253805086531,0.8991641171389195,47.04108151245117,262.80330680693834
noise-game,scale,mnist,42,500,100,1.1,1.0,0.05,iid,1.0,50,36,4.383502181841347,0.8790227268636227,0.419695553034544,nan,0.8741635192524303,6.571853470802307,1000.0,0.0,nan,0,160,0,10870,0.807489624167993,0.917259712118727,5677.048770280151,411.12776703944076,0.8426013697277416,0.6852646738290786,2.3281774486675637,4.123900053712594,182.179387179288,206.84216705322265,182.179387179288,206.84216705322265,0.807489624167993,0.917259712118727,2.6873219696765696,1.2195603682212621,0.713636864892772,0.8974651060948242,49.3843264465332,332.01569930021475
noise-game,scale,mnist,42,500,100,1.1,1.0,0.05,iid,1.0,50,37,4.442479011213529,0.879447976052761,0.4172347693890333,nan,1.0190421747309821,6.508234295845032,1000.0,0.0,nan,0,25,0,10597,0.8155137906770376,0.9168033882344295,5802.618013639735,407.91163774153347,0.8193524565015521,0.6727120000123977,2.3749136833736966,4.156203904971859,183.7962864467076,206.78099563598633,183.7962864467076,206.78099563598633,0.8155137906770376,0.9168033882344295,2.731171727693329,1.2086447120763553,0.6907204771251009,0.9043643148501885,46.502495147705076,244.05563193021925
noise-game,scale,mnist,42,500,100,1.1,1.0,0.05,iid,1.0,50,38,4.4887177379913,0.8796362255513668,0.41520252339541913,nan,1.1383702186867595,6.520337567329407,1000.0,0.0,nan,0,399,0,11641,0.8647031966275294,0.9106303198112085,6136.431304032529,402.50754727946014,0.7355578411370516,0.6683993166685105,2.40878796892254,4.191066453012093,194.95299434661865,205.5193765258789,194.95299434661865,205.5193765258789,0.8647031966275294,0.9106303198112085,2.76524366574045,1.2132037540093092,0.6846801710851265,0.89949647176668,53.580866943359375,473.2331129139739
noise-game,scale,mnist,42,500,100,1.1,1.0,0.05,iid,1.0,50,39,4.535079171034371,0.8800357277691364,0.4128770036995411,nan,0.9088883236050606,6.3343379068374634,1000.0,0.0,nan,0,403,0,10791,0.8233225577758511,0.9178892160163075,5879.086418695561,404.08829993742177,0.7839683949947357,0.6442952570319176,2.452808037084836,4.223725789368125,185.84867248535156,207.02820693969727,185.84867248535156,207.02820693969727,0.8233225577758511,0.9178892160163075,2.8069915875414946,1.2064968029024137,0.6675741133590539,0.9021281063095649,48.839588287353514,315.9811167353068
noise-game,scale,mnist,42,500,100,1.1,1.0,0.05,iid,1.0,50,40,4.586109858915423,0.8803379781544208,0.4108954691886902,nan,1.131489006181558,6.212069296836853,1000.0,0.0,nan,0,433,0,11073,0.8045200446496324,0.9201882001464964,6007.793257565138,401.92782544805084,0.799797127644221,0.6272405165433884,2.500803202686919,4.255960320951395,181.52978070576987,207.5350798034668,181.52978070576987,207.5350798034668,0.8045200446496324,0.9201882001464964,2.8518346263398144,1.1993310051722905,0.6606385703048399,0.8978008152116195,50.220445434570316,368.7596414527368
noise-game,scale,mnist,42,500,100,1.1,1.0,0.05,iid,1.0,50,41,4.645985090630453,0.880480228215456,0.409431024491787,nan,1.3576273262500762,6.112869634628296,1000.0,0.0,nan,0,818,0,11006,0.7758324519063031,0.9205116673912691,5800.25399634454,400.48698063491815,0.8309618631998698,0.6129566481709481,2.5558918956724073,4.288352726760355,174.9567413330078,207.62033340454101,174.9567413330078,207.62033340454101,0.7758324519063031,0.9205116673912691,2.9023840618899968,1.2004566289754797,0.663265543946853,0.8871241561255078,52.02147116088867,428.1126359076561
noise-game,scale,mnist,42,500,100,1.1,1.0,0.05,iid,1.0,50,42,4.718620608320802,0.8808372285962105,0.40738114446401597,nan,0.9503458685734693,6.037705936431885,1000.0,0.0,nan,0,247,0,10657,0.7702793640134233,0.9188814045734551,5912.158207454756,398.50808786959766,0.8276644208851982,0.601497828066349,2.6075077239087556,4.320948364969666,173.86963788200828,207.28080688476564,173.86963788200828,207.28080688476564,0.7702793640134233,0.9188814045734551,2.9501958521209377,1.190682169320959,0.6343596406981477,0.8972896550903734,47.36772906494141,280.7149966273812
noise-game,scale,mnist,42,500,100,1.1,1.0,0.05,iid,1.0,50,43,4.775210827603311,0.8809619762003422,0.40592948980629445,nan,1.136801515817642,5.986237616539001,1000.0,0.0,nan,0,577,0,10743,0.7603062446128886,0.91546010698822,5703.131221512849,395.736149553833,0.8312135052680969,0.592702063024044,2.664408238045869,4.354497009455341,171.43431396484374,206.5959144592285,171.43431396484374,206.5959144592285,0.7603062446128886,0.91546010698822,3.0024259923277636,1.1838640869319974,0.6404043514728546,0.8844293345131538,49.89089859008789,364.30379098640907
noise-game,scale,mnist,42,500,100,1.1,1.0,0.05,iid,1.0,50,44,4.840718722320369,0.8811514781415463,0.40463947288692,nan,1.1722425630799047,5.844182043075562,1000.0,0.0,nan,0,563,0,10529,0.768462434166922,0.9175847237460291,5864.050985647769,395.33318481097604,0.8068028313142283,0.575259575843811,2.7324619240938777,4.387553177126306,173.35530485930266,207.05011138916015,173.35530485930266,207.05011138916015,0.768462434166922,0.9175847237460291,3.0634801747003633,1.1693797552840235,0.6244853073217738,0.885881559819762,50.77120874023438,395.72539018717475
noise-game,scale,mnist,42,500,100,1.1,1.0,0.05,iid,1.0,50,45,4.875008731368998,0.8813912272453308,0.403350141197443,nan,1.3458248388767242,5.695456697940826,1000.0,0.0,nan,0,1106,0,10712,0.7798833810610758,0.9197758637599859,5997.40835788093,394.8939142404482,0.7768993902206421,0.5575043049454689,2.7634674757700988,4.420003984602387,175.91130004882814,207.58881729125977,175.91130004882814,207.58881729125977,0.7798833810610758,0.9197758637599859,3.094774777536556,1.178070315816038,0.6013833220005036,0.8917973672202039,50.31332846069336,378.8492007421361
noise-game,scale,mnist,42,500,100,1.1,1.0,0.05,iid,1.0,50,46,5.088420532588244,0.8816287285089492,0.4018493951112032,nan,1.326295053958893,5.450082247257233,1000.0,0.0,nan,0,1002,0,9820,0.7445237646639205,0.9275229220975225,6009.417466614366,397.6583290031797,0.82061927318573,0.5307350686192512,2.799256633945222,4.451180469568495,167.9277364095052,209.1151560974121,167.9277364095052,209.1151560974121,0.7445237646639205,0.9275229220975225,3.1296414010698763,1.1796110393768844,0.5685460518235745,0.903653466780096,46.86086331176758,259.8141897990669
noise-game,scale,mnist,42,500,100,1.1,1.0,0.05,iid,1.0,50,47,5.088420532588244,0.8816289763152599,0.4010929584503174,nan,1.3689996397921018,5.351854310035706,1000.0,0.0,nan,0,1969,0,10245,0.7587100187766515,0.9258844810050246,5894.744974886162,397.9613673113247,0.7860683756215232,0.5185902068018913,2.8632062825353923,4.482316417062342,171.22129494803292,208.9794970703125,171.22129494803292,208.9794970703125,0.7587100187766515,0.9258844810050246,3.187028309440781,1.1698350654858338,0.5771010562311858,0.8893150673925679,51.38429193115234,409.6979920558899
noise-game,scale,mnist,42,500,100,1.1,1.0,0.05,iid,1.0,50,48,5.088420532588244,0.88187997803092,0.399773224145174,nan,1.3537736013531685,5.153719971179962,1000.0,0.0,nan,0,316,0,10212,0.7778785059278,0.9299790652777609,6271.031771414339,399.3686965444,0.7428904585540295,0.49708463802933694,2.884672062776018,4.51145365542071,175.584303855896,209.75307189941407,175.584303855896,209.75307189941407,0.7778785059278,0.9299790652777609,3.210028381304956,1.1765281415360829,0.530988889136191,0.9089996777812146,47.569312103271486,280.5467559941389
noise-game,scale,mnist,42,500,100,1.1,1.0,0.05,iid,1.0,50,49,5.088420532588244,0.8819939789175987,0.3988027523458004,nan,1.5267151705920696,5.0415262246131896,1000.0,0.0,nan,0,463,0,10269,0.7456166491525434,0.9286519527735473,5911.340788922549,402.2856175398993,0.7829178497195244,0.48414635479450224,2.899570960619004,4.540982397284882,168.30580615997314,209.39922973632812,168.30580615997314,209.39922973632812,0.7456166491525434,0.9286519527735473,3.2278532479521793,1.1894372952042123,0.5253562161634708,0.9034057039982364,47.26563174438476,269.62002875350146
noise-game,scale,mnist,42,500,100,1.1,1.0,0.05,iid,1.0,50,50,5.088420532588244,0.8816122297942638,0.3991046492755413,0.0,1.3095360270568304,2.622296543121338,1000.0,0.0,0.0,0,70,10579,773,0.7494246335032232,0.0,6138.040653111156,0.0,0.764407665956588,0.0,2.9521322675168036,0.0,169.01702372233072,0.0,169.01702372233072,0.0,0.7494246335032232,0.0,2.9521322675168036,1.1047820993685795,0.764407665956588,0.7494246335032232,8.873393745422364,322.24713428833564
noise-game,scale,mnist,42,500,100,1.1,1.0,0.05,iid,1.0,50,51,5.189122391698059,0.8800064778327942,0.4040685538947582,0.012186110582038065,1.4641661749166601,2.732923376560211,1000.0,0.19444444444444445,0.005662143239782991,55,215,10329,373,0.7291159411379197,0.0,6050.313605359095,0.0,0.785809643128339,0.0,2.9921022047732015,0.0,164.50267477596506,0.0,164.50267477596506,0.0,0.7291159411379197,0.0,2.9921022047732015,1.111105499687834,0.785809643128339,0.7291159411379197,6.991363677978516,257.1383282277616
noise-game,scale,mnist,42,500,100,1.1,1.0,0.05,iid,1.0,50,52,5.194253122102357,0.8751552288234233,0.44109970979392527,0.006944444444444444,1.4762207059299244,3.332134087085724,1000.0,0.03125,0.003105590062111801,42,94,10142,318,0.6927980348098869,0.0,5648.548592992127,0.0,0.8358241845579708,0.0,3.044672750615876,0.0,156.34491325827207,0.0,156.34491325827207,0.0,0.6927980348098869,0.0,3.044672750615876,1.1236335026924795,0.8358241845579708,0.6927980348098869,6.644658813476562,240.0633152021654
noise-game,scale,mnist,42,500,100,1.1,1.0,0.05,iid,1.0,50,53,5.194253122102357,0.8563147289678454,1.0122448524087668,0.24525146082208224,1.174840240014924,6.555628590583801,1000.0,0.7307692307692307,0.13318394664514246,133,6,10455,812,0.7355586075016629,0.0,6418.777019878678,0.0,0.7514328592353396,0.0,3.0845628715595463,0.0,165.7628877427843,0.0,165.7628877427843,0.0,0.7355586075016629,0.0,3.0845628715595463,1.1290569234553316,0.7514328592353396,0.7355586075016629,7.459329948425293,288.8449658945405
noise-game,scale,mnist,42,500,100,1.1,1.0,0.05,iid,1.0,50,54,5.194253122102357,0.8491052289679647,5.661720086708665,0.2514115933171573,1.4046031382794564,16.904162454605103,1000.0,0.55,0.14167357440938336,101,27,10600,1038,0.7499206345239056,0.0,5595.655512984401,0.0,0.7131310450629547,0.0,3.1370439909442536,0.0,169.35851229154147,0.0,169.35851229154147,0.0,0.7499206345239056,0.0,3.1370439909442536,1.1500345107622465,0.7131310450629547,0.7499206345239056,11.008303298950196,363.71760834398606
noise-game,scale,mnist,42,500,100,1.1,1.0,0.05,iid,1.0,50,55,5.250685498948482,0.8458457284793258,28.375517683029173,0.0,1.3133261899153392,38.90385852813721,1000.0,0.0,0.0,0,216,10092,80,0.7403128588191173,0.0,6025.226713724939,0.0,0.7168505032857259,0.0,3.1617866476848837,0.0,166.80028686523437,0.0,166.80028686523437,0.0,0.7403128588191173,0.0,3.1617866476848837,1.1574517383929843,0.7168505032857259,0.7403128588191173,6.255010757446289,225.94600176468512
noise-game,scale,mnist,42,500,100,1.1,1.0,0.05,iid,1.0,50,56,5.514759376125067,0.8398649784922599,556.0322475847602,0.0,0.930329809586207,126.18506240844727,1000.0,0.0,0.0,0,246,10126,40,0.7298929060661637,0.0,6008.608927806547,0.0,0.7264302720626196,0.0,3.1932720027096337,0.0,164.71850458780924,0.0,164.71850458780924,0.0,0.7298929060661637,0.0,3.1932720027096337,1.1543024946779574,0.7264302720626196,0.7298929060661637,4.9415551376342775,180.25826783419637
noise-game,scale,mnist,42,500,100,1.1,1.0,0.05,iid,1.0,50,57,5.514759376125067,0.829064730424434,23529.19020657085,0.008561722561364973,0.9508145558834076,536.5979217529297,1000.0,0.0318840579710145,0.003912286167440807,73,640,10346,159,0.7008452980662941,0.0,6007.015182389549,0.0,0.775446021258831,0.0,3.301698812406357,0.0,158.08666870117187,0.0,158.08666870117187,0.0,0.7008452980662941,0.0,3.301698812406357,1.1247722773724398,0.775446021258831,0.7008452980662941,9.880416793823242,375.43844889934684
noise-game,scale,mnist,42,500,100,1.1,1.0,0.05,iid,1.0,50,58,5.514759376125067,0.8094057298451662,774746.3196361852,0.00667311411992263,1.152329426948671,2501.896416015625,1000.0,0.03472222222222222,0.0028998778998779,61,906,10602,179,0.7160241696684427,0.0,6012.062106623048,0.0,0.7264890334120503,0.0,3.3913798031222497,0.0,161.43019386574073,0.0,161.43019386574073,0.0,0.7160241696684427,0.0,3.3913798031222497,1.1282674668436947,0.7264890334120503,0.7160241696684427,10.8965380859375,405.81419219705583
noise-game,scale,mnist,42,500,100,1.1,1.0,0.05,iid,1.0,50,59,5.514759376125067,0.7952269791811705,9815951.359601473,0.05859088707338466,1.0073101330548524,9476.764150390625,1000.0,0.1955952380952381,0.03200118189768974,391,640,10087,82,0.7505055771125001,0.0,5662.883624073977,0.0,0.6502369478344917,0.0,3.443468941350495,0.0,169.28992080688477,0.0,169.28992080688477,0.0,0.7505055771125001,0.0,3.443468941350495,1.128476403759137,0.6502369478344917,0.7505055771125001,8.464496040344239,283.1441812036989
noise-game,scale,mnist,42,500,100,1.1,1.0,0.05,iid,1.0,50,60,5.514759376125067,0.7829924794193357,212740740.70359826,0.09882658133302423,1.1067856287255007,41565.764921875,1000.0,0.40844155844155844,0.05798105181384106,729,636,9750,47,0.7881974917745557,0.0,4706.13486794391,0.0,0.5638105318169383,0.0,3.4709701863170594,0.0,177.82348812327666,0.0,177.82348812327666,0.0,0.7881974917745557,0.0,3.4709701863170594,1.1379891122969197,0.5638105318169383,0.7881974917745557,7.557498245239258,200.01073188761617
noise-game,scale,mnist,42,500,100,1.1,1.0,0.05,iid,1.0,50,61,5.514759376125067,0.7710717315599322,2053879319.9893632,0.3201309344256846,1.3370105514400883,151784.11125,1000.0,0.36994734432234433,0.24450063482727546,2076,557,8319,102,0.6889543145891498,0.0,5900.457098772699,0.0,0.7430458398241746,0.0,3.5349351253810744,0.0,155.4838313052529,0.0,155.4838313052529,0.0,0.6889543145891498,0.0,3.5349351253810744,1.1343877838584233,0.7430458398241746,0.6889543145891498,7.385481986999512,280.2717121917033
noise-game,scale,mnist,42,500,100,1.1,1.0,0.05,iid,1.0,50,62,5.567899464788365,0.759129731208086,50130503374.59519,0.17356140079281637,1.1180069514296271,679767.438125,1000.0,0.19163832199546485,0.10876744207487998,1502,548,8853,119,0.6979398353548674,0.0,5649.467779407184,0.0,0.7138389193198897,0.0,3.6125528169350307,0.0,157.54557939009234,0.0,157.54557939009234,0.0,0.6979398353548674,0.0,3.6125528169350307,1.1357180472081805,0.7138389193198897,0.6979398353548674,8.665006866455078,310.7207278673951
noise-game,scale,mnist,42,500,100,1.1,1.0,0.05,iid,1.0,50,63,5.567899464788365,0.7495959826186299,975775839887.175,0.32836014849097594,1.1133453376867153,2606195.65,1000.0,0.2881382669617964,0.25030368517355917,2892,671,7535,182,0.7706362438533904,0.0,5040.188351312144,0.0,0.5536966283840162,0.0,3.6663362202495278,0.0,173.82876812970196,0.0,173.82876812970196,0.0,0.7706362438533904,0.0,3.6663362202495278,1.1508263002871468,0.5536966283840162,0.7706362438533904,11.733441848754882,340.2127137135696
noise-game,scale,mnist,42,500,100,1.1,1.0,0.05,iid,1.0,50,64,5.567899464788365,0.7337379812449217,26903999343484.05,0.19071724009950897,1.2394258613171785,11231288.85,1000.0,0.35752357140281876,0.1212621869405545,1573,1147,9334,58,0.7694657945291851,0.0,4513.648620000422,0.0,0.5470451351417147,0.0,3.728757920424365,0.0,173.40944041376528,0.0,173.40944041376528,0.0,0.7694657945291851,0.0,3.728757920424365,1.1484599363885906,0.5470451351417147,0.7694657945291851,9.971042823791503,259.53479565002425
noise-game,scale,mnist,42,500,100,1.1,1.0,0.05,iid,1.0,50,65,5.689234104503979,0.7200392317399382,316102697560572.94,0.29510152758590885,1.0722442500293254,42096348.56,1000.0,0.35274418411344755,0.19660165188140036,2498,913,8182,105,0.7452220072768531,0.0,4512.3546162102275,0.0,0.5758213253319263,0.0,3.777307364605681,0.0,168.15327209472656,0.0,168.15327209472656,0.0,0.7452220072768531,0.0,3.777307364605681,1.1651594348071812,0.5758213253319263,0.7452220072768531,10.50957950592041,282.0221635131392
noise-game,scale,mnist,42,500,100,1.1,1.0,0.05,iid,1.0,50,66,5.689234104503979,0.7180647311173379,1944505809819777.2,0.3213928610829651,1.2296166593829791,186869475.04,1000.0,0.21138344226579522,0.2025015553447766,2335,314,7841,108,0.6924092862450391,0.0,5565.477484114751,0.0,0.6608846707579991,0.0,3.813024970609545,0.0,156.14468638102213,0.0,156.14468638102213,0.0,0.6924092862450391,0.0,3.813024970609545,1.1823156093558285,0.6608846707579991,0.6924092862450391,7.026510887145996,250.44648678516378
noise-game,scale,mnist,42,500,100,1.1,1.0,0.05,iid,1.0,50,67,5.691191814441116,0.7121447324566543,4.411566884975644e+16,0.36559281173848474,1.1290253441442142,696668103.68,1000.0,0.23741607754212798,0.28579502908607496,2842,422,7391,149,0.6622788374766735,0.0,5680.37441937247,0.0,0.7353390685536645,0.0,3.9018193155341017,0.0,149.42908963290128,0.0,149.42908963290128,0.0,0.6622788374766735,0.0,3.9018193155341017,1.1557607798210923,0.7353390685536645,0.6622788374766735,8.21859992980957,312.4205930654859
noise-game,scale,mnist,42,500,100,1.1,1.0,0.05,iid,1.0,50,68,5.952189198986783,0.700966232009232,1.087029886487996e+18,0.3609371041481801,1.4277470384258777,3058187975.68,1000.0,0.2810789049919485,0.2734866795347968,2385,664,8043,190,0.6851113731548353,0.0,5075.369744165056,0.0,0.6639342810182521,0.0,3.986571991900206,0.0,154.5071337664569,0.0,154.5071337664569,0.0,0.6851113731548353,0.0,3.986571991900206,1.1633384136817833,0.6639342810182521,0.6851113731548353,10.42923152923584,342.5874577311413
noise-game,scale,mnist,42,500,100,1.1,1.0,0.05,iid,1.0,50,69,6.083473615174472,0.7006987326964736,4.854741196937377e+18,0.4958592132505175,0.8376174407700697,11422969896.96,1000.0,0.31313131313131315,0.35515202702702703,3228,153,6811,38,0.6880861208855894,0.0,5199.00109539077,0.0,0.6706935836312672,0.0,4.029742936238688,0.0,155.3631273905436,0.0,155.3631273905436,0.0,0.6880861208855894,0.0,4.029742936238688,1.1425539631687665,0.6706935836312672,0.6880861208855894,4.660893821716309,155.9700328617231
noise-game,scale,mnist,42,500,100,1.1,1.0,0.05,iid,1.0,50,70,6.083473615174472,0.6960482325777412,1.610286447884199e+20,0.3551596557174576,1.4287909017159388,49731908771.84,1000.0,0.43564847961762404,0.23849740082247212,3171,354,7052,39,0.6646601009349877,0.0,5808.3378423866825,0.0,0.6666163217562896,0.0,4.067898700010808,0.0,150.0031233567458,0.0,150.0031233567458,0.0,0.6646601009349877,0.0,4.067898700010808,1.1450284875145846,0.6666163217562896,0.6646601009349877,4.875101509094239,188.77097987756719
noise-game,scale,mnist,42,500,100,1.1,1.0,0.05,iid,1.0,50,71,6.094802461700585,0.6897754810005426,3.7811892508826046e+21,0.32343882889684017,1.2243036378503722,186221920092.16,1000.0,0.49128123338649654,0.22634837449472542,3295,535,7082,60,0.6938463822804248,0.0,4903.421037231536,0.0,0.609726359067923,0.0,4.101653359330283,0.0,156.54910637350645,0.0,156.54910637350645,0.0,0.6938463822804248,0.0,4.101653359330283,1.156504262035076,0.609726359067923,0.6938463822804248,6.653337020874023,208.3953940823402
noise-game,scale,mnist,42,500,100,1.1,1.0,0.05,iid,1.0,50,72,6.094802461700585,0.6856712339818478,4.0200128556322276e+22,0.4278999484726291,1.535289256190146,808540247818.24,1000.0,0.44503437383872163,0.28231972551592804,2991,349,7230,122,0.6335977633433489,0.0,6137.28061790274,0.0,0.7211657174323735,0.0,4.15925373688084,0.0,142.99107682077508,0.0,142.99107682077508,0.0,0.6335977633433489,0.0,4.15925373688084,1.1682947422684704,0.7211657174323735,0.6335977633433489,6.792076148986816,291.52082935038015
noise-game,scale,mnist,42,500,100,1.1,1.0,0.05,iid,1.0,50,73,6.196205339074048,0.6755494828335941,1.0827712124256448e+24,0.3071033516448638,1.307116430050329,3024835866787.84,1000.0,0.27627767123612,0.22304604278357817,2989,587,7388,118,0.6943329733401328,0.0,5160.07642827029,0.0,0.5807882613785889,0.0,4.2186342572155455,0.0,156.6329916249151,0.0,156.6329916249151,0.0,0.6943329733401328,0.0,4.2186342572155455,1.1736015803734245,0.5807882613785889,0.6943329733401328,9.006397018432617,296.7043946255417
noise-game,scale,mnist,42,500,100,1.1,1.0,0.05,iid,1.0,50,74,6.196205339074048,0.6736724833399057,1.3863468061032436e+25,0.5029024520435171,1.2358917855706655,13183478724034.56,1000.0,0.3211863912231559,0.3875492288217814,3427,460,6889,134,0.6789431263213425,0.0,5311.572393281713,0.0,0.6273742530887064,0.0,4.272693955802531,0.0,152.95502351459703,0.0,152.95502351459703,0.0,0.6789431263213425,0.0,4.272693955802531,1.16035350834144,0.6273742530887064,0.6789431263213425,7.265363616943359,252.29968868088136
noise-game,scale,mnist,42,500,100,1.1,1.0,0.05,iid,1.0,50,75,6.196205339074048,0.6694437333010137,2.6831748139259943e+26,0.4071924375132477,1.163390204702553,49363699021905.92,1000.0,0.5099420677361854,0.3090291989237042,3229,511,7116,88,0.7126337931647116,0.0,4568.291410614037,0.0,0.5041686157254797,0.0,4.306339803656329,0.0,160.697803698088,0.0,160.697803698088,0.0,0.7126337931647116,0.0,4.306339803656329,1.1635619629889626,0.5041686157254797,0.7126337931647116,7.63314567565918,216.99384200416674
noise-game,scale,mnist,42,500,100,1.1,1.0,0.05,iid,1.0,50,76,6.346604570693912,0.6660862331651152,3.459896092869097e+27,0.3746193353002112,1.3690619733598497,213272696580997.12,1000.0,0.2832677547233468,0.26590012044070727,3174,348,7012,82,0.6778050861904548,0.0,4807.014557071012,0.0,0.6057940571465426,0.0,4.344409870320148,0.0,152.80420854356555,0.0,152.80420854356555,0.0,0.6778050861904548,0.0,4.344409870320148,1.1549762537206585,0.6057940571465426,0.6778050861904548,6.876189384460449,216.31565506819553
noise-game,scale,mnist,42,500,100,1.1,1.0,0.05,iid,1.0,50,77,6.346604570693912,0.663947482034564,7.665195599471542e+28,0.3372055341632676,1.2689399203019482,801358244814520.4,1000.0,0.30937247474747476,0.22457071926122962,3006,548,7363,123,0.6956847089194925,0.0,4610.473173086725,0.0,0.5276712518894956,0.0,4.385788726805917,0.0,156.81990414574034,0.0,156.81990414574034,0.0,0.6956847089194925,0.0,4.385788726805917,1.158489418267382,0.5276712518894956,0.6956847089194925,8.233044967651367,242.049841587053
noise-game,scale,mnist,42,500,100,1.1,1.0,0.05,iid,1.0,50,78,6.405542037461651,0.6656624823063612,1.2517535652072365e+30,0.4054745157989547,0.9768538681923279,3479376097307525.0,1000.0,0.46845860793044436,0.27694676802079665,3423,600,7034,23,0.7410262783514688,0.0,3159.5917071424496,0.0,0.42085601282971247,0.0,4.398180356154073,0.0,167.05375453404017,0.0,167.05375453404017,0.0,0.7410262783514688,0.0,4.398180356154073,1.1661215407463106,0.42085601282971247,0.7410262783514688,5.846881408691406,110.58570974998577
noise-game,scale,mnist,42,500,100,1.1,1.0,0.05,iid,1.0,50,79,6.434750033456884,0.6590467350371182,1.021828872048488e+31,0.3870594360296878,1.4243514757407338,1.302336443955282e+16,1000.0,0.2367794486215539,0.26364660114660116,3251,283,6886,130,0.6213315040894622,0.0,6321.002021599866,0.0,0.7111860039202791,0.0,4.451670317433399,0.0,140.09570553428247,0.0,140.09570553428247,0.0,0.6213315040894622,0.0,4.451670317433399,1.154097445895513,0.7111860039202791,0.6213315040894622,6.654546012878418,300.24759602599363
noise-game,scale,mnist,42,500,100,1.1,1.0,0.05,iid,1.0,50,80,6.434750033456884,0.6538267327658832,5.133949748392021e+32,0.40421879924084486,0.7974229299503824,5.656369914768786e+16,1000.0,0.4293718258392171,0.2842888618953466,3222,946,7504,90,0.7389133262120582,0.0,3868.1120417748175,0.0,0.4049092953943688,0.0,4.484071290904745,0.0,166.689116768215,0.0,166.689116768215,0.0,0.7389133262120582,0.0,4.484071290904745,1.158300305271357,0.4049092953943688,0.7389133262120582,9.584624214172363,222.416442402052
noise-game,scale,mnist,42,500,100,1.1,1.0,0.05,iid,1.0,50,81,6.434750033456884,0.6489732335880398,inf,0.4259435944510954,0.754697896540165,2.1112014204227814e+17,1000.0,0.45034853070495334,0.319211487749165,3143,552,7244,81,0.7277725070718329,0.0,4259.229558804381,0.0,0.4134949638851379,0.0,4.5191175164147275,0.0,164.12906285336143,0.0,164.12906285336143,0.0,0.7277725070718329,0.0,4.5191175164147275,1.1515737179291794,0.4134949638851379,0.7277725070718329,7.796130485534668,202.3134040432081
noise-game,scale,mnist,42,500,100,1.1,1.0,0.05,iid,1.0,50,82,6.434750033456884,0.6510174830630422,inf,0.23076923076923078,1.3282022724548976,9.20514857308122e+17,1000.0,0.13636363636363638,0.16071428571428573,3694,50,6245,5,0.6031557260874228,0.0,6034.392192460346,0.0,0.8010910749435425,0.0,4.5431971663558794,0.0,135.79568735758463,0.0,135.79568735758463,0.0,0.6031557260874228,0.0,4.5431971663558794,1.1316511080704001,0.8010910749435425,0.6031557260874228,2.0369353103637695,90.5158828869052
noise-game,scale,mnist,42,500,100,1.1,1.0,0.05,iid,1.0,50,83,6.434750033456884,0.6463644840568304,inf,0.32178071167218514,1.1970802126452327,3.4580322885544653e+18,1000.0,0.29728886610465555,0.22371906322210583,3271,481,7039,67,0.6816757246593544,0.0,4550.770538975232,0.0,0.5399621964121858,0.0,4.581453284863671,0.0,153.9422175089518,0.0,153.9422175089518,0.0,0.6816757246593544,0.0,4.581453284863671,1.1115641179741198,0.5399621964121858,0.6816757246593544,6.927399787902832,204.78467425388538
noise-game,scale,mnist,42,500,100,1.1,1.0,0.05,iid,1.0,50,84,6.434750033456884,0.636105983108282,nan,0.42754955187159815,0.7615329286921769,1.4872690422090187e+19,1000.0,0.5529741755524414,0.31744058653617424,3020,953,7695,152,0.7222977432841696,0.0,3671.006135704085,0.0,0.38284907542169094,0.0,4.610551125974929,0.0,162.9015625,0.0,162.9015625,0.0,0.7222977432841696,0.0,4.610551125974929,1.1153720165023935,0.38284907542169094,0.7222977432841696,10.18134765625,229.43788348150534
noise-game,scale,mnist,42,500,100,1.1,1.0,0.05,iid,1.0,50,85,6.434750033456884,0.6370402335934341,nan,0.5381250633424546,1.5700742080807686,nan,1000.0,0.31092831962397177,0.37829030053138707,3692,387,6557,82,0.6435419151732404,0.0,4887.019846667711,0.0,0.6111678192391992,0.0,4.646509209470398,0.0,145.12579345703125,0.0,145.12579345703125,0.0,0.6435419151732404,0.0,4.646509209470398,1.1137765619443225,0.6111678192391992,0.6435419151732404,5.80503173828125,195.48079386670844
noise-game,scale,mnist,42,500,100,1.1,1.0,0.05,iid,1.0,50,86,6.479368730641875,0.6372747341357171,nan,0.4058722242976261,1.1271149897212653,nan,1000.0,0.3780615796727106,0.30026475744415093,3647,599,6761,65,0.7169737594789786,0.0,3374.274208090568,0.0,0.371621302990733,0.0,4.667634730207975,0.0,161.73735688862047,0.0,161.73735688862047,0.0,0.7169737594789786,0.0,4.667634730207975,1.1194677814866572,0.371621302990733,0.7169737594789786,7.682524452209472,160.278024884302
noise-game,scale,mnist,42,500,100,1.1,1.0,0.05,iid,1.0,50,87,6.863112176449898,0.6360774838551879,nan,0.4677529073906561,nan,nan,1000.0,0.5319401799832891,0.321790272960715,3704,405,6571,40,nan,0.0,nan,0.0,nan,0.0,4.6917212616064665,0.0,nan,0.0,nan,0.0,nan,0.0,4.6917212616064665,1.1069765829764553,nan,nan,nan,nan
noise-game,scale,mnist,42,500,100,1.1,1.0,0.05,iid,1.0,50,88,6.863112176449898,0.6315682334452868,nan,0.4245207247415972,nan,nan,1000.0,0.3811644127985957,0.30593256410803626,3698,467,6613,70,nan,0.0,nan,0.0,nan,0.0,4.707988369781782,0.0,nan,0.0,nan,0.0,nan,0.0,4.707988369781782,1.1134874010071443,nan,nan,nan,nan
noise-game,scale,mnist,42,500,100,1.1,1.0,0.05,iid,1.0,50,89,6.863112176449898,0.6232457351498306,nan,0.4247517749779345,nan,nan,1000.0,0.4435863762921226,0.30396973567939484,3691,643,6789,29,nan,0.0,nan,0.0,nan,0.0,4.738501951378134,0.0,nan,0.0,nan,0.0,nan,0.0,4.738501951378134,1.105456784149585,nan,nan,nan,nan
noise-game,scale,mnist,42,500,100,1.1,1.0,0.05,iid,1.0,50,90,6.981000583560478,0.6187927341647446,nan,0.36048967833248485,nan,nan,1000.0,0.25605817076256054,0.3101205647183378,3667,762,6802,207,nan,0.0,nan,0.0,nan,0.0,4.799575709027937,0.0,nan,0.0,nan,0.0,nan,0.0,4.799575709027937,1.0853588470912965,nan,nan,nan,nan
noise-game,scale,mnist,42,500,100,1.1,1.0,0.05,iid,1.0,50,91,6.981000583560478,0.6073254848457873,nan,0.3796625938531926,nan,nan,1000.0,0.3700000535893186,0.2762178468483582,3692,458,6602,48,nan,0.0,nan,0.0,nan,0.0,4.828252638502989,0.0,nan,0.0,nan,0.0,nan,0.0,4.828252638502989,1.076260948184303,nan,nan,nan,nan
noise-game,scale,mnist,42,500,100,1.1,1.0,0.05,iid,1.0,50,92,6.981000583560478,0.6079929848760366,nan,0.4338809011940721,nan,nan,1000.0,0.26374840616326684,0.3183786858808592,3682,421,6594,139,nan,0.0,nan,0.0,nan,0.0,4.850664823876158,0.0,nan,0.0,nan,0.0,nan,0.0,4.850664823876158,1.083416483192313,nan,nan,nan,nan
noise-game,scale,mnist,42,500,100,1.1,1.0,0.05,iid,1.0,50,93,7.282804697437304,0.5981629844009876,nan,0.3530698111869154,nan,nan,1000.0,0.25819158160416983,0.2651578672623297,3672,488,6621,95,nan,0.0,nan,0.0,nan,0.0,4.874100799175271,0.0,nan,0.0,nan,0.0,nan,0.0,4.874100799175271,1.0867018526533336,nan,nan,nan,nan
noise-game,scale,mnist,42,500,100,1.1,1.0,0.05,iid,1.0,50,94,7.282804697437304,0.5876097344234585,nan,0.42947602379519073,nan,nan,1000.0,0.4435499987224125,0.30981277438660965,3711,621,6751,29,nan,0.0,nan,0.0,nan,0.0,4.903104602763541,0.0,nan,0.0,nan,0.0,nan,0.0,4.903104602763541,1.0544869383663658,nan,nan,nan,nan
noise-game,scale,mnist,42,500,100,1.1,1.0,0.05,iid,1.0,50,95,7.282804697437304,0.5862107354961336,nan,0.4107547022520889,nan,nan,1000.0,0.2777526130324015,0.30167201537611743,3656,708,6840,174,nan,0.0,nan,0.0,nan,0.0,4.945672737041906,0.0,nan,0.0,nan,0.0,nan,0.0,4.945672737041906,1.036453971841028,nan,nan,nan,nan
noise-game,scale,mnist,42,500,100,1.1,1.0,0.05,iid,1.0,50,96,7.319849649266901,0.5688527370616794,nan,0.4801638694330646,nan,nan,1000.0,0.17206349206349206,0.39171785925517266,3712,359,6457,246,nan,0.0,nan,0.0,nan,0.0,4.97717656667125,0.0,nan,0.0,nan,0.0,nan,0.0,4.97717656667125,1.0356548944991395,nan,nan,nan,nan
noise-game,scale,mnist,42,500,100,1.1,1.0,0.05,iid,1.0,50,97,7.319849649266901,0.563545486126095,nan,0.449805434330374,nan,nan,1000.0,0.2987653812809682,0.3451393102691375,3726,584,6679,99,nan,0.0,nan,0.0,nan,0.0,5.008512798971987,0.0,nan,0.0,nan,0.0,nan,0.0,5.008512798971987,1.0303149734512833,nan,nan,nan,nan
noise-game,scale,mnist,42,500,100,1.1,1.0,0.05,iid,1.0,50,98,7.319849649266901,0.5542942357249558,nan,0.3482022775676352,nan,nan,1000.0,0.3291912035333088,0.25050343971575123,3710,382,6527,37,nan,0.0,nan,0.0,nan,0.0,5.024324415244715,0.0,nan,0.0,nan,0.0,nan,0.0,5.024324415244715,1.0277217005193902,nan,nan,nan,nan
noise-game,scale,mnist,42,500,100,1.1,1.0,0.05,iid,1.0,50,99,7.319849649266901,0.547688486110419,nan,0.40883004281676794,nan,nan,1000.0,0.34881962916045317,0.3127181370801418,3659,689,6851,75,nan,0.0,nan,0.0,nan,0.0,5.038669211925526,0.0,nan,0.0,nan,0.0,nan,0.0,5.038669211925526,1.028912017845548,nan,nan,nan,nan
noise-game,scale,mnist,42,500,100,1.1,1.0,0.05,iid,1.0,50,100,7.319849649266901,0.5347814865037799,nan,0.24398220999180548,nan,nan,1000.0,0.15128135449476326,0.17389743837914567,3757,249,6338,120,nan,0.0,nan,0.0,nan,0.0,5.064345985258611,0.0,nan,0.0,nan,0.0,nan,0.0,5.064345985258611,1.02190917204131,nan,nan,nan,nan
noise-game,scale,mnist,42,500,100,1.1,1.0,0.05,iid,1.0,50,101,7.319849649266901,0.5248944869823754,nan,0.3848651806672739,nan,nan,1000.0,0.4318840535379502,0.2942417556795622,3615,790,6960,73,nan,0.0,nan,0.0,nan,0.0,5.089698619715726,0.0,nan,0.0,nan,0.0,nan,0.0,5.089698619715726,1.015102561614735,nan,nan,nan,nan
noise-game,scale,mnist,42,500,100,1.1,1.0,0.05,iid,1.0,50,102,7.319849649266901,0.506026237346232,nan,0.3601716513461838,nan,nan,1000.0,0.30774193895292773,0.2664896945844191,3618,811,6959,102,nan,0.0,nan,0.0,nan,0.0,5.114648719889609,0.0,nan,0.0,nan,0.0,nan,0.0,5.114648719889609,1.0082349442647165,nan,nan,nan,nan
noise-game,scale,mnist,42,500,100,1.1,1.0,0.05,iid,1.0,50,103,7.319849649266901,0.4924842376075685,nan,0.4333646461024569,nan,nan,1000.0,0.38399933043985096,0.3141175519717472,3608,821,7010,113,nan,0.0,nan,0.0,nan,0.0,5.15106562280988,0.0,nan,0.0,nan,0.0,nan,0.0,5.15106562280988,0.9683477116057073,nan,nan,nan,nan
noise-game,scale,mnist,42,500,100,1.1,1.0,0.05,iid,1.0,50,104,7.34979149314646,0.47892498774453995,nan,0.4440245617484553,nan,nan,1000.0,0.45547983210746307,0.319044282222588,3615,888,7074,77,nan,0.0,nan,0.0,nan,0.0,5.174887627190708,0.0,nan,0.0,nan,0.0,nan,0.0,5.174887627190708,0.9624759793503386,nan,nan,nan,nan
noise-game,scale,mnist,42,500,100,1.1,1.0,0.05,iid,1.0,50,105,7.34979149314646,0.47415773794054983,nan,0.354528785722315,nan,nan,1000.0,0.3657150263501105,0.2718444734530914,3595,774,6947,52,nan,0.0,nan,0.0,nan,0.0,5.189781913068226,0.0,nan,0.0,nan,0.0,nan,0.0,5.189781913068226,0.9576691370704218,nan,nan,nan,nan
noise-game,scale,mnist,42,500,100,1.1,1.0,0.05,iid,1.0,50,106,7.459197439075445,0.457667238432914,nan,0.43667705796682277,nan,nan,1000.0,0.2973559180757323,0.31976343227736437,3667,726,6868,141,nan,0.0,nan,0.0,nan,0.0,5.202689718362029,0.0,nan,0.0,nan,0.0,nan,0.0,5.202689718362029,0.9661055438784097,nan,nan,nan,nan
noise-game,scale,mnist,42,500,100,1.1,1.0,0.05,iid,1.0,50,107,7.459197439075445,0.4412092389538884,nan,0.3820722739051132,nan,nan,1000.0,0.3100668979349221,0.29429168300874986,3694,549,6673,74,nan,0.0,nan,0.0,nan,0.0,5.211387560216395,0.0,nan,0.0,nan,0.0,nan,0.0,5.211387560216395,0.9725603433733848,nan,nan,nan,nan
noise-game,scale,mnist,42,500,100,1.1,1.0,0.05,iid,1.0,50,108,7.459197439075445,0.4326352390833199,nan,0.4559006336481304,nan,nan,1000.0,0.4442274106695822,0.3389524412406887,3726,602,6722,74,nan,0.0,nan,0.0,nan,0.0,5.23030735905461,0.0,nan,0.0,nan,0.0,nan,0.0,5.23030735905461,0.9688030669934306,nan,nan,nan,nan
noise-game,scale,mnist,42,500,100,1.1,1.0,0.05,iid,1.0,50,109,7.459197439075445,0.40767798986285925,nan,0.31610634290139505,nan,nan,1000.0,0.2314039213863193,0.2302917512782839,3475,1104,7291,186,nan,0.0,nan,0.0,nan,0.0,5.264575854734222,0.0,nan,0.0,nan,0.0,nan,0.0,5.264575854734222,0.9473925983753974,nan,nan,nan,nan
noise-game,scale,mnist,42,500,100,1.1,1.0,0.05,iid,1.0,50,110,7.459197439075445,0.3784114903770387,nan,0.3774777038325645,nan,nan,1000.0,0.21642456460949855,0.2704015839051798,3677,661,6765,271,nan,0.0,nan,0.0,nan,0.0,5.287822590820149,0.0,nan,0.0,nan,0.0,nan,0.0,5.287822590820149,0.9519287627821164,nan,nan,nan,nan
noise-game,scale,mnist,42,500,100,1.1,1.0,0.05,iid,1.0,50,111,7.459197439075445,0.3653039908967912,nan,0.37421731126196767,nan,nan,1000.0,0.30840674342342866,0.27021102042761114,3710,581,6692,79,nan,0.0,nan,0.0,nan,0.0,5.301817790458054,0.0,nan,0.0,nan,0.0,nan,0.0,5.301817790458054,0.9454367826129441,nan,nan,nan,nan
noise-game,scale,mnist,42,500,100,1.1,1.0,0.05,iid,1.0,50,112,7.459197439075445,0.3657854907773435,nan,0.41907046078463545,nan,nan,1000.0,0.43888736841223736,0.3040221286161578,3735,498,6610,27,nan,0.0,nan,0.0,nan,0.0,5.301817790458054,0.0,nan,0.0,nan,0.0,nan,0.0,5.301817790458054,0.9454367826129441,nan,nan,nan,nan
noise-game,scale,mnist,42,500,100,1.1,1.0,0.05,iid,1.0,50,113,7.459197439075445,0.350649740844965,nan,0.3825530246767758,nan,nan,1000.0,0.3336682917754339,0.28381256768293567,3620,770,6915,105,nan,0.0,nan,0.0,nan,0.0,5.314558264118238,0.0,nan,0.0,nan,0.0,nan,0.0,5.314558264118238,0.9425268296092556,nan,nan,nan,nan
noise-game,scale,mnist,42,500,100,1.1,1.0,0.05,iid,1.0,50,114,7.459197439075445,0.3420814910158515,nan,0.41906395995609896,nan,nan,1000.0,0.4821303369551383,0.30684471626236903,3528,1009,7271,48,nan,0.0,nan,0.0,nan,0.0,5.323038375503199,0.0,nan,0.0,nan,0.0,nan,0.0,5.323038375503199,0.9417354580082122,nan,nan,nan,nan
noise-game,scale,mnist,42,500,100,1.1,1.0,0.05,iid,1.0,50,115,7.459197439075445,0.32885974111035465,nan,0.4499503756596915,nan,nan,1000.0,0.34380487435804935,0.31932652071242246,3677,682,6830,77,nan,0.0,nan,0.0,nan,0.0,5.3331295503850615,0.0,nan,0.0,nan,0.0,nan,0.0,5.3331295503850615,0.9417599902098042,nan,nan,nan,nan
noise-game,scale,mnist,42,500,100,1.1,1.0,0.05,iid,1.0,50,116,7.459197439075445,0.3166544918715954,nan,0.37968776564695544,nan,nan,1000.0,0.2498153610395656,0.2847999029041834,3640,655,6753,148,nan,0.0,nan,0.0,nan,0.0,5.345785626012674,0.0,nan,0.0,nan,0.0,nan,0.0,5.345785626012674,0.9371887108117294,nan,nan,nan,nan
noise-game,scale,mnist,42,500,100,1.1,1.0,0.05,iid,1.0,50,117,7.459197439075445,0.30624799121171237,nan,0.42288902140367646,nan,nan,1000.0,0.35307314126279643,0.3038337303041577,3718,512,6645,61,nan,0.0,nan,0.0,nan,0.0,5.364274232819303,0.0,nan,0.0,nan,0.0,nan,0.0,5.364274232819303,0.9137174684410293,nan,nan,nan,nan
noise-game,scale,mnist,42,500,100,1.1,1.0,0.05,iid,1.0,50,118,7.459197439075445,0.2979084924980998,nan,0.41583434664781516,nan,nan,1000.0,0.228153314375233,0.30522092734069317,3678,776,6814,194,nan,0.0,nan,0.0,nan,0.0,5.3774387513006445,0.0,nan,0.0,nan,0.0,nan,0.0,5.3774387513006445,0.9005475694954647,nan,nan,nan,nan
noise-game,scale,mnist,42,500,100,1.1,1.0,0.05,iid,1.0,50,119,7.459197439075445,0.284714242760092,nan,0.2940397698886663,nan,nan,1000.0,0.1603765285635475,0.23067670307210353,3758,360,6393,131,nan,0.0,nan,0.0,nan,0.0,5.388080492748577,0.0,nan,0.0,nan,0.0,nan,0.0,5.388080492748577,0.8996171601526518,nan,nan,nan,nan
noise-game,scale,mnist,42,500,100,1.1,1.0,0.05,iid,1.0,50,120,7.459197439075445,0.2731047433428466,nan,0.4210283702527784,nan,nan,1000.0,0.324002472524394,0.3018112736265723,3581,943,7127,121,nan,0.0,nan,0.0,nan,0.0,5.39504113466623,0.0,nan,0.0,nan,0.0,nan,0.0,5.39504113466623,0.902554595021291,nan,nan,nan,nan
noise-game,scale,mnist,42,500,100,1.1,1.0,0.05,iid,1.0,50,121,7.459197439075445,0.27035099344328045,nan,0.4102635919022063,nan,nan,1000.0,0.31345749999775,0.29333534987861676,3627,791,6937,95,nan,0.0,nan,0.0,nan,0.0,5.396871312066967,0.0,nan,0.0,nan,0.0,nan,0.0,5.396871312066967,0.9034180938828823,nan,nan,nan,nan
noise-game,scale,mnist,42,500,100,1.1,1.0,0.05,iid,1.0,50,122,7.459197439075445,0.2662809932976961,nan,0.41660477196370077,nan,nan,1000.0,0.4301574725343825,0.3206306461338218,3663,721,6875,45,nan,0.0,nan,0.0,nan,0.0,5.400454583322621,0.0,nan,0.0,nan,0.0,nan,0.0,5.400454583322621,0.903270786145901,nan,nan,nan,nan
noise-game,scale,mnist,42,500,100,1.1,1.0,0.05,iid,1.0,50,123,7.459197439075445,0.26212299417704343,nan,0.3674692126746921,nan,nan,1000.0,0.26610037472106435,0.25795306024179265,3751,250,6369,36,nan,0.0,nan,0.0,nan,0.0,5.402553045927559,0.0,nan,0.0,nan,0.0,nan,0.0,5.402553045927559,0.905214456253764,nan,nan,nan,nan
noise-game,scale,mnist,42,500,100,1.1,1.0,0.05,iid,1.0,50,124,7.459197439075445,0.2548052441887558,nan,0.40806596040304866,nan,nan,1000.0,0.41440703631880105,0.2969032024802843,3668,544,6704,34,nan,0.0,nan,0.0,nan,0.0,5.409551740840478,0.0,nan,0.0,nan,0.0,nan,0.0,5.409551740840478,0.9063288949065499,nan,nan,nan,nan
noise-game,scale,mnist,42,500,100,1.1,1.0,0.05,iid,1.0,50,125,7.459197439075445,0.25003724452108145,nan,0.41181189893523906,nan,nan,1000.0,0.4197855934108909,0.29669432151331626,3634,777,6935,54,nan,0.0,nan,0.0,nan,0.0,5.413213817599204,0.0,nan,0.0,nan,0.0,nan,0.0,5.413213817599204,0.9068048065790469,nan,nan,nan,nan
noise-game,scale,mnist,42,500,100,1.1,1.0,0.05,iid,1.0,50,126,7.459197439075445,0.24783299332484604,nan,0.4042063512315542,nan,nan,1000.0,0.5291973097694891,0.2864432092866381,3704,483,6631,12,nan,0.0,nan,0.0,nan,0.0,5.414263048901673,0.0,nan,0.0,nan,0.0,nan,0.0,5.414263048901673,0.9079106353503679,nan,nan,nan,nan
noise-game,scale,mnist,42,500,100,1.1,1.0,0.05,iid,1.0,50,127,7.58363026186583,0.23834224499762058,nan,0.3821732679097582,nan,nan,1000.0,0.2527975398943141,0.27176247125250297,3701,465,6599,81,nan,0.0,nan,0.0,nan,0.0,5.425626608227457,0.0,nan,0.0,nan,0.0,nan,0.0,5.425626608227457,0.8968360465433449,nan,nan,nan,nan
noise-game,scale,mnist,42,500,100,1.1,1.0,0.05,iid,1.0,50,128,7.58363026186583,0.23021899404004217,nan,0.36344628763049813,nan,nan,1000.0,0.413418800354358,0.2573941700870172,3696,480,6625,31,nan,0.0,nan,0.0,nan,0.0,5.435304626704741,0.0,nan,0.0,nan,0.0,nan,0.0,5.435304626704741,0.8948105757174771,nan,nan,nan,nan
noise-game,scale,mnist,42,500,100,1.1,1.0,0.05,iid,1.0,50,129,7.58363026186583,0.22628999492153526,nan,0.37173609294291193,nan,nan,1000.0,0.31595777093402233,0.27282641885309095,3576,1019,7153,128,nan,0.0,nan,0.0,nan,0.0,5.437403089309678,0.0,nan,0.0,nan,0.0,nan,0.0,5.437403089309678,0.8954185397534319,nan,nan,nan,nan
noise-game,scale,mnist,42,500,100,1.1,1.0,0.05,iid,1.0,50,130,7.58363026186583,0.22297124402597546,nan,0.4329205544233215,nan,nan,1000.0,0.4557728034926698,0.3086646757643948,3714,632,6755,31,nan,0.0,nan,0.0,nan,0.0,5.441606487208182,0.0,nan,0.0,nan,0.0,nan,0.0,5.441606487208182,0.8931063542161078,nan,nan,nan,nan
noise-game,scale,mnist,42,500,100,1.1,1.0,0.05,iid,1.0,50,131,7.58363026186583,0.21740774422883988,nan,0.3325471959353617,nan,nan,1000.0,0.3140453437315356,0.2374150586109614,3672,420,6595,53,nan,0.0,nan,0.0,nan,0.0,5.446750625201527,0.0,nan,0.0,nan,0.0,nan,0.0,5.446750625201527,0.8925189625852045,nan,nan,nan,nan
noise-game,scale,mnist,42,500,100,1.1,1.0,0.05,iid,1.0,50,132,7.58363026186583,0.21175024462863803,nan,0.3440802131568675,nan,nan,1000.0,0.30811238612717384,0.26236019418336,3537,1098,7231,120,nan,0.0,nan,0.0,nan,0.0,5.455633745253042,0.0,nan,0.0,nan,0.0,nan,0.0,5.455633745253042,0.8850825401095768,nan,nan,nan,nan
noise-game,scale,mnist,42,500,100,1.1,1.0,0.05,iid,1.0,50,133,7.58363026186583,0.20763174446299673,nan,0.37766585848991,nan,nan,1000.0,0.2727868564877094,0.279689745360004,3700,560,6649,87,nan,0.0,nan,0.0,nan,0.0,5.463291688292867,0.0,nan,0.0,nan,0.0,nan,0.0,5.463291688292867,0.8769557654090439,nan,nan,nan,nan
noise-game,scale,mnist,42,500,100,1.1,1.0,0.05,iid,1.0,50,134,7.58363026186583,0.20032449470832944,nan,0.4088458028426899,nan,nan,1000.0,0.36137235946615087,0.29181872874398235,3712,617,6729,56,nan,0.0,nan,0.0,nan,0.0,5.472844441054057,0.0,nan,0.0,nan,0.0,nan,0.0,5.472844441054057,0.8664321183930862,nan,nan,nan,nan
noise-game,scale,mnist,42,500,100,1.1,1.0,0.05,iid,1.0,50,135,7.58363026186583,0.1983257447555661,nan,0.4393398192864754,nan,nan,1000.0,0.33062857976651083,0.31503266839742355,3696,687,6803,64,nan,0.0,nan,0.0,nan,0.0,5.473893672356525,0.0,nan,0.0,nan,0.0,nan,0.0,5.473893672356525,0.8679045548214489,nan,nan,nan,nan
noise-game,scale,mnist,42,500,100,1.1,1.0,0.05,iid,1.0,50,136,7.58363026186583,0.19443099498748778,nan,0.3607427893732601,nan,nan,1000.0,0.3365461844278702,0.28160018142504506,3630,842,6956,106,nan,0.0,nan,0.0,nan,0.0,5.475992134961461,0.0,nan,0.0,nan,0.0,nan,0.0,5.475992134961461,0.8686058885097115,nan,nan,nan,nan
noise-game,scale,mnist,42,500,100,1.1,1.0,0.05,iid,1.0,50,137,7.58363026186583,0.18889174526557326,nan,0.4194398667111616,nan,nan,1000.0,0.3593588036959046,0.3090963654923928,3559,918,7138,73,nan,0.0,nan,0.0,nan,0.0,5.479511932807368,0.0,nan,0.0,nan,0.0,nan,0.0,5.479511932807368,0.8686048532410856,nan,nan,nan,nan
noise-game,scale,mnist,42,500,100,1.1,1.0,0.05,iid,1.0,50,138,7.58363026186583,0.18265399534255267,nan,0.43608821083245636,nan,nan,1000.0,0.3885558161232102,0.34131621566931464,3713,577,6684,74,nan,0.0,nan,0.0,nan,0.0,5.482659626714774,0.0,nan,0.0,nan,0.0,nan,0.0,5.482659626714774,0.8703647563295924,nan,nan,nan,nan
noise-game,scale,mnist,42,500,100,1.1,1.0,0.05,iid,1.0,50,139,7.58363026186583,0.17336599564179778,nan,0.3751799416567738,nan,nan,1000.0,0.3477502356044942,0.291692388379262,3580,976,7116,114,nan,0.0,nan,0.0,nan,0.0,5.490936378817464,0.0,nan,0.0,nan,0.0,nan,0.0,5.490936378817464,0.8677483831469276,nan,nan,nan,nan
noise-game,scale,mnist,42,500,100,1.1,1.0,0.05,iid,1.0,50,140,7.58363026186583,0.17133349545300006,nan,0.42887360512854533,nan,nan,1000.0,0.3605869609909187,0.305915696461158,3686,648,6789,51,nan,0.0,nan,0.0,nan,0.0,5.491985610119932,0.0,nan,0.0,nan,0.0,nan,0.0,5.491985610119932,0.8686015906714352,nan,nan,nan,nan
noise-game,scale,mnist,42,500,100,1.1,1.0,0.05,iid,1.0,50,141,7.58363026186583,0.16728649575263263,nan,0.3419802579450393,nan,nan,1000.0,0.24719359192737478,0.28006612629476896,3678,481,6597,106,nan,0.0,nan,0.0,nan,0.0,5.493495376190242,0.0,nan,0.0,nan,0.0,nan,0.0,5.493495376190242,0.8709348981106765,nan,nan,nan,nan
noise-game,scale,mnist,42,500,100,1.1,1.0,0.05,iid,1.0,50,142,7.58363026186583,0.1638584958948195,nan,0.36610420312547975,nan,nan,1000.0,0.3443193884745467,0.2787191193727081,3656,497,6664,53,nan,0.0,nan,0.0,nan,0.0,5.511416784783274,0.0,nan,0.0,nan,0.0,nan,0.0,5.511416784783274,0.8227136439197122,nan,nan,nan,nan
noise-game,scale,mnist,42,500,100,1.1,1.0,0.05,iid,1.0,50,143,7.58363026186583,0.16185724552720784,nan,0.38796583677432006,nan,nan,1000.0,0.37609625791053364,0.2960875277548427,3691,631,6770,54,nan,0.0,nan,0.0,nan,0.0,5.512466016085743,0.0,nan,0.0,nan,0.0,nan,0.0,5.512466016085743,0.8239349593886424,nan,nan,nan,nan
noise-game,scale,mnist,42,500,100,1.1,1.0,0.05,iid,1.0,50,144,7.58363026186583,0.1581609958410263,nan,0.4319665757955997,nan,nan,1000.0,0.5013051639710606,0.3210891397123746,3617,803,7003,25,nan,0.0,nan,0.0,nan,0.0,5.525933440092488,0.0,nan,0.0,nan,0.0,nan,0.0,5.525933440092488,0.7972841782464188,nan,nan,nan,nan
noise-game,scale,mnist,42,500,100,1.1,1.0,0.05,iid,1.0,50,145,7.58363026186583,0.15608299577608706,nan,0.37879414975839104,nan,nan,1000.0,0.2775991303905559,0.2825334652186572,3680,709,6795,110,nan,0.0,nan,0.0,nan,0.0,5.52908388707235,0.0,nan,0.0,nan,0.0,nan,0.0,5.52908388707235,0.7942100201731547,nan,nan,nan,nan
noise-game,scale,mnist,42,500,100,1.1,1.0,0.05,iid,1.0,50,146,7.58363026186583,0.15065799586474896,nan,0.42524870690299965,nan,nan,1000.0,0.2812035617298776,0.3139236335543964,3666,583,6717,110,nan,0.0,nan,0.0,nan,0.0,5.5350879948030185,0.0,nan,0.0,nan,0.0,nan,0.0,5.5350879948030185,0.7905750074625331,nan,nan,nan,nan
noise-game,scale,mnist,42,500,100,1.1,1.0,0.05,iid,1.0,50,147,7.58363026186583,0.1486792461015284,nan,0.3939623916542708,nan,nan,1000.0,0.3416872816692583,0.2881091801638772,3529,980,7197,106,nan,0.0,nan,0.0,nan,0.0,5.5362050533028055,0.0,nan,0.0,nan,0.0,nan,0.0,5.5362050533028055,0.7904082853173561,nan,nan,nan,nan
noise-game,scale,mnist,42,500,100,1.1,1.0,0.05,iid,1.0,50,148,7.58363026186583,0.14858124615624546,nan,0.44384725141003156,nan,nan,1000.0,0.4693810689093291,0.31745404830748164,3592,839,7062,31,nan,0.0,nan,0.0,nan,0.0,5.5362050533028055,0.0,nan,0.0,nan,0.0,nan,0.0,5.5362050533028055,0.7904082853173561,nan,nan,nan,nan
noise-game,scale,mnist,42,500,100,1.1,1.0,0.05,iid,1.0,50,149,7.58363026186583,0.14676474627107383,nan,0.3967041079522678,nan,nan,1000.0,0.36063306241876714,0.28456970983592966,3681,683,6801,51,nan,0.0,nan,0.0,nan,0.0,5.537254284605275,0.0,nan,0.0,nan,0.0,nan,0.0,5.537254284605275,0.7908837808146968,nan,nan,nan,nan
