algorithm,attack_type,dataset,seed,n_nodes,n_attackers,noise_mult,clip_bound,sampling_rate,split_mode,dirichlet_alpha,start_round,round,epsilon,accuracy,test_loss,f1_score,mean_update_norm_honest,mean_update_norm_attacker,best_alpha,precision,recall,total_tp_all,total_fp_all,total_fn_all,total_tn_all,noise_norm_honest,noise_norm_attacker,balance_threshold_honest,balance_threshold_attacker,eps_n_honest,eps_n_attacker,trust_honest,trust_attacker,n_dp_norm_honest,n_dp_norm_attacker,nsr_honest,nsr_attacker,balance_local_norm_honest,balance_local_norm_attacker,sigma_n_honest,sigma_n_attacker,balance_kept_honest,balance_kept_attacker,sigma_dp_honest,sigma_dp_attacker,eps_avg,eps_std,avg_trust,avg_sigma_dp_precap,avg_n_dp_norm_postcap,avg_nsr
noise-game,scale,mnist,42,500,200,1.1,1.0,0.05,iid,1.0,50,0,1.9060445256894678,0.3800186559557915,2.095591790676117,nan,0.5636371799877712,0.5638625544309616,1000.0,nan,nan,0,0,0,30800,225.45499093191964,225.54495796203614,9.901476044941065,9.901447923900088,0.04447437226608758,1.9060445256894676,1.0,1.0,225.45499093191964,225.54495796203614,1288.099957924811,1288.9794921870032,4.983853203909738,4.983839049339294,1.0,1.0,65.85714285714286,151.695,1.0,1.0,0.7891024336354395,0.9388193239754351,1.0,1.0,93.37435305786133,533.6251962857486
noise-game,scale,mnist,42,500,200,1.1,1.0,0.05,iid,1.0,50,1,1.9763242469400175,0.5540343201160431,1.8904570102691651,nan,0.6175785288214684,1.0229713463783263,1000.0,nan,nan,0,0,0,31168,224.68939113616943,238.919896774292,9.870525608199806,9.883771327937588,0.1351748919152973,1.962070054617453,0.9927724450826645,0.9303673622012139,224.68939113616943,238.919896774292,1245.0287333066929,1332.8565409353466,5.001506954431534,5.008218710422516,0.9972054732934891,1.0589896152253724,43.625,152.35,0.9972054732934891,1.0589896152253724,0.8659329569961596,0.9729797393738147,0.9349899609331731,1.054413012119307,102.75801922607423,572.9835358399528
noise-game,scale,mnist,42,500,200,1.1,1.0,0.05,iid,1.0,50,2,2.096731787425664,0.6505336503187815,1.6799152608712513,nan,0.6197285334269206,1.5577172583341599,1000.0,nan,nan,0,0,0,31306,221.5334930419922,228.0407559967041,9.862402167818335,9.976287994092415,0.2273841004467654,2.0807086046068464,0.997949731349945,0.9684778732061387,221.5334930419922,228.0407559967041,1215.1379252137535,1254.694904403597,5.030817953745524,5.088911190032959,0.9822083439174617,1.0110966201699056,50.13333333333333,152.77,0.9822083439174617,1.0110966201699056,0.9687139021107978,1.0292389436748866,0.9705340493557065,1.0090811590360143,97.8623071899414,538.3320995178515
noise-game,scale,mnist,42,500,200,1.1,1.0,0.05,iid,1.0,50,3,2.2608254008138156,0.7096036469936371,1.4801250322659811,nan,0.5978783577680588,2.0367329716682434,1000.0,nan,nan,0,0,0,31382,219.47941360473632,224.72496017456055,9.857309383955323,10.320504376341551,0.34880187432893467,2.235800392008872,0.9975377500057221,0.9736455011367798,219.47941360473632,224.72496017456055,1247.667068249697,1260.7643627433256,5.061853575706482,5.299710087776184,0.9728350130579348,0.9960211392592293,42.2,152.69,0.9728350130579348,0.9960211392592293,1.1036012814009097,1.093202218724469,0.9758175237612291,0.9939133096045665,98.66916061401368,554.2124278273182
noise-game,scale,mnist,42,500,200,1.1,1.0,0.05,iid,1.0,50,4,2.4270918274893867,0.7507553160190582,1.2999800376097361,nan,0.5765125964369092,2.491774550676346,1000.0,nan,nan,0,0,0,31208,216.88858795166016,221.90452995300294,9.864989386506595,11.067745313611463,0.4382570143695013,2.418615853482891,0.9982044526508876,0.9767349940538407,216.88858795166016,221.90452995300294,1302.7965898091643,1295.4451806223578,5.09968216078622,5.721443898677826,0.9625145820828485,0.9831422111672091,49.357142857142854,152.585,0.9625145820828485,0.9831422111672091,1.2304005500148572,1.1620260294529192,0.9781395380742082,0.9817927401056155,94.83469244384766,554.6563767635997
noise-game,scale,mnist,42,500,200,1.1,1.0,0.05,iid,1.0,50,5,2.477085756605018,0.7791783128182094,1.1459172042210897,nan,0.8101752797762553,2.9199251627922056,1000.0,nan,nan,0,0,0,30866,217.22472974989148,219.4843238067627,9.900727060830677,12.332807729255379,0.4760863937711087,2.4691357926108957,0.9873206814130148,0.9774032536149025,217.22472974989148,219.4843238067627,1398.5337038746084,1358.3179640817473,5.152391698625353,6.41805958032608,0.9632903654232732,0.9727241145601988,55.333333333333336,151.84,0.9632903654232732,0.9727241145601988,1.2733061533070233,1.1802836511212769,0.9778303198837207,0.9723178765590874,91.70377465820313,568.5007923024419
noise-game,scale,mnist,42,500,200,1.1,1.0,0.05,iid,1.0,50,6,2.5328536847052807,0.799562646150589,1.019496167699496,nan,0.6792062997817994,3.318757303953171,1000.0,nan,nan,0,0,0,31172,217.6619893391927,217.65121795654298,9.902659520455533,14.155969453201909,0.5568556759113349,2.5217252012550304,0.9765238801638285,0.9755523574352264,217.6619893391927,217.65121795654298,1552.6275821557256,1445.6450796777685,5.187868118286133,7.416119120121002,0.9638735106321284,0.9647884562814971,45.93333333333333,152.415,0.9638735106321284,0.9647884562814971,1.3428034860488134,1.1928415652678857,0.9756201380907104,0.9647246228640992,93.59034686279297,624.8368593357791
noise-game,scale,mnist,42,500,200,1.1,1.0,0.05,iid,1.0,50,7,2.595264920039434,0.8138553124666214,0.9186337055762609,nan,0.6199517349402109,3.687936794757843,1000.0,nan,nan,0,0,0,31048,215.49283599853516,216.2953742980957,9.908274540104578,16.510099210306674,0.6615882715415947,2.5785351163917745,0.975944976011912,0.9716085493564606,215.49283599853516,216.2953742980957,1717.6060568293317,1548.7622970498694,5.225530756844415,8.707270965576171,0.9548225756101307,0.9588658330241492,36.94444444444444,151.915,0.9548225756101307,0.9588658330241492,1.4283670094816667,1.201073742634736,0.9719666029335162,0.9585319860817073,94.27589181518555,681.3387368658036
noise-game,scale,mnist,42,500,200,1.1,1.0,0.05,iid,1.0,50,8,2.6658845471939765,0.8241563129425049,0.8389564945300421,nan,0.7266884368398915,4.033287425041198,1000.0,nan,nan,0,0,0,31914,217.58834838867188,214.97055725097655,9.92371335539288,19.334028772347175,0.7657015375118879,2.6398206878072505,0.9555122515429622,0.9672678950428962,217.58834838867188,214.97055725097655,1924.4161045181738,1641.9822925430153,5.268680759098219,10.264789171218872,0.9641837142012643,0.9533318875241812,49.608695652173914,153.865,0.9641837142012643,0.9533318875241812,1.5153491976300328,1.2099207645646939,0.9660554295698089,0.9544511342218175,95.99728692626954,745.3160578250422
noise-game,scale,mnist,42,500,200,1.1,1.0,0.05,iid,1.0,50,9,2.745099442494697,0.8320853122075399,0.7753113257884979,nan,0.7723836998144785,4.343128602504731,1000.0,nan,nan,0,0,0,31738,220.3144031100803,214.4139256286621,9.92824624305401,22.56312333387697,0.8318456889603574,2.703911283443,0.9306213061014811,0.9597821819782257,220.3144031100803,214.4139256286621,2167.3391974604615,1714.4581129387097,5.306345330344306,12.059302439689636,0.9773385372184712,0.950687503364891,54.94444444444444,153.745,0.9773385372184712,0.950687503364891,1.5806719267534146,1.2231696586446452,0.9573744032361092,0.9528880474445444,93.69688876342774,763.8074562840604
noise-game,scale,mnist,42,500,200,1.1,1.0,0.05,iid,1.0,50,10,2.8324557564165254,0.8382736466328303,0.7244476705789566,nan,0.7710604918630499,4.636126413345337,1000.0,nan,nan,0,0,0,32034,209.1904706453022,213.5700128173828,9.963399020589897,26.128206870091,0.9385336448386723,2.7719235038938463,0.9757674556029471,0.9533994409441948,209.1904706453022,213.5700128173828,2258.450090059976,1751.134724440553,5.360752908807052,14.058140268325806,0.9267639309406306,0.9470033475710465,60.10526315789474,154.46,0.9267639309406306,0.9470033475710465,1.6718895884607419,1.2269630919309888,0.9553400449556847,0.9452474164478599,93.3772430114746,786.2749931985005
noise-game,scale,mnist,42,500,200,1.1,1.0,0.05,iid,1.0,50,11,2.9225956702765625,0.8436159793535868,0.6827646507819494,nan,0.8838460312949287,4.916050710678101,1000.0,nan,nan,0,0,0,31680,210.29856448703342,212.51576698303222,9.98414487131388,29.98298662015367,1.00709530708647,2.8453836531823997,0.9593348999818166,0.9484124279022217,210.29856448703342,212.51576698303222,2501.3372595891697,1744.252812056747,5.407847510443793,16.240090827941895,0.9322633200080644,0.9420480433387888,53.5,153.585,0.9322633200080644,0.9420480433387888,1.742410645524842,1.2388013711280474,0.9493142833950323,0.9412401304032243,92.57705511474609,787.7492661679089
noise-game,scale,mnist,42,500,200,1.1,1.0,0.05,iid,1.0,50,12,3.0310207871750876,0.8478313134113947,0.6485277942816416,nan,0.9096815586090088,5.18063460111618,1000.0,nan,nan,0,0,0,30700,209.852914983576,211.2109210205078,9.958390368829022,34.0923006037591,1.0505428460040738,2.9254320849626105,0.9500361951914701,0.9439676314592361,209.852914983576,211.2109210205078,2697.1517459749516,1701.0136563578521,5.429977200248024,18.589391269683837,0.9312343562979897,0.9366166894936285,39.0,151.355,0.9312343562979897,0.9366166894936285,1.8004985415874888,1.2573818483900543,0.9442840020803479,0.9363360939241876,89.10113253784179,739.7428009545898
noise-game,scale,mnist,42,500,200,1.1,1.0,0.05,iid,1.0,50,13,3.140319813624564,0.8513499762614568,0.6198985709746678,nan,0.8688288892016691,5.43635085105896,1000.0,nan,nan,0,0,0,30976,212.54019703584558,209.86897171020507,10.020174687441465,38.424829048332555,1.1032837096224308,3.014702852754118,0.9265543327612036,0.9409359344840049,212.54019703584558,209.86897171020507,2944.0176576552717,1626.8113050958304,5.50021224863389,21.09191925048828,0.9425877357438606,0.9299593169817493,37.0,151.735,0.9425877357438606,0.9299593169817493,1.8678513668751058,1.276341978775885,0.939809265224615,0.9309486401105783,91.17395538330078,750.8211223986114
noise-game,scale,mnist,42,500,200,1.1,1.0,0.05,iid,1.0,50,14,3.2832246853141047,0.8547096447149912,0.595413312514623,nan,0.9523765047391256,5.671397936344147,1000.0,nan,nan,0,0,0,30632,207.91099378797742,208.4122344970703,9.942195942564519,42.9580424504664,1.1397392877407986,3.1124410790995523,0.9421774413850572,0.9370246440172195,207.91099378797742,208.4122344970703,3097.2910746193,1537.395718311257,5.493912908766005,23.7379896068573,0.9196267529225365,0.9241063797496075,42.55555555555556,151.245,0.9196267529225365,0.9241063797496075,1.9288200042843002,1.3023591318708085,0.9372465348129637,0.9239134771589681,87.10729168701172,670.7095266676502
noise-game,scale,mnist,42,500,200,1.1,1.0,0.05,iid,1.0,50,15,3.4599427200884456,0.8574953116973241,0.5745848272244135,nan,0.9323403108865023,5.90280377626419,1000.0,nan,nan,0,0,0,31250,209.7518129348755,206.8052660369873,9.926794480822462,47.66288658957018,1.1941910460915315,3.2232004590283156,0.9177841804921627,0.9349002319574357,209.7518129348755,206.8052660369873,3326.3499121696814,1435.9563140327873,5.522093802690506,26.513990106582643,0.9314717880637763,0.9167398660427141,45.8125,152.585,0.9314717880637763,0.9167398660427141,2.005794811266245,1.3276233381503189,0.9336323762933413,0.9178311195257558,89.43416442871094,680.8257228025449
noise-game,scale,mnist,42,500,200,1.1,1.0,0.05,iid,1.0,50,16,3.506551114931016,0.8599156457185745,0.5564424699544906,nan,1.0183330151167782,6.0922573280334475,1000.0,nan,nan,0,0,0,31002,205.95779835094106,206.0000708770752,9.890725404163243,52.5266808899222,1.2254196681058496,3.3403031700623584,0.929807104847648,0.9284131234884262,205.95779835094106,206.0000708770752,3460.403307536449,1350.4214775585767,5.538831970908425,29.415078020095827,0.9119582285998448,0.9131461011570401,53.09090909090909,152.09,0.9119582285998448,0.9131461011570401,2.0713730688884535,1.3631007754411757,0.9284857955024141,0.9130841741516886,86.93109991455079,616.2974637892326
noise-game,scale,mnist,42,500,200,1.1,1.0,0.05,iid,1.0,50,17,3.5414060893609975,0.8619356443484624,0.540779793659846,nan,0.7701849471777678,6.277973763942718,1000.0,nan,nan,0,0,0,31054,207.1548547744751,204.86699172973633,9.837933583518605,57.505834479967795,1.2981283113095627,3.4431224669291707,0.9122839383780956,0.923534378707409,207.1548547744751,204.86699172973633,3677.702455751047,1261.027479714034,5.546119570732117,32.4188236618042,0.9176677716371847,0.9081761709601262,40.125,152.06,0.9176677716371847,0.9081761709601262,2.156125973557406,1.376907010698318,0.9227010127570894,0.90887925249176,88.57575204467773,622.0974704696471
noise-game,scale,mnist,42,500,200,1.1,1.0,0.05,iid,1.0,50,18,3.5838546506320306,0.8640046453475952,0.5269031316041947,nan,0.8340717889368534,6.4821646118164065,1000.0,nan,nan,0,0,0,30858,209.83509826660156,202.88281425476075,9.831201972626703,62.59101298652695,1.3638182810895099,3.5159130378961048,0.8856582827866077,0.9231583589315414,209.83509826660156,202.88281425476075,3900.749499458457,1183.4792286047216,5.579396903514862,35.521608142852784,0.9307764417212301,0.8994537451917124,35.0,151.49,0.9307764417212301,0.8994537451917124,2.2246561838121477,1.3805942173338082,0.9203805755133982,0.9017739449346396,87.86784884643555,598.2156754245593
noise-game,scale,mnist,42,500,200,1.1,1.0,0.05,iid,1.0,50,19,3.6354067427593626,0.8656033128499985,0.5147458961606026,nan,0.9417090036652305,6.642258830070496,1000.0,nan,nan,0,0,0,31020,201.35541742498225,201.78853309631347,9.84372009612177,67.79352282953857,1.4118108449154638,3.565740900653606,0.9208426746455106,0.9181395605206489,201.35541742498225,201.78853309631347,3971.8372934228387,1115.4704057853937,5.623868942260742,38.73148401260376,0.8924190071637838,0.8946543720794294,53.81818181818182,152.14,0.8924190071637838,0.8946543720794294,2.273382867210721,1.3817692480804127,0.9182804811622294,0.8945378364677133,85.145232421875,533.5685827694599
noise-game,scale,mnist,42,500,200,1.1,1.0,0.05,iid,1.0,50,20,3.6862252678519907,0.8671573132276535,0.5038357884685198,nan,0.7797818561395009,6.7998860383033755,1000.0,nan,nan,0,0,0,30732,201.1309377034505,200.47037269592286,9.754054211875797,73.07042803533814,1.463698134690784,3.6084978124079714,0.909651509920756,0.9143807229399681,201.1309377034505,200.47037269592286,4114.850995987415,1054.5276908953188,5.609916496276855,42.025499420166014,0.89270184040002,0.8888298882633342,32.333333333333336,151.235,0.89270184040002,0.8888298882633342,2.321618005777659,1.3800957249246648,0.9140507778456045,0.889100024458917,86.22207720947266,545.2566062377499
noise-game,scale,mnist,42,500,200,1.1,1.0,0.05,iid,1.0,50,21,3.739478802440682,0.8685133115450541,0.4940817532936732,nan,0.9348542392253876,6.948313813209534,1000.0,nan,nan,0,0,0,30810,204.8383903503418,199.16481025695802,9.755360314923433,78.41657756676639,1.4977420161985624,3.6500447895852415,0.8794919649759928,0.9108249285817146,204.8383903503418,199.16481025695802,4334.308407525075,1002.2021935428534,5.648197094599406,45.40194019317627,0.9082661606734708,0.8828681539951155,40.833333333333336,151.6,0.9082661606734708,0.8828681539951155,2.358663125553234,1.384470215980094,0.9090513646040322,0.8843057770146451,84.5820454711914,504.9042791977431
noise-game,scale,mnist,42,500,200,1.1,1.0,0.05,iid,1.0,50,22,3.798097309717945,0.8698383108774821,0.48527286847432455,nan,0.9350068506441618,7.06326979637146,1000.0,nan,nan,0,0,0,31378,206.23794314735815,198.35649688720704,9.76096057370034,83.82055149132573,1.5534447937257747,3.693174565254825,0.8606157616565102,0.9042608538269996,206.23794314735815,198.35649688720704,4548.687334465668,958.3104812336518,5.689241685365376,48.8553736114502,0.9143772693728114,0.8793512624671886,43.68421052631579,152.74,0.9143772693728114,0.8793512624671886,2.409336702337395,1.3815188299962498,0.9004742933190577,0.8823900484544346,87.17964059448242,556.1743112031561
noise-game,scale,mnist,42,500,200,1.1,1.0,0.05,iid,1.0,50,23,3.8582945622575417,0.8708789799610773,0.4773714018861453,nan,0.9838805565467248,7.1597378015518185,1000.0,nan,nan,0,0,0,30674,196.30638122558594,197.73639793395995,9.793251314887899,89.2510571065301,1.6185789953741125,3.738139607357797,0.90300085911384,0.8967077362537385,196.30638122558594,197.73639793395995,4567.637017738158,923.95975096591,5.746243440187895,52.36854288101196,0.8716026793513432,0.8766027769283758,33.07692307692308,151.22,0.8716026793513432,0.8766027769283758,2.466403240167587,1.3739062679770258,0.8970918235644488,0.8762976066537211,84.19852508544922,488.342462847556
noise-game,scale,mnist,42,500,200,1.1,1.0,0.05,iid,1.0,50,24,3.9199827650752175,0.8718243112166723,0.4702171422044436,nan,0.8205784300963084,7.253122992515564,1000.0,nan,nan,0,0,0,30930,204.39366455078124,197.0463655090332,9.689763162541356,94.6914065899736,1.6734563192787448,3.7847065868398215,0.8472693701585133,0.8900558543205261,204.39366455078124,197.0463655090332,4794.663196396052,888.9877876455764,5.723551305135091,55.93233959197998,0.9067700297381098,0.8731129892191877,38.13333333333333,151.79,0.9067700297381098,0.8731129892191877,2.5179564263031757,1.3699922510929237,0.8870707507743392,0.8754611548367869,84.95035614013672,499.4350109501122
noise-game,scale,mnist,42,500,200,1.1,1.0,0.05,iid,1.0,50,25,3.9729753131748984,0.8728789766629537,0.46364581912755964,nan,0.7355416417121887,7.347210252285004,1000.0,nan,nan,0,0,0,30858,188.31680043538412,195.99465354919434,9.605344969448437,100.13683289679494,1.7516144318361497,3.8340405406050286,0.9279683927694956,0.884628147482872,188.31680043538412,195.99465354919434,4568.53125156543,859.1201485130505,5.71163809299469,59.54448810577392,0.8348990551884136,0.8686524721561429,42.833333333333336,151.72,0.8348990551884136,0.8686524721561429,2.584584875343701,1.357080925946827,0.8870813689141903,0.8667419013843844,82.91746463012696,453.2928094427905
noise-game,scale,mnist,42,500,200,1.1,1.0,0.05,iid,1.0,50,26,4.031676973488618,0.8737616439660391,0.4575504465897878,nan,0.9250296308444097,7.4109030532836915,1000.0,nan,nan,0,0,0,30894,197.74895418607272,195.3970458984375,9.688129431132166,105.58697581103864,1.8123153688142974,3.8854266676486025,0.8635489023648776,0.8766086754202843,197.74895418607272,195.3970458984375,4850.654600531683,835.3782403562093,5.79939838556143,63.20528038024902,0.8762624210197646,0.8661926622951586,41.46153846153846,151.775,0.8762624210197646,0.8661926622951586,2.6415598883480196,1.3522798580719109,0.8758116000694848,0.8668072485083974,83.3002911682129,460.2683157563076
noise-game,scale,mnist,42,500,200,1.1,1.0,0.05,iid,1.0,50,27,4.095274548275076,0.8744999792178472,0.45222044169902803,nan,0.9735430023249458,7.484248270988465,1000.0,nan,nan,0,0,0,31368,199.86578279383042,194.42817375183105,9.573540101581537,111.01533099674961,1.864925332689387,3.9394645076774,0.8403286583283368,0.8707445457577705,199.86578279383042,194.42817375183105,5130.283077871013,810.3523828474833,5.769137214211857,66.89925258636475,0.8852693224022543,0.8620504576365665,48.411764705882355,152.725,0.8852693224022543,0.8620504576365665,2.694741002684592,1.3520663029320001,0.8683617343001652,0.8638694470421735,84.56670611572265,498.57057778660777
noise-game,scale,mnist,42,500,200,1.1,1.0,0.05,iid,1.0,50,28,4.175491643832552,0.8753289783000946,0.4471261183420817,nan,0.9254944604985854,7.511261882781983,1000.0,nan,nan,0,0,0,31238,188.3110782398897,194.26531700134277,9.556601796556318,116.42891928977464,1.9232722934090172,3.994789638455903,0.8952333541477427,0.8604654973745346,188.3110782398897,194.26531700134277,4954.92152764978,792.1871339551228,5.7974511034348435,70.63085613250732,0.8349646690377114,0.8612416499121633,43.64705882352941,152.48,0.8349646690377114,0.8612416499121633,2.751879231427772,1.352351132544907,0.8631892465226662,0.8591830845902018,84.10870346069336,485.3421855221417
noise-game,scale,mnist,42,500,200,1.1,1.0,0.05,iid,1.0,50,29,4.261259752206885,0.8760119773944219,0.4423700903852781,nan,0.8374589774757624,7.5349621891975405,1000.0,nan,nan,0,0,0,31418,196.63340282440186,194.01585456848144,9.460239096250685,121.78946677275844,1.969493739099543,4.0514129645947365,0.8339853584766388,0.8507634162902832,196.63340282440186,194.01585456848144,5304.9420956737595,774.5934194866611,5.777381062507629,74.37699531555175,0.8724862755151122,0.8599318661184353,51.0,153.01,0.8724862755151122,0.8599318661184353,2.8022614292976202,1.3561899590132764,0.8495205971929762,0.8608618223700409,83.89861071777344,479.5955148562247
noise-game,scale,mnist,42,500,200,1.1,1.0,0.05,iid,1.0,50,30,4.345322452599524,0.8766303126017253,0.438145932952563,nan,0.9139815216714685,7.5889747834205625,1000.0,nan,nan,0,0,0,31504,191.9771964333274,192.910849609375,9.507702181042829,127.09420003611504,2.051912172726258,4.1110499509133165,0.8513950881632891,0.8453111201524734,191.9771964333274,192.910849609375,5229.024965267788,760.6046284457968,5.845205263658003,78.13577590942383,0.8509074470531535,0.8554145614096106,42.36363636363637,152.86,0.8509074470531535,0.8554145614096106,2.8755672840010815,1.343425418527997,0.845914035901293,0.8549679104373491,85.61133648681641,534.3189498501014
noise-game,scale,mnist,42,500,200,1.1,1.0,0.05,iid,1.0,50,31,4.43956953592542,0.8771793123086293,0.4341987611850103,nan,1.1264073451360066,7.561275846958161,1000.0,nan,nan,0,0,0,30888,192.16903177897134,193.33807983398438,9.523926111521552,132.36790322459063,2.086142224213033,4.170536979790071,0.8368876030047735,0.8315938806533814,192.16903177897134,193.33807983398438,5383.240288405539,744.6590774823723,5.894344449043274,81.92230876922608,0.8530812473228861,0.8569639118686111,43.833333333333336,151.81,0.8530812473228861,0.8569639118686111,2.919900126443848,1.3526404416038098,0.8318935253147809,0.8567441384037587,81.94728869628906,427.0613979146819
noise-game,scale,mnist,42,500,200,1.1,1.0,0.05,iid,1.0,50,32,4.530576460806417,0.8778089781602224,0.43052382707595827,nan,1.0236916014781365,7.580615038871765,1000.0,nan,nan,0,0,0,30856,178.1519552377554,192.6358348083496,9.456944650452783,137.54515111544663,2.145613244097008,4.233187385613096,0.9120655793410081,0.8238271754980088,178.1519552377554,192.6358348083496,5118.532682103808,734.9893037587539,5.8920393356910115,85.6959061050415,0.7900025319608509,0.854076763944364,40.15384615384615,151.67,0.7900025319608509,0.854076763944364,2.980642900703443,1.3508065909514677,0.8292126179860791,0.8501661300674362,81.68628475952148,427.0775712382005
noise-game,scale,mnist,42,500,200,1.1,1.0,0.05,iid,1.0,50,33,4.6636296226694665,0.8782636465628942,0.42714048355817796,nan,1.0184034233291943,7.606351585388183,1000.0,nan,nan,0,0,0,30810,189.11173884073892,191.80155982971192,9.524503461332854,142.66420680186127,2.188682270197526,4.299514822540635,0.833278144399325,0.8173922190070152,189.11173884073892,191.80155982971192,5389.461315230959,722.094315607065,5.973824103673299,89.47982231140136,0.838784032305062,0.8502048010971223,40.833333333333336,151.6,0.838784032305062,0.8502048010971223,3.0330152911347694,1.355946332381095,0.8182914223311082,0.8495583424862508,81.2593056640625,418.184797808369
noise-game,scale,mnist,42,500,200,1.1,1.0,0.05,iid,1.0,50,34,4.799643325129665,0.8788359769185384,0.4240818969408671,nan,1.1384452218594758,7.549641010761261,1000.0,nan,nan,0,0,0,32356,190.40816862686822,192.2190347290039,9.58822218914011,147.7303763590587,2.2340233411577155,4.363262548855004,0.8147990703582764,0.8027811956405639,190.40816862686822,192.2190347290039,5578.802101938418,710.6419159271447,6.054014724233876,93.27713272094726,0.8435908482296347,0.8521448147963815,58.69565217391305,155.03,0.8435908482296347,0.8521448147963815,3.0857190242366306,1.3645887656118272,0.8040207073827496,0.851262567123578,85.6463896484375,540.8816630600251
noise-game,scale,mnist,42,500,200,1.1,1.0,0.05,iid,1.0,50,35,4.927870818709717,0.8793033111095429,0.42107404480377836,nan,1.0298874725898106,7.517707397937775,1000.0,nan,nan,0,0,0,30774,188.69146855672201,192.07134437561035,9.32495517893971,152.6780091448808,2.2725658643444158,4.430120617053554,0.8120832492907842,0.79151437997818,188.69146855672201,192.07134437561035,5715.452106168752,704.3033800604047,5.9271706740061445,97.04589469909668,0.8371107858021385,0.8516054230257114,40.0,151.47,0.8371107858021385,0.8516054230257114,3.1355877654280713,1.374332723475539,0.7926786555996481,0.8507849718621129,81.35713299560547,418.892202572212
noise-game,scale,mnist,42,500,200,1.1,1.0,0.05,iid,1.0,50,36,5.047448809037196,0.8796446444590886,0.41830842514832817,nan,0.778454010685285,7.496320683956146,1000.0,nan,nan,0,0,0,30930,184.7748819986979,191.76150482177735,9.23973501815222,157.53021292462995,2.3164935370449475,4.4975788353386035,0.8246771519382795,0.7819390159845352,184.7748819986979,191.76150482177735,5898.454649656393,696.1862997274796,5.912286798159282,100.79983856201171,0.8199949265830417,0.8498123122583743,45.666666666666664,151.91,0.8199949265830417,0.8498123122583743,3.18892765636241,1.3790076542556065,0.7843581557555018,0.8481245357107139,81.13919909667969,420.03743148274526
noise-game,scale,mnist,42,500,200,1.1,1.0,0.05,iid,1.0,50,37,5.170632556730763,0.8800806450843811,0.41578164279460905,nan,1.0884045281193473,7.431071443557739,1000.0,nan,nan,0,0,0,30268,182.39981217817828,192.00136711120606,9.410403791621022,162.2951624383837,2.365323884625601,4.563774957445154,0.8289200988682833,0.7683624601364136,182.39981217817828,192.00136711120606,5658.03939141582,688.573984311427,6.0617710893804375,104.54345481872559,0.8089050916310757,0.8507343316855126,20.636363636363637,150.205,0.8089050916310757,0.8507343316855126,3.244704313753422,1.3816471746816452,0.7715194934352314,0.8485536604030537,80.81334271240235,399.9064603357188
noise-game,scale,mnist,42,500,200,1.1,1.0,0.05,iid,1.0,50,38,5.249454651979296,0.8804279766480128,0.4135181767741839,nan,1.0964188997944195,7.407609241008759,1000.0,nan,nan,0,0,0,31402,192.17852401733398,191.2837321472168,9.32011314038827,166.94048549489708,2.402337097867221,4.632677950909378,0.7552509158849716,0.7596286305785179,192.17852401733398,191.2837321472168,6119.132963323158,680.8815527029504,6.04376757144928,108.25506916046143,0.8512358627786925,0.8482421126392343,38.375,152.405,0.8512358627786925,0.8482421126392343,3.2944734390840846,1.3975011592807371,0.7591595897184951,0.8485628715827477,85.73806201171875,566.0710033206918
noise-game,scale,mnist,42,500,200,1.1,1.0,0.05,iid,1.0,50,39,5.339550484909258,0.8807249782482783,0.41122039407491684,nan,1.0113727404521062,7.303975429534912,1000.0,nan,nan,0,0,0,30658,172.95918626051682,191.90065727233886,9.153381667641792,171.4986718684929,2.444763344440485,4.699648616013398,0.8664740094771752,0.7431854425370693,172.95918626051682,191.90065727233886,5625.087416015119,677.7103916374715,5.97535122357882,111.9547764968872,0.76746156430582,0.8509349360996459,33.07692307692308,151.14,0.76746156430582,0.8509349360996459,3.34671745306965,1.4069212324945781,0.7507100968573575,0.8458403171638725,81.25720175170899,417.33642947138173
noise-game,scale,mnist,42,500,200,1.1,1.0,0.05,iid,1.0,50,40,5.414028198787287,0.8810743111371994,0.4091160956025124,nan,1.168456894159317,7.227320611476898,1000.0,nan,nan,0,0,0,31066,177.8933837890625,192.02983993530273,9.290481163547218,175.91085191187855,2.4869793139544654,4.767500832817375,0.8222019513448079,0.7299975660443306,177.8933837890625,192.02983993530273,5872.864839651872,674.2436391733584,6.105417537689209,115.60318367004395,0.7895016421952346,0.8513080899945382,42.733333333333334,152.125,0.7895016421952346,0.8513080899945382,3.399187921499629,1.4169483881042333,0.7364304301350616,0.8469960122410984,82.14873748779297,445.8834008588995
noise-game,scale,mnist,42,500,200,1.1,1.0,0.05,iid,1.0,50,41,5.522747807194929,0.8814356448252996,0.4072570569316546,nan,1.3977122436399045,7.196102857589722,1000.0,nan,nan,0,0,0,31426,178.3180442478346,191.3478510284424,9.321387412343153,180.1990319090381,2.520370589364227,4.837471252043304,0.8087876154028851,0.7218007755279541,178.3180442478346,191.3478510284424,5963.560533514328,671.5342026867595,6.166702788809071,119.21335563659667,0.7905483970033569,0.8482772350449227,39.43478260869565,152.595,0.7905483970033569,0.8482772350449227,3.4472108544358577,1.43984049711778,0.7307725123760411,0.8423231396415325,84.74177044677734,542.9374656163628
noise-game,scale,mnist,42,500,200,1.1,1.0,0.05,iid,1.0,50,42,5.626334220018168,0.8816623125473658,0.40540606250365574,nan,0.9666699320077896,7.107580304145813,1000.0,nan,nan,0,0,0,31316,174.58490208217077,191.5062850189209,9.053719026714843,184.3991769357057,2.569418862719601,4.907309850442789,0.8200668266841343,0.7082933479547501,174.58490208217077,191.5062850189209,5946.477398348246,663.3808919080362,6.029686995915005,122.80802131652833,0.7752713391214776,0.8487117478602856,53.714285714285715,152.82,0.7752713391214776,0.8487117478602856,3.5045752578088765,1.4469377015442744,0.7156056316099434,0.8439072351390551,81.49089126586914,431.8537239169654
noise-game,scale,mnist,42,500,200,1.1,1.0,0.05,iid,1.0,50,43,5.66215859395204,0.8818259783585867,0.4037885641058286,nan,1.2358124024338193,7.000237498283386,1000.0,nan,nan,0,0,0,31224,170.05605231391058,191.78230476379395,9.2942519643893,188.46982461412145,2.6364389909849595,4.976554085064563,0.8395136959022946,0.6933014485239982,170.05605231391058,191.78230476379395,5759.430022715027,660.2129812007403,6.23128326733907,126.35862133026123,0.7549068951174057,0.8500192917969228,41.388888888888886,152.395,0.7549068951174057,0.8500192917969228,3.5724850286168013,1.4460361716761665,0.7053740194084448,0.8421659746398986,82.83493978881836,471.42467329803713
noise-game,scale,mnist,42,500,200,1.1,1.0,0.05,iid,1.0,50,44,5.687429523343529,0.8821216440200805,0.40220954577128093,nan,1.0962601403395336,6.9034046626091,1000.0,nan,nan,0,0,0,31312,174.12996673583984,191.84061065673828,9.187086867934598,192.3989451470286,2.700822099333902,5.045638401633033,0.8004191252920363,0.6797479310631752,174.12996673583984,191.84061065673828,6152.375675330568,662.4431058283734,6.200635062323676,129.85570533752443,0.7725737733467013,0.8502904174056856,43.833333333333336,152.615,0.7725737733467013,0.8502904174056856,3.638748620253555,1.444617274510631,0.6897116076508794,0.8438734467953107,83.00492306518555,486.46276664324984
noise-game,scale,mnist,42,500,200,1.1,1.0,0.05,iid,1.0,50,45,5.715432662730307,0.8823829772075017,0.40081846992174786,nan,1.307565981433505,6.766280450820923,1000.0,nan,nan,0,0,0,31786,176.03603181384858,192.33662307739257,9.09570818520003,196.19649087959624,2.7343685144643026,5.108423032362369,0.7775847571236747,0.6625722879171372,176.03603181384858,192.33662307739257,6193.996432153966,657.1541917785627,6.180024033501034,133.30452167510987,0.7794463718295125,0.8527815599831331,50.38095238095238,153.64,0.7794463718295125,0.8527815599831331,3.683990321623529,1.463370218283418,0.6735010745838217,0.8458130579413863,84.32816256713868,523.0095268618916
noise-game,scale,mnist,42,500,200,1.1,1.0,0.05,iid,1.0,50,46,5.746085913078096,0.8826496436198552,0.39926830689112347,nan,1.277767230163921,6.619618350267411,1000.0,nan,nan,0,0,0,30978,169.5110432017933,193.0299294281006,9.0627172451753,199.83482757639337,2.7705766317004357,5.168026074663897,0.8076066374778748,0.644851063489914,169.5110432017933,193.0299294281006,6213.343810278652,660.3039985233332,6.19879640232433,136.6847686767578,0.7527384287712288,0.8554833608449209,50.72727272727273,152.1,0.7527384287712288,0.8554833608449209,3.72955640888582,1.4721602942260648,0.6533359512333622,0.8501269899785199,80.94121472167969,400.8151632354637
noise-game,scale,mnist,42,500,200,1.1,1.0,0.05,iid,1.0,50,47,5.782948774729577,0.8827223098278045,0.3981271725893021,nan,1.4960025548934937,6.4752906131744385,1000.0,nan,nan,0,0,0,31756,167.18410716337317,193.41735008239746,9.466019352074557,203.31022718533154,2.8275680950261477,5.225631493458472,0.8139545742203208,0.6277023616433144,167.18410716337317,193.41735008239746,5838.155563747794,657.6393019527953,6.51795903374167,139.99207931518555,0.741281081398621,0.8576891367319219,58.294117647058826,153.825,0.741281081398621,0.8576891367319219,3.7867934543990773,1.4746707057188126,0.642293548803725,0.8485696116597279,83.05119967651368,461.55300994854315
noise-game,scale,mnist,42,500,200,1.1,1.0,0.05,iid,1.0,50,48,5.812983893504686,0.8830389793713888,0.3968080211679141,nan,1.2943333712491123,6.329150359034538,1000.0,nan,nan,0,0,0,30596,181.68385314941406,193.8976387786865,9.048646916897374,206.62633322559088,2.8429714047540617,5.281034097655398,0.698167169635946,0.6106954671442508,181.68385314941406,193.8976387786865,6493.659868951362,663.994099936728,6.272247357801958,143.22710174560547,0.8055525343372577,0.8596785710921264,34.54545454545455,151.08,0.8055525343372577,0.8596785710921264,3.818196481914596,1.492027653551947,0.615255603293107,0.8568568345788393,81.55610028076173,408.4581570916212
noise-game,scale,mnist,42,500,200,1.1,1.0,0.05,iid,1.0,50,49,5.839651740787306,0.8832413121064504,0.39557795753081637,nan,1.5951949954032898,6.298517135381698,1000.0,nan,nan,0,0,0,30688,166.2620253129439,192.79891120910645,9.516191306484945,209.78557287762473,2.8579959465703033,5.338239476573882,0.7979533293030479,0.6050876288115978,166.2620253129439,192.79891120910645,6043.24641756982,663.4776840250981,6.640457413413308,146.3896760559082,0.736405517510456,0.8545601361643846,38.81818181818182,151.305,0.736405517510456,0.8545601361643846,3.850093358571735,1.5159332111404245,0.6151422387898251,0.8484004167084926,80.77732904052735,398.3424947965753
noise-game,scale,mnist,42,500,200,1.1,1.0,0.05,iid,1.0,50,50,5.1446353339288935,0.8829776448011398,0.3956361930569013,nan,1.4111751637288503,2.940504069328308,1000.0,nan,0.0,0,0,30411,605,162.9146728515625,0.0,9.193613051677305,212.99701081799947,2.9182028395524573,0.0,0.8091832016195569,0.0,162.9146728515625,0.0,6086.309967315147,0.0,6.45827225276402,149.62481857299804,0.722266898318576,0.0,43.214285714285715,152.055,0.722266898318576,0.0,2.9182028395524573,1.1445705644396933,0.8091832016195569,0.722266898318576,7.602684733072917,284.02779847470697
noise-game,scale,mnist,42,500,200,1.1,1.0,0.05,iid,1.0,50,51,5.189122391698059,0.8781896450122197,0.4102384287118912,0.6036448585145234,1.3472579284147783,8.521049993038178,1000.0,1.0,0.37212537362597387,172,0,30212,530,162.0523015802557,0.0,9.209474698776164,212.06780221070895,2.9571830413664864,0.0,0.8038085048848932,0.0,162.0523015802557,0.0,6143.545973328736,0.0,6.512688159942627,149.9685388946533,0.7183077042294557,0.0,32.54545454545455,151.92,0.7183077042294557,0.0,2.9571830413664864,1.1484703864465422,0.8038085048848932,0.7183077042294557,5.941917724609375,225.26335235538698
noise-game,scale,mnist,42,500,200,1.1,1.0,0.05,iid,1.0,50,52,5.194253122102357,0.8832886443535487,0.3944169082244237,1.0,1.4470294691049135,34.314387474060055,1000.0,1.0,1.0,500,0,29900,580,155.75047889122595,0.0,9.071830634193537,217.8993230971307,3.0176489425116704,0.0,0.8407162382052495,0.0,155.75047889122595,0.0,5889.5977676858265,0.0,6.458261930025541,155.12314544677736,0.6900962518039282,0.0,6.153846153846154,152.0,0.6900962518039282,0.0,3.0176489425116704,1.1577797250435702,0.8407162382052495,0.6900962518039282,6.749187418619791,255.21590326638582
noise-game,scale,mnist,42,500,200,1.1,1.0,0.05,iid,1.0,50,53,5.194253122102357,0.8835293098290762,0.39311843673388164,1.0,1.0559467673301697,139.70644664764404,1000.0,1.0,1.0,455,0,29900,551,162.55910364786783,0.0,8.741875252510765,310.1763087040979,3.0630426246441846,0.0,0.7754178568720818,0.0,162.55910364786783,0.0,6429.230956521624,0.0,6.26499346892039,222.292413482666,0.7217638104301978,0.0,8.0,151.775,0.7217638104301978,0.0,3.0630426246441846,1.1653928891551208,0.7754178568720818,0.7217638104301978,6.502364145914713,257.169238260865
noise-game,scale,mnist,42,500,200,1.1,1.0,0.05,iid,1.0,50,54,5.194253122102357,0.8837013105551402,0.3920765725771586,1.0,1.4651176070465761,659.8946845245362,1000.0,1.0,1.0,3839,0,26689,766,160.4819892434513,0.0,9.065312611364542,1073.026615943274,3.115401525492505,0.0,0.7792397772564608,0.0,160.4819892434513,0.0,6356.615720534604,0.0,6.540246234220617,774.1441012573242,0.7113958863714798,0.0,8.117647058823529,136.585,0.7113958863714798,0.0,3.115401525492505,1.186504977279216,0.7792397772564608,0.7113958863714798,9.09397939046224,360.2082241636276
noise-game,scale,mnist,42,500,200,1.1,1.0,0.05,iid,1.0,50,55,5.267056008547382,0.883895644346873,0.3912212599317233,1.0,1.3434474101433387,3660.7014126586914,1000.0,1.0,1.0,1386,0,28928,498,159.92657353327826,0.0,8.834535473152853,5722.214069419999,3.1506045196140393,0.0,0.7698011306615976,0.0,159.92657353327826,0.0,6086.679810664335,0.0,6.416383743286133,4155.953806762695,0.7097630043950803,0.0,6.461538461538462,146.71,0.7097630043950803,0.0,3.1506045196140393,1.2034440448325445,0.7698011306615976,0.7097630043950803,6.93015151977539,263.7561251287878
noise-game,scale,mnist,42,500,200,1.1,1.0,0.05,iid,1.0,50,56,5.385624747941852,0.8840483119090398,0.39030759523312253,1.0,1.0292597532272338,19101.5740637207,1000.0,1.0,1.0,1166,0,29042,358,155.73843231201172,0.0,8.53340082175683,30017.668738286808,3.1944643036203155,0.0,0.7974992334842682,0.0,155.73843231201172,0.0,6450.954594767026,0.0,6.239130258560181,21947.18720336914,0.6897813379487687,0.0,5.0,146.75,0.6897813379487687,0.0,3.1944643036203155,1.200695915837778,0.7974992334842682,0.6897813379487687,5.191281077067058,215.0318198255675
noise-game,scale,mnist,42,500,200,1.1,1.0,0.05,iid,1.0,50,57,5.4117993384484295,0.8841553119818369,0.38940396457910537,1.0,1.0608106061816216,121875.87258789063,1000.0,1.0,1.0,657,0,29699,700,149.18066482543946,0.0,8.44425198057228,187442.45302832802,3.3155129024819336,0.0,0.8428819954395295,0.0,149.18066482543946,0.0,6154.706642602598,0.0,6.215246939659119,137963.80487304687,0.6613203938457188,0.0,12.2,150.775,0.6613203938457188,0.0,3.3155129024819336,1.1938596854953154,0.8428819954395295,0.6613203938457188,9.945377655029297,410.31377617350654
noise-game,scale,mnist,42,500,200,1.1,1.0,0.05,iid,1.0,50,58,5.4117993384484295,0.8842899789412816,0.38872160176436105,1.0,1.2278654885788758,704450.6248046875,1000.0,1.0,1.0,955,0,29730,1091,152.65149688720703,0.0,8.455225485446931,1094277.062459952,3.437598884295489,0.0,0.7973985411226749,0.0,152.65149688720703,0.0,6356.528855687063,0.0,6.264951229095459,810811.3070703126,0.6766954845863976,0.0,12.75,152.575,0.6766954845863976,0.0,3.437598884295489,1.1902889860685726,0.7973985411226749,0.6766954845863976,12.212119750976562,508.52230845496507
noise-game,scale,mnist,42,500,200,1.1,1.0,0.05,iid,1.0,50,59,5.4117993384484295,0.8843936431407928,0.38801075687011083,1.0,1.0618441383043924,4923093.965,1000.0,1.0,1.0,563,0,29780,559,156.2425069173177,0.0,8.372818309411171,7449650.143677545,3.494055150489803,0.0,0.7564829468727112,0.0,156.2425069173177,0.0,6586.316987079072,0.0,6.245388571421305,5556786.0365625,0.6923755507419498,0.0,7.733333333333333,151.115,0.6923755507419498,0.0,3.494055150489803,1.1850038706736892,0.7564829468727112,0.6923755507419498,7.812125345865885,329.3158493539535
noise-game,scale,mnist,42,500,200,1.1,1.0,0.05,iid,1.0,50,60,5.636690167238256,0.8845659786462784,0.3873381045460701,1.0,1.6609094937642415,29312281.881875,1000.0,1.0,1.0,587,0,29780,537,151.1519889831543,0.0,8.748678073412696,45188325.996921085,3.526963346809842,0.0,0.7771604657173157,0.0,151.1519889831543,0.0,6377.329438271656,0.0,6.569397330284119,33931991.2875,0.6711085654901372,0.0,5.833333333333333,151.235,0.6711085654901372,0.0,3.526963346809842,1.2019487026223898,0.7771604657173157,0.6711085654901372,6.046079559326172,255.09317753086617
noise-game,scale,mnist,42,500,200,1.1,1.0,0.05,iid,1.0,50,61,5.636690167238256,0.8846203098694484,0.3869004653890928,1.0,1.4586049485951662,214009385.9175,1000.0,1.0,1.0,492,0,29780,530,150.72973155975342,0.0,8.748472680664259,319925748.5804671,3.5882827037951817,0.0,0.7757838815450668,0.0,150.72973155975342,0.0,6454.690405000869,0.0,6.613184362649918,241839694.19,0.6687337795895404,0.0,9.875,150.76,0.6687337795895404,0.0,3.5882827037951817,1.2013799323320196,0.7757838815450668,0.6687337795895404,8.038919016520182,344.2501549333797
noise-game,scale,mnist,42,500,200,1.1,1.0,0.05,iid,1.0,50,62,5.636690167238256,0.8846303113301595,0.38641726712385815,1.0,1.2612002864480019,1267985696.21,1000.0,1.0,1.0,712,0,29780,720,144.81585884094238,0.0,8.390176217015512,1934732212.0387652,3.6711721718413584,0.0,0.8210413306951523,0.0,144.81585884094238,0.0,6105.5350988782775,0.0,6.384762823581696,1472294023.57,0.6419998376256236,0.0,8.0,151.86,0.6419998376256236,0.0,3.6711721718413584,1.1972395603398307,0.8210413306951523,0.6419998376256236,7.723512471516927,325.62853860684146
noise-game,scale,mnist,42,500,200,1.1,1.0,0.05,iid,1.0,50,63,5.636690167238256,0.8847613104184469,0.3859452986717224,1.0,1.3233080145559812,9189677411.8,1000.0,1.0,1.0,761,0,29780,829,153.20030613949424,0.0,8.443059615891784,13592371551.92518,3.7301721683479667,0.0,0.7257010842624464,0.0,153.20030613949424,0.0,6555.594769745852,0.0,6.467982543142218,10412720733.64,0.6791201687174813,0.0,9.894736842105264,152.105,0.6791201687174813,0.0,3.7301721683479667,1.2144724452948648,0.7257010842624464,0.6791201687174813,9.702686055501301,415.18766875057065
noise-game,scale,mnist,42,500,200,1.1,1.0,0.05,iid,1.0,50,64,5.636690167238256,0.8847819773356119,0.3856270824869474,1.0,1.7146624988979764,53588794046.56,1000.0,1.0,1.0,1128,0,29780,1162,149.29459042019315,0.0,9.084710366928133,80557214125.4695,3.803688009143672,0.0,0.7533918188677894,0.0,149.29459042019315,0.0,6381.291248969501,0.0,7.0060844156477184,62125331425.76,0.6613790856668833,0.0,8.555555555555555,153.94,0.6613790856668833,0.0,3.803688009143672,1.1997865702244757,0.7533918188677894,0.6613790856668833,8.957675425211589,382.87747493817005
noise-game,scale,mnist,42,500,200,1.1,1.0,0.05,iid,1.0,50,65,5.636690167238256,0.8848909769455592,0.3851386537154516,1.0,1.275051380458631,378829627044.48,1000.0,1.0,1.0,854,0,29780,914,144.65599381296258,0.0,8.403979043353905,553170580235.4453,3.8540774722947373,0.0,0.7737116060758892,0.0,144.65599381296258,0.0,6416.738344210324,0.0,6.524459462416799,429455976499.84,0.6420421707048881,0.0,9.473684210526315,152.57,0.6420421707048881,0.0,3.8540774722947373,1.225991938789436,0.7737116060758892,0.6420421707048881,9.161546274820964,406.39342846665386
noise-game,scale,mnist,42,500,200,1.1,1.0,0.05,iid,1.0,50,66,5.827591617578677,0.8849449779589971,0.38480811029672624,1.0,1.5038555562496185,2186836726453.76,1000.0,1.0,1.0,674,0,29780,692,142.47874546051025,0.0,8.487637314214256,3244275730109.2183,3.896884961340789,0.0,0.7899123728275299,0.0,142.47874546051025,0.0,6141.128239674827,0.0,6.6334840059280396,2535552636121.6,0.6315515356874742,0.0,8.625,151.67,0.6315515356874742,0.0,3.896884961340789,1.2513218824226506,0.7899123728275299,0.6315515356874742,7.598866424560547,327.5268394493241
noise-game,scale,mnist,42,500,200,1.1,1.0,0.05,iid,1.0,50,67,5.827591617578677,0.8849566437800725,0.38460584382216134,1.0,1.3717797994613647,15543449840435.2,1000.0,1.0,1.0,674,0,29780,776,143.51013870239257,0.0,8.46940090387134,22391547985535.316,4.002250277451519,0.0,0.7952421694993973,0.0,143.51013870239257,0.0,6521.8097093862325,0.0,6.663507032394409,17617094663639.04,0.6363258594502454,0.0,11.1,151.67,0.6363258594502454,0.0,4.002250277451519,1.211117738196395,0.7952421694993973,0.6363258594502454,9.567342580159504,434.78731395908216
noise-game,scale,mnist,42,500,200,1.1,1.0,0.05,iid,1.0,50,68,5.982874948759574,0.8849843116601308,0.38440189470847447,1.0,1.5855071544647217,89780036345733.12,1000.0,1.0,1.0,918,0,29780,1018,143.25650315057663,0.0,8.781247352630817,131428905722363.64,4.096804016334889,0.0,0.7663329612641108,0.0,143.25650315057663,0.0,6453.203051493528,0.0,6.955072743552072,104096555215544.31,0.6351060409922583,0.0,10.476190476190476,152.89,0.6351060409922583,0.0,4.096804016334889,1.20443286893463,0.7663329612641108,0.6351060409922583,10.027955220540365,451.72421360454695
noise-game,scale,mnist,42,500,200,1.1,1.0,0.05,iid,1.0,50,69,5.982874948759574,0.885112645427386,0.3838897481560707,1.0,0.9346370895703634,637284972169134.1,1000.0,1.0,1.0,437,0,29780,345,140.68840874565973,0.0,7.94565652262118,905594702646350.8,4.13055228954441,0.0,0.785922626654307,0.0,140.68840874565973,0.0,6384.111018089444,0.0,6.335349082946777,722062242760949.8,0.6232059998070096,0.0,3.111111111111111,150.485,0.6232059998070096,0.0,4.13055228954441,1.1920638614317427,0.785922626654307,0.6232059998070096,4.220652262369792,191.5233305426833
noise-game,scale,mnist,42,500,200,1.1,1.0,0.05,iid,1.0,50,70,5.982874948759574,0.8851576433579127,0.3836551309625308,1.0,1.7060064524412155,3680350270267064.5,1000.0,1.0,1.0,267,0,29780,185,140.92921447753906,0.0,8.35930188778636,5319466490388913.0,4.1639647356886345,0.0,0.7492451295256615,0.0,140.92921447753906,0.0,6395.123711385082,0.0,6.709745824337006,4269766608589291.5,0.6233397251512202,0.0,4.75,149.635,0.6233397251512202,0.0,4.1639647356886345,1.1940516198218656,0.7492451295256615,0.6233397251512202,3.758112386067708,170.53663230360218
noise-game,scale,mnist,42,500,200,1.1,1.0,0.05,iid,1.0,50,71,6.225009789916664,0.885214642683665,0.3834417246778806,1.0,1.476902362704277,2.6483393328376708e+16,1000.0,1.0,1.0,401,0,29780,339,138.12254180908204,0.0,8.291342494328633,3.712351041644199e+16,4.197983206273483,0.0,0.7687134623527527,0.0,138.12254180908204,0.0,6041.640171288347,0.0,6.699713182449341,2.9997177451776572e+16,0.6131149156964911,0.0,5.8,150.305,0.6131149156964911,0.0,4.197983206273483,1.2028413454901388,0.7687134623527527,0.6131149156964911,4.604084726969401,201.38800570961155
noise-game,scale,mnist,42,500,200,1.1,1.0,0.05,iid,1.0,50,72,6.225009789916664,0.8852479761838913,0.38323476562897363,1.0,1.576534636815389,1.5280387358636637e+17,1000.0,1.0,1.0,661,0,29780,649,140.52765706380208,0.0,8.40080860796591,2.179643315980153e+17,4.256655738969905,0.0,0.7579022288322449,0.0,140.52765706380208,0.0,6661.556473609391,0.0,6.833571497599284,1.7730136626242256e+17,0.6223575597613816,0.0,7.2,151.605,0.6223575597613816,0.0,4.256655738969905,1.2069063110340612,0.7579022288322449,0.6223575597613816,7.026382853190104,333.0778236804696
noise-game,scale,mnist,42,500,200,1.1,1.0,0.05,iid,1.0,50,73,6.225009789916664,0.8851939767599106,0.3832156873742739,1.0,1.7129555568099022,1.0999295479338395e+18,1000.0,1.0,1.0,738,0,29780,824,138.95477066040038,0.0,8.590638059205729,1.5205974034378035e+18,4.326465412640861,0.0,0.7540136724710464,0.0,138.95477066040038,0.0,6573.50763394631,0.0,7.034728980064392,1.2451916315472847e+18,0.6163997022547013,0.0,10.3,151.99,0.6163997022547013,0.0,4.326465412640861,1.2165577564914807,0.7540136724710464,0.6163997022547013,9.263651377360025,438.23384226308735
noise-game,scale,mnist,42,500,200,1.1,1.0,0.05,iid,1.0,50,74,6.225009789916664,0.885255309343338,0.38301110555728274,1.0,1.4853342533111573,6.319283767072522e+18,1000.0,1.0,1.0,766,0,29780,774,139.10889282226563,0.0,8.18224191201222,8.893449178345739e+18,4.394732114929431,0.0,0.7625607490539551,0.0,139.10889282226563,0.0,6652.674138996357,0.0,6.745118141174316,7.331409415114598e+18,0.6167874179033871,0.0,8.533333333333333,152.13,0.6167874179033871,0.0,4.394732114929431,1.1945088791430432,0.7625607490539551,0.6167874179033871,6.9554446411132815,332.6337069498178
noise-game,scale,mnist,42,500,200,1.1,1.0,0.05,iid,1.0,50,75,6.225009789916664,0.8853093125422795,0.3829856906334559,1.0,1.6156096160411835,nan,1000.0,1.0,1.0,30444,541,0,107,142.24739837646484,0.0,8.361976658941007,nan,4.435331140993687,0.0,0.7078449513231005,0.0,142.24739837646484,0.0,6740.829095106228,0.0,6.939393145697458,nan,0.630102681783549,0.0,7.428571428571429,0.015,0.630102681783549,0.0,4.435331140993687,1.1948548307653644,0.7078449513231005,0.630102681783549,6.638211924235026,314.57202443829067
noise-game,scale,mnist,42,500,200,1.1,1.0,0.05,iid,1.0,50,76,6.482206535158364,0.8852443118890126,0.3830029846231143,1.0,1.8846732694655657,nan,1000.0,1.0,1.0,30489,584,0,127,136.59572887420654,0.0,8.674222671535802,nan,4.493658448860489,0.0,0.7890204638242722,0.0,136.59572887420654,0.0,6585.658448161055,0.0,7.246668666601181,nan,0.6060191327223405,0.0,7.625,0.025,0.6060191327223405,0.0,4.493658448860489,1.1830412890942197,0.7890204638242722,0.6060191327223405,7.285105539957683,351.23511723525627
noise-game,scale,mnist,42,500,200,1.1,1.0,0.05,iid,1.0,50,77,6.482206535158364,0.8852026430765788,0.3829750344157219,1.0,1.759364243815927,nan,1000.0,1.0,1.0,30241,340,0,187,137.42177536908318,0.0,8.534302071861669,nan,4.547335112077079,0.0,0.7340389209635118,0.0,137.42177536908318,0.0,6730.216012830073,0.0,7.1774660278769105,nan,0.6094184734543854,0.0,10.941176470588236,0.005,0.6094184734543854,0.0,4.547335112077079,1.185199558129237,0.7340389209635118,0.6094184734543854,7.78723393758138,381.3789073937041
noise-game,scale,mnist,42,500,200,1.1,1.0,0.05,iid,1.0,50,78,6.482206535158364,0.885209978222847,0.3829739253719648,1.0,1.9774406443942676,nan,1000.0,1.0,1.0,30513,609,0,52,135.13655922629616,0.0,9.03756264417067,nan,4.571228816452899,0.0,0.7792594216086648,0.0,135.13655922629616,0.0,6630.511006947385,0.0,7.651555841619318,nan,0.6002290721471661,0.0,4.363636363636363,0.02,0.6002290721471661,0.0,4.571228816452899,1.1965189857022414,0.7792594216086648,0.6002290721471661,4.955007171630859,243.1187369214041
noise-game,scale,mnist,42,500,200,1.1,1.0,0.05,iid,1.0,50,79,6.482206535158364,0.8852299763758977,0.38297374089558917,1.0,1.4910469688475132,nan,1000.0,1.0,1.0,30375,469,0,154,136.01894664764404,0.0,8.159830200866667,nan,4.635320392987601,0.0,0.7708703838288784,0.0,136.01894664764404,0.0,6800.125854659018,0.0,6.954643130302429,nan,0.6028624149006272,0.0,9.25,0.03,0.6028624149006272,0.0,4.635320392987601,1.1725911058530576,0.7708703838288784,0.6028624149006272,7.254343821207683,362.6733789151476
noise-game,scale,mnist,42,500,200,1.1,1.0,0.05,iid,1.0,50,80,6.482206535158364,0.8852426427602768,0.3829373433192571,1.0,1.5056977905333042,nan,1000.0,1.0,1.0,30373,471,0,154,137.60419273376465,0.0,8.2517601111417,nan,4.680186203211279,0.0,0.7265342809259892,0.0,137.60419273376465,0.0,6944.374422263764,0.0,7.080038487911224,nan,0.6101626204418791,0.0,9.5,0.01,0.6101626204418791,0.0,4.680186203211279,1.1754060332839746,0.7265342809259892,0.6101626204418791,7.338890279134114,370.36663585406745
noise-game,scale,mnist,42,500,200,1.1,1.0,0.05,iid,1.0,50,81,6.482206535158364,0.8852446446816127,0.3828550943732262,1.0,1.5312175154685974,nan,1000.0,1.0,1.0,30529,624,0,91,136.8456311907087,0.0,7.789000483122512,nan,4.7235744095509,0.0,0.7556787154504231,0.0,136.8456311907087,0.0,7249.924218342289,0.0,6.727691241673061,nan,0.6062634689969134,0.0,6.142857142857143,0.025,0.6062634689969134,0.0,4.7235744095509,1.167394196651821,0.7556787154504231,0.6062634689969134,6.386129455566406,338.3297968559734
noise-game,scale,mnist,42,500,200,1.1,1.0,0.05,iid,1.0,50,82,6.482206535158364,0.8852429783344269,0.3827756519118945,1.0,1.4857078194618225,nan,1000.0,1.0,1.0,30012,110,0,14,135.49668884277344,0.0,7.714690890569702,nan,4.73616098805727,0.0,0.7394177079200744,0.0,135.49668884277344,0.0,6996.694247667239,0.0,6.708078670501709,nan,0.6002290721471661,0.0,2.4,0.01,0.6002290721471661,0.0,4.73616098805727,1.1690225014189393,0.7394177079200744,0.6002290721471661,2.2582781473795572,116.611570794454
noise-game,scale,mnist,42,500,200,1.1,1.0,0.05,iid,1.0,50,83,6.482206535158364,0.8852566446860631,0.3828819144765536,1.0,1.9602272709210713,nan,1000.0,1.0,1.0,30394,494,0,114,135.82795206705728,0.0,8.290141946655721,nan,4.778452886582228,0.0,0.792595112323761,0.0,135.82795206705728,0.0,7069.034714840108,0.0,7.25666176478068,nan,0.6026029029315988,0.0,7.6,0.0,0.6026029029315988,0.0,4.778452886582228,1.1693768040981813,0.792595112323761,0.6026029029315988,6.7913976033528645,353.4517357420054
noise-game,scale,mnist,42,500,200,1.1,1.0,0.05,iid,1.0,50,84,6.482206535158364,0.8852429779370626,0.38299914280573527,1.0,1.6666046679019928,nan,1000.0,1.0,1.0,30661,761,0,86,135.75118473597936,0.0,7.964634718663483,nan,4.816563558869881,0.0,0.7577207471643176,0.0,135.75118473597936,0.0,7211.839544031039,0.0,7.018366983958653,nan,0.6017565641888686,0.0,6.142857142857143,0.0,0.6017565641888686,0.0,4.816563558869881,1.1719715861740583,0.7577207471643176,0.6017565641888686,6.335055287679037,336.55251205478174
noise-game,scale,mnist,42,500,200,1.1,1.0,0.05,iid,1.0,50,85,6.51647643113552,0.885250310699145,0.3830414618055026,1.0,1.9378765001893044,nan,1000.0,1.0,1.0,30150,250,0,98,135.42180887858072,0.0,8.161361220499879,nan,4.851203125792509,0.0,0.7855887214342753,0.0,135.42180887858072,0.0,7192.465628097553,0.0,7.2398256460825605,nan,0.6002290721471661,0.0,8.166666666666666,0.0,0.6002290721471661,0.0,4.851203125792509,1.1683192155950317,0.7855887214342753,0.6002290721471661,5.416872355143229,287.69862512390205
noise-game,scale,mnist,42,500,200,1.1,1.0,0.05,iid,1.0,50,86,6.561826738684042,0.8852259798844655,0.38319173206885654,1.0,2.0774600451642815,nan,1000.0,1.0,1.0,30299,399,0,56,135.4208415638317,0.0,8.711687665987565,nan,4.875882894807164,0.0,0.7652905800125815,0.0,135.4208415638317,0.0,7120.627979476739,0.0,7.779704484072599,nan,0.6002290721471661,0.0,5.090909090909091,0.0,0.6002290721471661,0.0,4.875882894807164,1.175520642771187,0.7652905800125815,0.6002290721471661,4.965430857340495,261.0896925808138
noise-game,scale,mnist,42,500,200,1.1,1.0,0.05,iid,1.0,50,87,6.9815192596714475,0.8852376445134481,0.383208998243014,1.0,1.4849820326675067,nan,1000.0,1.0,1.0,30388,488,0,50,137.6883212002841,0.0,7.721715356888964,nan,4.918381283739947,0.0,0.7221584265882318,0.0,137.6883212002841,0.0,7226.616286960614,0.0,6.941764701496471,nan,0.6102098127463537,0.0,4.545454545454546,0.0,0.6102098127463537,0.0,4.918381283739947,1.15382843308714,0.7221584265882318,0.6102098127463537,5.04857177734375,264.97593052188927
noise-game,scale,mnist,42,500,200,1.1,1.0,0.05,iid,1.0,50,88,6.9815192596714475,0.8852293109893798,0.3833454681436221,1.0,2.1049112915992736,nan,1000.0,1.0,1.0,30189,289,0,52,135.2835693359375,0.0,8.68672962755992,nan,4.94084129646984,0.0,0.7638546764850617,0.0,135.2835693359375,0.0,7412.372320881934,0.0,7.861541318893432,nan,0.6002290721471661,0.0,5.2,0.0,0.6002290721471661,0.0,4.94084129646984,1.1572393571218518,0.7638546764850617,0.6002290721471661,4.509452311197917,247.0790773627312
noise-game,scale,mnist,42,500,200,1.1,1.0,0.05,iid,1.0,50,89,6.9815192596714475,0.885186976591746,0.38348238547643027,1.0,1.7213242329083955,nan,1000.0,1.0,1.0,30475,575,0,76,135.29766845703125,0.0,8.237968965108054,nan,4.984401792294168,0.0,0.7396319508552551,0.0,135.29766845703125,0.0,7581.984457121473,0.0,7.505279064178467,nan,0.6002290721471661,0.0,5.846153846153846,0.0,0.6002290721471661,0.0,4.984401792294168,1.1427657195445358,0.7396319508552551,0.6002290721471661,5.862898966471354,328.5526598085971
noise-game,scale,mnist,42,500,200,1.1,1.0,0.05,iid,1.0,50,90,6.996501198618383,0.8851103111108144,0.3837632066011429,1.0,1.8641590916592141,nan,1000.0,1.0,1.0,30680,780,0,276,135.51773801057234,0.0,8.07875932484302,nan,5.058114813066461,0.0,0.7390958770461704,0.0,135.51773801057234,0.0,7484.951432559027,0.0,7.4094617470451025,nan,0.6002290721471659,0.0,12.0,0.0,0.6002290721471659,0.0,5.058114813066461,1.118518193016083,0.7390958770461704,0.6002290721471659,10.389693247477213,573.8462764961921
noise-game,scale,mnist,42,500,200,1.1,1.0,0.05,iid,1.0,50,91,6.996501198618383,0.8851433106263479,0.38391384094953535,1.0,1.8716644287109374,nan,1000.0,1.0,1.0,30129,229,0,52,135.40508880615235,0.0,7.948510683298461,nan,5.084907987401871,0.0,0.7525258004665375,0.0,135.40508880615235,0.0,7308.803261852912,0.0,7.338766145706177,nan,0.6002290721471661,0.0,5.2,0.0,0.6002290721471661,0.0,5.084907987401871,1.1144967439027995,0.7525258004665375,0.6002290721471661,4.513502960205078,243.62677539509713
noise-game,scale,mnist,42,500,200,1.1,1.0,0.05,iid,1.0,50,92,6.996501198618383,0.8850999774535497,0.3840930293003718,1.0,1.881782691925764,nan,1000.0,1.0,1.0,30284,384,0,156,135.75618743896484,0.0,7.779157708266556,nan,5.1176961287876415,0.0,0.7363175954669714,0.0,135.75618743896484,0.0,7587.212923858149,0.0,7.230447202920914,nan,0.6010656002300395,0.0,9.75,0.0,0.6010656002300395,0.0,5.1176961287876415,1.1187789240928137,0.7363175954669714,0.6010656002300395,7.240329996744792,404.6513559391013
noise-game,scale,mnist,42,500,200,1.1,1.0,0.05,iid,1.0,50,93,7.3414848699662265,0.8850523112217585,0.38442317853371305,1.0,2.117064941674471,nan,1000.0,1.0,1.0,30408,508,0,126,135.60361289978027,0.0,8.698030580477083,nan,5.146707883608535,0.0,0.7481462322175503,0.0,135.60361289978027,0.0,7421.824366445171,0.0,8.138583242893219,nan,0.6006024811896274,0.0,7.875,0.0,0.6006024811896274,0.0,5.146707883608535,1.1281671154369464,0.7481462322175503,0.6006024811896274,7.232192687988281,395.8306328770758
noise-game,scale,mnist,42,500,200,1.1,1.0,0.05,iid,1.0,50,94,7.3414848699662265,0.8851313116153081,0.3844470804929733,1.0,1.5642684671011837,nan,1000.0,1.0,1.0,30316,416,0,54,135.4480341131037,0.0,7.500577059569986,nan,5.182090486987677,0.0,0.7685396888039329,0.0,135.4480341131037,0.0,7780.6079514398125,0.0,7.065092520280317,nan,0.6002290721471661,0.0,4.909090909090909,0.0,0.6002290721471661,0.0,5.182090486987677,1.093300448325319,0.7685396888039329,0.6002290721471661,4.966427917480469,285.2889582194598
noise-game,scale,mnist,42,500,200,1.1,1.0,0.05,iid,1.0,50,95,7.3414848699662265,0.8851019777854283,0.3846954107284546,1.0,1.6465324555572711,nan,1000.0,1.0,1.0,30556,656,0,192,135.33554398386102,0.0,7.588492910806082,nan,5.232177148025083,0.0,0.7158875951641485,0.0,135.33554398386102,0.0,7529.0719895963175,0.0,7.195715854042454,nan,0.600229072147166,0.0,10.105263157894736,0.0,0.600229072147166,0.0,5.232177148025083,1.0786990964667906,0.7158875951641485,0.600229072147166,8.571251118977864,476.8412260077667
noise-game,scale,mnist,42,500,200,1.1,1.0,0.05,iid,1.0,50,96,7.473488314093678,0.8850299777587255,0.38502096563577654,1.0,1.5386168837547303,nan,1000.0,1.0,1.0,30539,639,0,276,135.46642608642577,0.0,7.575970202284807,nan,5.277478721189252,0.0,0.7508785933256149,0.0,135.46642608642577,0.0,7475.870781063988,0.0,7.231893587112427,nan,0.6002290721471659,0.0,13.8,0.0,0.6002290721471659,0.0,5.277478721189252,1.0708249914841368,0.7508785933256149,0.6002290721471659,9.031095072428386,498.3913854042659
noise-game,scale,mnist,42,500,200,1.1,1.0,0.05,iid,1.0,50,97,7.473488314093678,0.8849799789985021,0.38517095188299816,1.0,1.7188120914830103,nan,1000.0,1.0,1.0,30567,667,0,154,135.41342078314887,0.0,7.572456921052425,nan,5.318679256011788,0.0,0.7401543723212348,0.0,135.41342078314887,0.0,8038.419260622406,0.0,7.276891125573052,nan,0.600229072147166,0.0,8.555555555555555,0.0,0.600229072147166,0.0,5.318679256011788,1.0621069775373067,0.7401543723212348,0.600229072147166,8.124805246988933,482.3051556373444
noise-game,scale,mnist,42,500,200,1.1,1.0,0.05,iid,1.0,50,98,7.473488314093678,0.8849986451864242,0.3854243802030881,1.0,2.1711126416921616,nan,1000.0,1.0,1.0,30139,239,0,30,135.23431396484375,0.0,8.379123663433067,nan,5.335129461586541,0.0,0.7896196246147156,0.0,135.23431396484375,0.0,7947.962415926422,0.0,8.105932116508484,nan,0.6002290721471661,0.0,3.75,0.0,0.6002290721471661,0.0,5.335129461586541,1.0618506297148154,0.7896196246147156,0.6002290721471661,3.606248372395833,211.9456644247046
noise-game,scale,mnist,42,500,200,1.1,1.0,0.05,iid,1.0,50,99,7.473488314093678,0.8850023126602173,0.3856064166625341,1.0,1.7688286552826564,nan,1000.0,1.0,1.0,30280,380,0,70,135.53145472208658,0.0,7.729989290357188,nan,5.351917162426037,0.0,0.7352702468633652,0.0,135.53145472208658,0.0,7741.931560948571,0.0,7.527981638908386,nan,0.6002290721471661,0.0,5.833333333333333,0.0,0.6002290721471661,0.0,5.351917162426037,1.0678968423553594,0.7352702468633652,0.6002290721471661,5.4212581888834634,309.67726243794283
noise-game,scale,mnist,42,500,200,1.1,1.0,0.05,iid,1.0,50,100,7.473488314093678,0.8850136440992356,0.38585816403230033,1.0,2.008909966264452,nan,1000.0,1.0,1.0,30253,353,0,112,135.46146937779017,0.0,7.52474823468328,nan,5.38091629742098,0.0,0.7733983142035348,0.0,135.46146937779017,0.0,8334.958601500413,0.0,7.377121380397251,nan,0.6002290721471661,0.0,8.0,0.0,0.6002290721471661,0.0,5.38091629742098,1.0637591972407043,0.7733983142035348,0.6002290721471661,6.321535237630209,388.96473473668595
noise-game,scale,mnist,42,500,200,1.1,1.0,0.05,iid,1.0,50,101,7.473488314093678,0.8850289765993754,0.3859391863147418,1.0,1.6496734000169313,nan,1000.0,1.0,1.0,30275,375,0,86,135.4409907414363,0.0,7.248328309343052,nan,5.407549159477791,0.0,0.7078943023314843,0.0,135.4409907414363,0.0,7913.3864697685,0.0,7.15365692285391,nan,0.6002290721471661,0.0,6.615384615384615,0.0,0.6002290721471661,0.0,5.407549159477791,1.0613592250042667,0.7078943023314843,0.6002290721471661,5.869109598795573,342.91341368996837
noise-game,scale,mnist,42,500,200,1.1,1.0,0.05,iid,1.0,50,102,7.473488314093678,0.88489497701327,0.38636957506338754,1.0,1.8541836773647982,nan,1000.0,1.0,1.0,30753,853,0,120,135.29143299775964,0.0,7.823312889765019,nan,5.441088571994661,0.0,0.7462158799171448,0.0,135.29143299775964,0.0,8123.982114248723,0.0,7.772777725668514,nan,0.6002290721471661,0.0,7.0588235294117645,0.0,0.6002290721471661,0.0,5.441088571994661,1.0575979866768084,0.7462158799171448,0.6002290721471661,7.666514536539713,460.35898647409425
noise-game,scale,mnist,42,500,200,1.1,1.0,0.05,iid,1.0,50,103,7.473488314093678,0.8848909771442414,0.3866065600514412,1.0,1.71499688592222,nan,1000.0,1.0,1.0,30512,612,0,160,135.39944203694662,0.0,7.3515576140497485,nan,5.492094362404564,0.0,0.752231220404307,0.0,135.39944203694662,0.0,8469.838415726417,0.0,7.352926254272461,nan,0.600229072147166,0.0,8.88888888888889,0.0,0.600229072147166,0.0,5.492094362404564,1.0038300046516884,0.752231220404307,0.600229072147166,8.123966522216797,508.1903049435851
noise-game,scale,mnist,42,500,200,1.1,1.0,0.05,iid,1.0,50,104,7.473488314093678,0.8848906433582306,0.3868218976259232,1.0,1.759599208831787,nan,1000.0,1.0,1.0,30560,660,0,104,135.35872395833334,0.0,7.307606049084407,nan,5.520466182886157,0.0,0.7342435240745544,0.0,135.35872395833334,0.0,8401.958537264589,0.0,7.357855733235677,nan,0.6002290721471663,0.0,6.933333333333334,0.0,0.6002290721471663,0.0,5.520466182886157,1.0026824711455433,0.7342435240745544,0.6002290721471663,6.767936197916667,420.09792686322953
noise-game,scale,mnist,42,500,200,1.1,1.0,0.05,iid,1.0,50,105,7.473488314093678,0.8849259754021962,0.38705756425857546,1.0,2.0621457866259982,nan,1000.0,1.0,1.0,30067,167,0,26,135.49627031598772,0.0,7.6348026257388,nan,5.537069420347648,0.0,0.7970922929900033,0.0,135.49627031598772,0.0,8336.789919686053,0.0,7.7387221200125555,nan,0.6002290721471661,0.0,3.7142857142857144,0.0,0.6002290721471661,0.0,5.537069420347648,0.9947538310698851,0.7970922929900033,0.6002290721471661,3.16157964070638,194.5250981260079
noise-game,scale,mnist,42,500,200,1.1,1.0,0.05,iid,1.0,50,106,7.473488314093678,0.8848536437749863,0.3873597750067711,1.0,1.7174223396513197,nan,1000.0,1.0,1.0,30362,462,0,182,135.8237508138021,0.0,7.403037860583329,nan,5.5616764073280605,0.0,0.7114844015902944,0.0,135.8237508138021,0.0,8592.899738904745,0.0,7.5539952119191485,nan,0.6018480611779791,0.0,10.11111111111111,0.0,0.6018480611779791,0.0,5.5616764073280605,1.005911978464939,0.7114844015902944,0.6018480611779791,8.149425048828125,515.5739843342847
noise-game,scale,mnist,42,500,200,1.1,1.0,0.05,iid,1.0,50,107,7.473488314093678,0.8847883105278015,0.3878126576542854,1.0,2.1668089851737022,nan,1000.0,1.0,1.0,30398,498,0,136,135.51004314422607,0.0,7.9057152141242835,nan,5.584107062529628,0.0,0.7427738718688488,0.0,135.51004314422607,0.0,8333.545348641313,0.0,8.12088194489479,nan,0.6002290721471661,0.0,8.5,0.0,0.6002290721471661,0.0,5.584107062529628,1.016029094895575,0.7427738718688488,0.6002290721471661,7.2272023010253905,444.4557519275367
noise-game,scale,mnist,42,500,200,1.1,1.0,0.05,iid,1.0,50,108,7.473488314093678,0.8846359777450562,0.3882928717136383,1.0,2.256810943285624,nan,1000.0,1.0,1.0,30405,505,0,64,135.63997650146484,0.0,8.068930483110893,nan,5.600578958893573,0.0,0.7404066771268845,0.0,135.63997650146484,0.0,8550.978761198383,0.0,8.34398090839386,nan,0.6002290721471661,0.0,5.333333333333333,0.0,0.6002290721471661,0.0,5.600578958893573,1.0241452197072054,0.7404066771268845,0.6002290721471661,5.425599060058594,342.0391504479353
noise-game,scale,mnist,42,500,200,1.1,1.0,0.05,iid,1.0,50,109,7.473488314093678,0.8845783106486003,0.3888526842991511,1.0,2.0712688129681807,nan,1000.0,1.0,1.0,30918,1018,0,318,135.38893655630258,0.0,7.559483463829328,nan,5.652696872299528,0.0,0.7703562424733088,0.0,135.38893655630258,0.0,8532.571000006563,0.0,7.869456621316763,nan,0.600229072147166,0.0,12.23076923076923,0.0,0.600229072147166,0.0,5.652696872299528,1.0109224823606018,0.7703562424733088,0.600229072147166,11.733707834879556,739.4894866672354
noise-game,scale,mnist,42,500,200,1.1,1.0,0.05,iid,1.0,50,110,7.473488314093678,0.8845249785979589,0.3893404107292493,1.0,2.1503801494836807,nan,1000.0,1.0,1.0,30644,744,0,326,135.46997197469076,0.0,7.558321772299909,nan,5.700661740659099,0.0,0.7541371198991934,0.0,135.46997197469076,0.0,8865.080663688785,0.0,7.920877516269684,nan,0.6002290721471661,0.0,13.583333333333334,0.0,0.6002290721471661,0.0,5.700661740659099,0.9977564517620969,0.7541371198991934,0.6002290721471661,10.83759775797526,709.2064530951027
noise-game,scale,mnist,42,500,200,1.1,1.0,0.05,iid,1.0,50,111,7.473488314093678,0.8844489773114522,0.38969688018163046,1.0,2.2287953751427785,nan,1000.0,1.0,1.0,30322,422,0,102,135.4213420322963,0.0,7.366532890749066,nan,5.728691977240745,0.0,0.7870804114001138,0.0,135.4213420322963,0.0,9154.280412903394,0.0,7.77152681350708,nan,0.6002290721471661,0.0,7.285714285714286,0.0,0.6002290721471661,0.0,5.728691977240745,0.9879400391709467,0.7870804114001138,0.6002290721471661,6.319662628173828,427.19975260215836
noise-game,scale,mnist,42,500,200,1.1,1.0,0.05,iid,1.0,50,112,7.473488314093678,0.8844363113244375,0.3899313493569692,1.0,2.076991692185402,nan,1000.0,1.0,1.0,30247,347,0,24,135.1713161468506,0.0,7.3171828207411505,nan,5.739452591711825,0.0,0.7596150487661362,0.0,135.1713161468506,0.0,8205.88530757041,0.0,7.771098613739014,nan,0.6002290721471661,0.0,3.0,0.0,0.6002290721471661,0.0,5.739452591711825,0.99525316483798,0.7596150487661362,0.6002290721471661,3.6045684305826824,218.8236082018776
noise-game,scale,mnist,42,500,200,1.1,1.0,0.05,iid,1.0,50,113,7.473488314093678,0.8843116456270218,0.390535131196181,1.0,2.2565871328115463,nan,1000.0,1.0,1.0,30261,361,0,140,135.5589780807495,0.0,8.282462030728844,nan,5.765348831428133,0.0,0.7131940331310034,0.0,135.5589780807495,0.0,8738.031552892291,0.0,8.85509580373764,nan,0.6002290721471661,0.0,8.75,0.0,0.6002290721471661,0.0,5.765348831428133,0.997429443001657,0.7131940331310034,0.6002290721471661,7.22981216430664,466.02834948758886
noise-game,scale,mnist,42,500,200,1.1,1.0,0.05,iid,1.0,50,114,7.473488314093678,0.8842779765526454,0.39096967001756033,1.0,2.081825049718221,nan,1000.0,1.0,1.0,30662,762,0,108,135.51789042154948,0.0,7.561590246310667,nan,5.789644361777713,0.0,0.7281609455744426,0.0,135.51789042154948,0.0,8770.985880922875,0.0,8.138460254669189,nan,0.6002290721471663,0.0,7.2,0.0,0.6002290721471663,0.0,5.789644361777713,0.9973085935567759,0.7281609455744426,0.6002290721471663,6.775894521077474,438.54929404614376
noise-game,scale,mnist,42,500,200,1.1,1.0,0.05,iid,1.0,50,115,7.473488314093678,0.8842433128754298,0.39131697922945025,1.0,1.930888330936432,nan,1000.0,1.0,1.0,30424,524,0,110,135.61760355631512,0.0,7.434764923668627,nan,5.813485965533733,0.0,0.7082735459009807,0.0,135.61760355631512,0.0,9044.861487977576,0.0,8.055484104156495,nan,0.6002290721471663,0.0,7.333333333333333,0.0,0.6002290721471663,0.0,5.813485965533733,1.001300096891685,0.7082735459009807,0.6002290721471663,6.780880177815755,452.2430743988788
noise-game,scale,mnist,42,500,200,1.1,1.0,0.05,iid,1.0,50,116,7.54745242805571,0.884114644130071,0.39208974530299506,1.0,2.253949934786016,nan,1000.0,1.0,1.0,30395,495,0,286,135.25557708740234,0.0,7.814823726133349,nan,5.848277219083727,0.0,0.7335305566137488,0.0,135.25557708740234,0.0,8946.300839057441,0.0,8.523910609158603,nan,0.6002290721471659,0.0,13.0,0.0,0.6002290721471659,0.0,5.848277219083727,1.0042668065937144,0.7335305566137488,0.6002290721471659,9.918742319742838,656.062061530879
noise-game,scale,mnist,42,500,200,1.1,1.0,0.05,iid,1.0,50,117,7.54745242805571,0.8841389777263006,0.3922403436899185,1.0,1.8645648035136135,nan,1000.0,1.0,1.0,30286,386,0,54,135.37337424538353,0.0,6.717407827901101,nan,5.879246843151337,0.0,0.7584126754240557,0.0,135.37337424538353,0.0,9495.60895640283,0.0,7.375928748737682,nan,0.6002290721471661,0.0,4.909090909090909,0.0,0.6002290721471661,0.0,5.879246843151337,0.9685610853587989,0.7584126754240557,0.6002290721471661,4.963690388997396,348.1723284014371
noise-game,scale,mnist,42,500,200,1.1,1.0,0.05,iid,1.0,50,118,7.549310940139067,0.883892643849055,0.39327391068140666,1.0,2.4731518268585204,nan,1000.0,1.0,1.0,30843,943,0,320,135.46704833984376,0.0,8.205806882790965,nan,5.9223087861970924,0.0,0.752820395231247,0.0,135.46704833984376,0.0,8639.331031731317,0.0,9.070507469177246,nan,0.6002290721471661,0.0,12.8,0.0,0.6002290721471661,0.0,5.9223087861970924,0.9588653038960797,0.752820395231247,0.6002290721471661,11.28892069498698,719.9442526442765
noise-game,scale,mnist,42,500,200,1.1,1.0,0.05,iid,1.0,50,119,7.549310940139067,0.8838763103882472,0.39357687185208,1.0,1.8702837884426118,nan,1000.0,1.0,1.0,30516,616,0,214,135.43055572509766,0.0,6.7412547118293205,nan,5.954420417240899,0.0,0.7614847034215927,0.0,135.43055572509766,0.0,9252.583695932944,0.0,7.501469135284424,nan,0.6002290721471659,0.0,10.7,0.0,0.6002290721471659,0.0,5.954420417240899,0.95142718557736,0.7614847034215927,0.6002290721471659,9.028703715006511,616.8389130621964
noise-game,scale,mnist,42,500,200,1.1,1.0,0.05,iid,1.0,50,120,7.549310940139067,0.8837249777714411,0.39426607380310696,1.0,2.3179334742682323,nan,1000.0,1.0,1.0,30664,764,0,222,135.43089149111793,0.0,7.747694151313654,nan,5.982150375403668,0.0,0.7633843705767677,0.0,135.43089149111793,0.0,9017.93832147685,0.0,8.67907326562064,nan,0.6002290721471659,0.0,10.571428571428571,0.0,0.6002290721471659,0.0,5.982150375403668,0.960198884634145,0.7633843705767677,0.6002290721471659,9.480162404378255,631.2556825033794
noise-game,scale,mnist,42,500,200,1.1,1.0,0.05,iid,1.0,50,121,7.598194322769867,0.8836833131313324,0.394902267853419,1.0,2.4121358955607697,nan,1000.0,1.0,1.0,30381,481,0,160,135.31995705997244,0.0,7.87292319199902,nan,6.003762332869469,0.0,0.7429832816123962,0.0,135.31995705997244,0.0,9036.262092117722,0.0,8.878348687115837,nan,0.6002290721471661,0.0,9.411764705882353,0.0,0.6002290721471661,0.0,6.003762332869469,0.9704478972293097,0.7429832816123962,0.6002290721471661,7.668130900065104,512.0548518866709
noise-game,scale,mnist,42,500,200,1.1,1.0,0.05,iid,1.0,50,122,7.598194322769867,0.8835629765192667,0.3954546621441841,1.0,2.6116937490609975,nan,1000.0,1.0,1.0,30331,431,0,80,135.40400578425482,0.0,7.826248539494221,nan,6.021149830019842,0.0,0.7859053290807284,0.0,135.40400578425482,0.0,9132.46372375782,0.0,8.884748018704927,nan,0.6002290721471661,0.0,6.153846153846154,0.0,0.6002290721471661,0.0,6.021149830019842,0.9717303023870765,0.7859053290807284,0.6002290721471661,5.867506917317709,395.7400946961722
noise-game,scale,mnist,42,500,200,1.1,1.0,0.05,iid,1.0,50,123,7.598194322769867,0.8835053114096324,0.3958512871464093,1.0,2.5912430816226535,nan,1000.0,1.0,1.0,30164,264,0,44,135.37514411078558,0.0,8.660114866293554,nan,6.030788008667493,0.0,0.7134411003854539,0.0,135.37514411078558,0.0,8496.357658454674,0.0,9.897156291537815,nan,0.6002290721471661,0.0,4.888888888888889,0.0,0.6002290721471661,0.0,6.030788008667493,0.9749695041994662,0.7134411003854539,0.6002290721471661,4.061254323323568,254.8907297536402
noise-game,scale,mnist,42,500,200,1.1,1.0,0.05,iid,1.0,50,124,7.598194322769867,0.8835726455847422,0.3959965403874715,1.0,1.7203538748953078,nan,1000.0,1.0,1.0,30205,305,0,40,135.3251020643446,0.0,7.555737113751288,nan,6.046160003159257,0.0,0.6593093772729238,0.0,135.3251020643446,0.0,8921.008089359331,0.0,8.692784468332926,nan,0.6002290721471661,0.0,4.444444444444445,0.0,0.6002290721471661,0.0,6.046160003159257,0.9712237015977863,0.6593093772729238,0.6002290721471661,4.059753061930339,267.63024268077993
noise-game,scale,mnist,42,500,200,1.1,1.0,0.05,iid,1.0,50,125,7.598194322769867,0.8835239783922831,0.39645135790109637,1.0,2.187747017542521,nan,1000.0,1.0,1.0,30524,624,0,96,135.44275410970053,0.0,6.597798824689375,nan,6.067144629208627,0.0,0.7956519405047099,0.0,135.44275410970053,0.0,10386.147643059197,0.0,7.641461658477783,nan,0.6002290721471663,0.0,6.4,0.0,0.6002290721471663,0.0,6.067144629208627,0.9739934740054902,0.7956519405047099,0.6002290721471663,6.772137705485026,519.3073821529598
noise-game,scale,mnist,42,500,200,1.1,1.0,0.05,iid,1.0,50,126,7.598194322769867,0.8835373139381408,0.39673476547002795,1.0,2.423057273030281,nan,1000.0,1.0,1.0,30150,250,0,40,135.30488395690918,0.0,7.603777483458731,nan,6.076546164406634,0.0,0.7763107270002365,0.0,135.30488395690918,0.0,10149.314216830924,0.0,8.865476131439209,nan,0.6002290721471661,0.0,5.0,0.0,0.6002290721471661,0.0,6.076546164406634,0.975285275546037,0.7763107270002365,0.6002290721471661,3.6081302388509116,270.6483791154913
noise-game,scale,mnist,42,500,200,1.1,1.0,0.05,iid,1.0,50,127,7.629303397123509,0.8833136435349782,0.39767374445994697,1.0,2.49183065071702,nan,1000.0,1.0,1.0,30356,456,0,134,135.4249963760376,0.0,8.186910059812774,nan,6.10665712048997,0.0,0.7269574459642172,0.0,135.4249963760376,0.0,9763.09396594666,0.0,9.609216570854187,nan,0.6002290721471661,0.0,8.375,0.0,0.6002290721471661,0.0,6.10665712048997,0.9562477935830317,0.7269574459642172,0.6002290721471661,7.222666473388672,520.6983448504885
noise-game,scale,mnist,42,500,200,1.1,1.0,0.05,iid,1.0,50,128,7.629303397123509,0.8834343105554581,0.397789208094279,1.0,1.539482240875562,nan,1000.0,1.0,1.0,30273,373,0,78,135.43261082967123,0.0,6.168281692891017,nan,6.124601594169438,0.0,0.7432227780421575,0.0,135.43261082967123,0.0,10805.81924594366,0.0,7.288320422172546,nan,0.6002290721471661,0.0,6.5,0.0,0.6002290721471661,0.0,6.124601594169438,0.9535721970499832,0.7432227780421575,0.6002290721471661,5.417304433186849,432.23276983774633
noise-game,scale,mnist,42,500,200,1.1,1.0,0.05,iid,1.0,50,129,7.714783338337382,0.8832973096768061,0.39834655622641246,1.0,2.106397867202759,nan,1000.0,1.0,1.0,30533,633,0,160,135.40364922417535,0.0,6.978339042299193,nan,6.147375004300525,0.0,0.764755775531133,0.0,135.40364922417535,0.0,10027.480004067333,0.0,8.300621694988674,nan,0.600229072147166,0.0,8.88888888888889,0.0,0.600229072147166,0.0,6.147375004300525,0.9586971797085575,0.764755775531133,0.600229072147166,8.124218953450521,601.64880024404
noise-game,scale,mnist,42,500,200,1.1,1.0,0.05,iid,1.0,50,130,7.714783338337382,0.8832486448685328,0.39885539005200066,1.0,2.3934540965340356,nan,1000.0,1.0,1.0,30290,390,0,62,135.35839150168678,0.0,7.691588028640163,nan,6.163377805633983,0.0,0.7550357742743059,0.0,135.35839150168678,0.0,9912.806289333523,0.0,9.210217085751621,nan,0.6002290721471661,0.0,5.636363636363637,0.0,0.6002290721471661,0.0,6.163377805633983,0.9567988694248122,0.7550357742743059,0.6002290721471661,4.963141021728515,363.4695639422291
noise-game,scale,mnist,42,500,200,1.1,1.0,0.05,iid,1.0,50,131,7.714783338337382,0.8832346443335215,0.399151363770167,1.0,2.489010149782354,nan,1000.0,1.0,1.0,30355,455,0,52,135.58178433504972,0.0,7.685624489483415,nan,6.176633821942172,0.0,0.728552823716944,0.0,135.58178433504972,0.0,9987.487763159417,0.0,9.26463491266424,nan,0.6002290721471661,0.0,4.7272727272727275,0.0,0.6002290721471661,0.0,6.176633821942172,0.9616314882423449,0.728552823716944,0.6002290721471661,4.971332092285156,366.2078846491787
noise-game,scale,mnist,42,500,200,1.1,1.0,0.05,iid,1.0,50,132,7.715520184837645,0.8831173104047775,0.39968521912892657,1.0,2.162741415640887,nan,1000.0,1.0,1.0,30139,239,0,206,135.38102273380056,0.0,7.082822443579118,nan,6.204784040546179,0.0,0.7202386084724876,0.0,135.38102273380056,0.0,10015.066835287394,0.0,8.595097345464369,nan,0.6002290721471661,0.0,12.117647058823529,0.0,0.6002290721471661,0.0,6.204784040546179,0.9500127652091058,0.7202386084724876,0.6002290721471661,7.671591288248698,567.520453999619
noise-game,scale,mnist,42,500,200,1.1,1.0,0.05,iid,1.0,50,133,7.743342141948482,0.8829923093318939,0.4004412066936493,1.0,2.5837408234091366,nan,1000.0,1.0,1.0,30550,650,0,136,135.3892561968635,0.0,8.071180379788164,nan,6.226955262905921,0.0,0.7491752049502205,0.0,135.3892561968635,0.0,9641.238329404468,0.0,9.859997272491455,nan,0.6002290721471661,0.0,8.0,0.0,0.6002290721471661,0.0,6.226955262905921,0.9508760115167154,0.7491752049502205,0.6002290721471661,7.672057851155599,546.3368386662532
noise-game,scale,mnist,42,500,200,1.1,1.0,0.05,iid,1.0,50,134,7.753736219913895,0.8828629779815674,0.4011173568169276,1.0,2.5282284140586855,nan,1000.0,1.0,1.0,30537,637,0,100,135.3819844563802,0.0,7.693684327030268,nan,6.253047087243753,0.0,0.7643513957659404,0.0,135.3819844563802,0.0,10357.86485955032,0.0,9.461704953511555,nan,0.6002290721471663,0.0,6.666666666666667,0.0,0.6002290721471663,0.0,6.253047087243753,0.9337411376249525,0.7643513957659404,0.6002290721471663,6.76909922281901,517.8932429775159
noise-game,scale,mnist,42,500,200,1.1,1.0,0.05,iid,1.0,50,135,7.753736219913895,0.8828033123413722,0.40170353253682456,1.0,2.4176488002141316,nan,1000.0,1.0,1.0,30325,425,0,122,135.54149068196614,0.0,7.469373236624631,nan,6.2691219349620395,0.0,0.7448308149973552,0.0,135.54149068196614,0.0,9843.034367065413,0.0,9.247290388743084,nan,0.6002290721471663,0.0,8.133333333333333,0.0,0.6002290721471663,0.0,6.2691219349620395,0.939498618091513,0.7448308149973552,0.6002290721471663,6.777074534098308,492.15171835327055
noise-game,scale,mnist,42,500,200,1.1,1.0,0.05,iid,1.0,50,136,7.878169042704279,0.8827713104089101,0.4022438598672549,1.0,2.047797054052353,nan,1000.0,1.0,1.0,30413,513,0,68,135.39488728841147,0.0,7.265844007284741,nan,6.284859929682235,0.0,0.7075444608926773,0.0,135.39488728841147,0.0,10327.997304961418,0.0,9.055484692255655,nan,0.6002290721471661,0.0,5.666666666666667,0.0,0.6002290721471661,0.0,6.284859929682235,0.9387532164900506,0.7075444608926773,0.6002290721471661,5.415795491536458,413.1198921984567
noise-game,scale,mnist,42,500,200,1.1,1.0,0.05,iid,1.0,50,137,8.002601865494665,0.8825273108482361,0.4034925889968872,0.9988496416348143,2.8975612626356235,nan,1000.0,0.9977172253034323,1.0,30686,788,0,128,135.5820285572725,0.0,8.817660901414394,nan,6.3061639299419605,0.0,0.7463834951905643,0.0,135.5820285572725,0.0,9985.134347746152,0.0,11.063035880818086,nan,0.6002290721471661,0.0,7.529411764705882,0.0,0.6002290721471661,0.0,6.3061639299419605,0.9403955906890132,0.7463834951905643,0.6002290721471661,7.682981618245443,565.8242797056153
