algorithm,attack_type,dataset,seed,n_nodes,n_attackers,noise_mult,clip_bound,sampling_rate,split_mode,dirichlet_alpha,start_round,round,epsilon,accuracy,test_loss,f1_score,mean_update_norm_honest,mean_update_norm_attacker,best_alpha,precision,recall,total_tp_all,total_fp_all,total_fn_all,total_tn_all,n_dp_norm_honest,n_dp_norm_attacker,nsr_honest,nsr_attacker,sigma_dp_honest,sigma_dp_attacker,eps_n_honest,eps_n_attacker,sigma_n_honest,sigma_n_attacker,trust_honest,trust_attacker,noise_norm_honest,noise_norm_attacker,eps_avg,eps_std,avg_trust,avg_sigma_dp_precap,avg_n_dp_norm_postcap,avg_nsr
noise-game,scale,fashion_mnist,42,500,100,1.1,1.0,0.05,iid,1.0,50,0,1.9060445256894678,0.4577772376686335,1.9727050006389617,nan,0.5635412782430649,0.5640535992383957,1000.0,nan,nan,0,0,0,10662,225.4163589477539,225.6212565612793,959.2692011536615,959.8655770581192,1.0,1.0,0.05718133577068404,1.906044525689468,1.0,1.0,1.0,1.0,225.4163589477539,225.6212565612793,0.4269539737544407,0.7946720006967081,1.0,1.0,50.53424392700195,214.99557623931173
noise-game,scale,fashion_mnist,42,500,100,1.1,1.0,0.05,iid,1.0,50,1,1.9454988120583148,0.5716434846818447,1.7061178410053253,nan,0.6005147475945322,0.9652935129404068,1000.0,0.0,nan,0,16,0,10948,226.48779457493833,250.55853942871093,1111.217777887426,1223.9855336528612,1.0036345049459519,1.111210487510206,0.13952891931832828,1.9371454697931076,1.0036345049459519,1.111210487510206,0.9862788005879051,0.8776216614246368,226.48779457493833,250.55853942871093,0.4990522294132842,0.8463383022638991,0.8949702802826377,1.0940344902940644,58.718244079589844,287.0233822902944
noise-game,scale,fashion_mnist,42,500,100,1.1,1.0,0.05,iid,1.0,50,2,2.05442199958071,0.6215809836983681,1.481785678267479,nan,0.6024909079074859,1.5324538469314575,1000.0,0.0,nan,0,17,0,11041,221.68819274902344,231.63219100952148,1190.4728427621135,1221.4022826297323,0.9822886307193277,1.02680644771098,0.23322308401698844,2.0285549313346825,0.9822886307193277,1.02680644771098,0.9978678226470947,0.9524506860971451,221.68819274902344,231.63219100952148,0.5922894534805272,0.9137358372985287,0.96002020885547,1.0193868115457048,55.193965911865234,291.89937023643097
noise-game,scale,fashion_mnist,42,500,100,1.1,1.0,0.05,iid,1.0,50,3,2.1913264695421195,0.6507762351632118,1.3057699653506278,nan,0.5844318712199176,2.014406923055649,1000.0,0.0,nan,0,128,0,11472,219.3232834427445,227.03656936645507,1326.1564010149577,1317.1257494488432,0.9725555220269686,1.0066940193230736,0.3593285775683262,2.1575170141330364,0.9725555220269686,1.0066940193230736,0.9978257528057805,0.9626475834846496,219.3232834427445,227.03656936645507,0.7189662648812684,0.990160681661234,0.9701264068836303,0.999436228559335,57.25077117919922,335.0375955445763
noise-game,scale,fashion_mnist,42,500,100,1.1,1.0,0.05,iid,1.0,50,4,2.368721649164588,0.6730879828333854,1.1761399066448213,nan,0.5697779589229159,2.450131278038025,1000.0,0.0,nan,0,24,0,10892,216.9900419447157,225.29836090087892,1515.1171701888206,1456.4973456134699,0.9620521560036407,0.9991368369100267,0.44693039105681637,2.30521055671094,0.9620521560036407,0.9991368369100267,0.9986857506963942,0.9600876152515412,216.9900419447157,225.29836090087892,0.8185864241876412,1.0505343597417394,0.965975466421095,0.9934798516870187,52.871313690185545,345.84368724949155
noise-game,scale,fashion_mnist,42,500,100,1.1,1.0,0.05,iid,1.0,50,5,2.4541033758208033,0.6903094825148582,1.0818967527151109,nan,0.6915282540851169,2.8406353068351744,1000.0,0.0,nan,0,51,0,11529,218.2715318467882,225.3472929382324,1784.4929529386893,1593.4916733959333,0.9678098203450557,0.9982752364542355,0.5167909527428673,2.430720235568254,0.9678098203450557,0.9982752364542355,0.9825695090823703,0.9505420976877212,218.2715318467882,225.3472929382324,0.8995768093079446,1.0970032608865583,0.9554276350191084,0.9936279695901231,52.92723373413086,382.9400809849794
noise-game,scale,fashion_mnist,42,500,100,1.1,1.0,0.05,iid,1.0,50,6,2.4955076966686285,0.7020682319998741,1.0115172323584556,nan,0.6730704605579376,3.2042760372161867,1000.0,0.0,nan,0,43,0,10805,218.54612138536243,224.84417495727538,2016.7978810988834,1696.0745102287797,0.9689889639188858,0.9967766836669307,0.588124555546919,2.4758019355355385,0.9689889639188858,0.9967766836669307,0.9710921049118042,0.9415860885381698,218.54612138536243,224.84417495727538,0.9656600315446429,1.1177731105741857,0.9460870062900801,0.9925378789596017,52.836495361328126,411.8196257653157
noise-game,scale,fashion_mnist,42,500,100,1.1,1.0,0.05,iid,1.0,50,7,2.5396665210698477,0.7102592332661152,0.9576091705262662,nan,0.6407479074868289,3.5364481902122495,1000.0,0.0,nan,0,45,0,11005,216.65358040549538,224.81311401367188,2265.183033037079,1726.681652347818,0.9596257504505069,0.9963623638546527,0.6787599997757254,2.514192568629044,0.9596257504505069,0.9963623638546527,0.9707935316996141,0.9313932132720947,216.65358040549538,224.81311401367188,1.0458465135463895,1.1360540663672067,0.9384981887262376,0.9897377286506264,54.49538034057617,445.00438392319506
noise-game,scale,fashion_mnist,42,500,100,1.1,1.0,0.05,iid,1.0,50,8,2.594421393361585,0.716786982268095,0.9146376088261604,nan,0.6766552439442387,3.8801176619529723,1000.0,0.0,nan,0,87,0,11623,223.41492094816985,222.93609497070312,2592.0253678690524,1681.172613215801,0.9907086525549391,0.9875354270108424,0.7722606244501904,2.5563547816026087,0.9907086525549391,0.9875354270108424,0.9267781288535507,0.9302156430482864,223.41492094816985,222.93609497070312,1.1290794558806738,1.151866414488284,0.9294848329438938,0.9882100497643117,56.6516247253418,476.20389250808904
noise-game,scale,fashion_mnist,42,500,100,1.1,1.0,0.05,iid,1.0,50,9,2.6541224569575146,0.7225827303528786,0.8795123660564422,nan,0.678691973288854,4.183735332489014,1000.0,0.0,nan,0,79,0,11657,222.39575258890787,221.8409147644043,2805.730138332148,1582.4126086457354,0.985499354983629,0.9831630881615391,0.8557130568151345,2.600710074348654,0.985499354983629,0.9831630881615391,0.921691949168841,0.9242482322454453,222.39575258890787,221.8409147644043,1.2047124603218382,1.1639448704152227,0.9237534677790057,0.9836152688367822,55.04317907714844,451.1575683690901
noise-game,scale,fashion_mnist,42,500,100,1.1,1.0,0.05,iid,1.0,50,10,2.720432397537244,0.7274912318587303,0.8502961185574531,nan,0.7486379494269689,4.487560334205628,1000.0,0.0,nan,0,85,0,11457,214.19794273376465,219.89923263549804,2938.4486953550622,1454.506753056394,0.9493215996035996,0.974934997340696,0.9477494621979128,2.6499234411448906,0.9493215996035996,0.974934997340696,0.9508373762170473,0.9225301939249039,214.19794273376465,219.89923263549804,1.2881842579873082,1.1739720100441116,0.9280090034008026,0.9699775655206128,54.261347778320314,431.9468879883218
noise-game,scale,fashion_mnist,42,500,100,1.1,1.0,0.05,iid,1.0,50,11,2.792561360056282,0.7321169815957547,0.8253606843948365,nan,0.8094026918212572,4.784610724449157,1000.0,0.0,nan,0,30,0,11860,219.63356971740723,217.76007293701173,3208.462608897884,1312.7808739201125,0.9740242185940072,0.9650516330903378,1.0165114908740114,2.7062590729796154,0.9740242185940072,0.9650516330903378,0.9127181246876717,0.9227340251207352,219.63356971740723,217.76007293701173,1.3544610072951322,1.1832883820900004,0.9207954637465938,0.9667882625426608,54.09442593383789,416.5623800111209
noise-game,scale,fashion_mnist,42,500,100,1.1,1.0,0.05,iid,1.0,50,12,2.881397933603152,0.7359369803965091,0.8041301594674587,nan,0.7142854734607365,5.042692914009094,1000.0,0.0,nan,0,139,0,11939,223.1237454621688,216.45091690063475,3457.187021186941,1186.4795491658035,0.9893798395956558,0.9591878124437101,1.0914083007786,2.766707089566057,0.9893798395956558,0.9591878124437101,0.8844773458397907,0.9185187613964081,223.1237454621688,216.45091690063475,1.4264680585360916,1.1895497009666072,0.9121532934467967,0.9648334760574886,53.55387567138672,396.32651280775997
noise-game,scale,fashion_mnist,42,500,100,1.1,1.0,0.05,iid,1.0,50,13,2.9804441599614195,0.7398704822361469,0.7854641565680504,nan,0.8363933950662613,5.287924637794495,1000.0,0.0,nan,0,84,0,10468,218.64031600952148,214.9296208190918,3575.738915182119,1076.819850833909,0.9696318698511467,0.9527969753209337,1.1365428868911618,2.83346548063881,0.9696318698511467,0.9527969753209337,0.8957557052373886,0.9149277609586716,218.64031600952148,214.9296208190918,1.4759274056406917,1.1995552694294886,0.9117324183384578,0.9556027910759691,51.731536804199216,358.3935267740665
noise-game,scale,fashion_mnist,42,500,100,1.1,1.0,0.05,iid,1.0,50,14,3.072556102042159,0.7432717305421829,0.7691636723279953,nan,0.8036566555500031,5.4820737409591676,1000.0,0.0,nan,0,6,0,10892,213.55604451497396,214.6217268371582,3632.7976966392835,993.1985649185851,0.9459197956228186,0.9515849826549169,1.1891602364540403,2.901898140159367,0.9459197956228186,0.9515849826549169,0.9119332432746887,0.90541672706604,213.55604451497396,214.6217268371582,1.5317078171951055,1.2079168727185319,0.9062667074410812,0.9508460452159476,49.33102670288086,307.6236438828955
noise-game,scale,fashion_mnist,42,500,100,1.1,1.0,0.05,iid,1.0,50,15,3.192133867688905,0.7460937310755252,0.7551221945881843,nan,0.8295187779835292,5.649510364532471,1000.0,0.0,nan,0,72,0,10896,219.09912036714098,214.52807891845703,3896.904130525923,922.9967742529351,0.9710326979386414,0.951544577491648,1.2425354192271831,2.9755068761826875,0.9710326979386414,0.951544577491648,0.8718209607260567,0.8944629263877869,219.09912036714098,214.52807891845703,1.589129710618284,1.2162720287076922,0.8905333290415361,0.9549268132717049,52.107778839111326,348.26932833267585
noise-game,scale,fashion_mnist,42,500,100,1.1,1.0,0.05,iid,1.0,50,16,3.377983350726144,0.7487814824283123,0.7425151887536049,nan,1.0075760409235954,5.814887475967407,1000.0,0.0,nan,0,34,0,11776,217.2116340637207,214.14330673217773,4016.120147908833,866.663191558129,0.963591932758088,0.9494419059328351,1.2750763000379057,3.051701941670383,0.963591932758088,0.9494419059328351,0.869214391708374,0.8858196020126343,217.2116340637207,214.14330673217773,1.6304014283644013,1.231128011933934,0.8830520669619243,0.951800243737044,51.51712670898438,333.97744422797916
noise-game,scale,fashion_mnist,42,500,100,1.1,1.0,0.05,iid,1.0,50,17,3.496516584352932,0.7515787309408188,0.7308819296956063,nan,0.7076476812362671,5.974072895050049,1000.0,0.0,nan,0,64,0,10738,217.7549116346571,213.35536483764648,4194.68880932672,817.1563659960765,0.9643344616064926,0.9461509757617641,1.3352442718620445,3.1319370729800937,0.9643344616064926,0.9461509757617641,0.8569696843624115,0.8785226583480835,217.7549116346571,213.35536483764648,1.6945828320856544,1.2371334238986482,0.8752349165536589,0.9489247278397737,50.51024978637695,314.44007033497724
noise-game,scale,fashion_mnist,42,500,100,1.1,1.0,0.05,iid,1.0,50,18,3.530594170557086,0.753927730768919,0.7208000881969929,nan,0.8586372406709761,6.072014136314392,1000.0,0.0,nan,0,117,0,11039,220.99596441359748,213.9175730895996,4376.509872790797,779.9822264429395,0.9792244396393218,0.948491947933901,1.3847144504626812,3.211373202518881,0.9792244396393218,0.948491947933901,0.8276554984705788,0.8644489711523056,220.99596441359748,213.9175730895996,1.750046200873921,1.2454381465472797,0.8580633271331629,0.9538256861637676,52.06534512329102,339.8098599458013
noise-game,scale,fashion_mnist,42,500,100,1.1,1.0,0.05,iid,1.0,50,19,3.5673579018905706,0.7563002303242683,0.7113134866952896,nan,0.8354871488279767,6.148204612731933,1000.0,0.0,nan,0,89,0,11181,215.70317586263022,214.53926544189454,4398.853468246802,744.1212901756917,0.956741925106732,0.9513764074807746,1.4341603373317884,3.282685493451635,0.956741925106732,0.9513764074807746,0.8430602120028602,0.8495484620332718,215.70317586263022,214.53926544189454,1.8038653685557575,1.2504868901063233,0.8485587289777853,0.9521948762711749,50.6731674194336,307.1829828920232
noise-game,scale,fashion_mnist,42,500,100,1.1,1.0,0.05,iid,1.0,50,20,3.6023802928376556,0.7582332296669483,0.7029242052137852,nan,0.7294574325734918,6.199561915397644,1000.0,0.0,nan,0,85,0,11181,211.93288629705256,215.53716278076172,4558.611496260951,722.9706280112197,0.9392832394998113,0.9551628904642986,1.493734611642655,3.348400843583073,0.9392832394998113,0.9551628904642986,0.8527568605813113,0.8333614110946655,211.93288629705256,215.53716278076172,1.8646678580307385,1.2518187356242303,0.8368589511660279,0.9522993468477516,52.432479553222656,345.1730314377258
noise-game,scale,fashion_mnist,42,500,100,1.1,1.0,0.05,iid,1.0,50,21,3.6433414528318995,0.7601319797337055,0.6952915106713772,nan,0.8146547218163808,6.243899569511414,1000.0,0.0,nan,0,17,0,10717,213.16026000976564,216.00124618530273,4740.76236206267,702.660203783881,0.9465626979734953,0.9579535127523693,1.5254101083077245,3.4062234692765827,0.9465626979734953,0.9579535127523693,0.8322463671366374,0.8181937688589096,213.16026000976564,216.00124618530273,1.9015727805014966,1.2582117051212072,0.8200267164603524,0.956467754302951,49.59505703735351,282.75491161865637
noise-game,scale,fashion_mnist,42,500,100,1.1,1.0,0.05,iid,1.0,50,22,3.6772185641094968,0.7618749812245369,0.6879175186157227,nan,0.8810940378386042,6.338687579631806,1000.0,0.0,nan,0,116,0,11230,219.39177338973334,215.21666564941407,4838.742012692511,674.1663013010474,0.9729950863761156,0.9540079269103289,1.5730589343353554,3.4656019107798697,0.9729950863761156,0.9540079269103289,0.7875734638908635,0.8112329214811325,219.39177338973334,215.21666564941407,1.9515675296242585,1.26059914736769,0.806808795265066,0.957558371363281,53.13535470581055,357.41539284406497
noise-game,scale,fashion_mnist,42,500,100,1.1,1.0,0.05,iid,1.0,50,23,3.708352901257752,0.7637637311220169,0.6814436197280884,nan,0.7772598415613174,6.289625525474548,1000.0,0.0,nan,0,33,0,10911,217.27029334174262,217.38726089477538,4816.723498126875,660.003956726877,0.9628924833170819,0.9634085478826384,1.627475438090396,3.5101138877699203,0.9628924833170819,0.9634085478826384,0.7881035109361013,0.7874539920687675,217.27029334174262,217.38726089477538,2.004003128026301,1.2557665108185494,0.7875530712180219,0.9633298261692486,51.299182739257816,305.4028372779429
noise-game,scale,fashion_mnist,42,500,100,1.1,1.0,0.05,iid,1.0,50,24,3.735766643164218,0.7654869818687439,0.675250631570816,nan,0.8084961756279594,6.3672768497467045,1000.0,0.0,nan,0,52,0,10980,216.1806287263569,216.3811978149414,5080.166054939063,642.9179141982504,0.9590177939965617,0.9588428049329264,1.6762875967926818,3.555944055948052,0.9590177939965617,0.9588428049329264,0.7808494442387631,0.7810718989372254,216.1806287263569,216.3811978149414,2.052218888623756,1.2529394182293887,0.7810363809601599,0.9588707443632544,51.49110345458984,321.6298929273344
noise-game,scale,fashion_mnist,42,500,100,1.1,1.0,0.05,iid,1.0,50,25,3.7644802290642456,0.7667904803156853,0.6698837453126907,nan,0.6752773246594838,6.4487761116027835,1000.0,0.0,nan,0,29,0,10765,199.3430666242327,214.9342710876465,4782.443235900163,627.8897993873445,0.8840316553323817,0.9531198037864685,1.733522809564365,3.59527850554949,0.8840316553323817,0.9531198037864685,0.864880885396685,0.7761699467897415,199.3430666242327,214.9342710876465,2.1058739487613902,1.245363363043799,0.7870642725835767,0.9446352943271947,48.568460083007814,259.48637048267346
noise-game,scale,fashion_mnist,42,500,100,1.1,1.0,0.05,iid,1.0,50,26,3.796536395787501,0.7682084813714027,0.6644111777842044,nan,0.7386485566111172,6.375781917572022,1000.0,0.0,nan,0,53,0,10373,221.65528061810662,216.7165966796875,5325.060001232162,610.092077738059,0.9811348782832634,0.9608066359670048,1.777320780533263,3.6282197341986437,0.9811348782832634,0.9608066359670048,0.7275366572772756,0.7539009663462639,221.65528061810662,216.7165966796875,2.1475005712663386,1.2405824839871997,0.7500702547721374,0.9637603122009912,50.879598876953125,303.0704555895054
noise-game,scale,fashion_mnist,42,500,100,1.1,1.0,0.05,iid,1.0,50,27,3.825574911809391,0.769688481837511,0.6596487045288086,nan,0.7899192869663239,6.261694970130921,1000.0,0.0,nan,0,176,0,10524,213.4567473038383,219.0490022277832,5312.945610090961,603.2064036991427,0.9467271009533431,0.9708237610018348,1.8294692462541644,3.6581351910074242,0.9467271009533431,0.9708237610018348,0.759821153205374,0.7282553851604462,213.4567473038383,219.0490022277832,2.1952024352048167,1.2312739638760806,0.7341579271525871,0.9663178814805721,53.6288108215332,365.0367788040127
noise-game,scale,fashion_mnist,42,500,100,1.1,1.0,0.05,iid,1.0,50,28,3.875246445657506,0.7709652300179005,0.6549957928061485,nan,0.7409797952725337,6.229541726112366,1000.0,0.0,nan,0,608,0,11038,207.74008824275091,219.2545265197754,5142.074409741981,592.5783041717974,0.9211292376097523,0.972407172529426,1.8932694038688442,3.6850987480192394,0.9211292376097523,0.972407172529426,0.781226444702882,0.7133790802955627,207.74008824275091,219.2545265197754,2.2516352726989233,1.218242594187205,0.7273793300938984,0.9618260113555254,54.653389892578126,385.90353014094256
noise-game,scale,fashion_mnist,42,500,100,1.1,1.0,0.05,iid,1.0,50,29,3.923254757705527,0.7721372298896313,0.6507147747278214,nan,0.7142371071709527,6.102503991127014,1000.0,0.0,nan,0,84,0,10700,214.00854661729602,221.30582580566406,5443.9265749795195,590.5057209619873,0.9474571813171343,0.9811282035519123,1.9232756698883897,3.7103703049123156,0.9474571813171343,0.9811282035519123,0.7337921791606479,0.6887932994961738,214.00854661729602,221.30582580566406,2.280694596893175,1.2151932577844182,0.6956575353771953,0.9759919459228783,51.96547283935547,314.08250089166023
noise-game,scale,fashion_mnist,42,500,100,1.1,1.0,0.05,iid,1.0,50,30,3.970953852173814,0.7732972300052643,0.6466875772178173,nan,0.7758008528214234,6.149317262172699,1000.0,0.0,nan,0,351,0,10755,210.16242276705228,219.9689971923828,5487.716981642951,583.2567788042882,0.9320111786416235,0.9744083744043789,1.9828755960335767,3.7357761354588894,0.9320111786416235,0.9744083744043789,0.7419165017513129,0.6846862736344338,210.16242276705228,219.9689971923828,2.333455703918639,1.201910235921092,0.6964956857855358,0.9656597467073023,54.92224542236328,402.012638806291
noise-game,scale,fashion_mnist,42,500,100,1.1,1.0,0.05,iid,1.0,50,31,4.002252123678528,0.7744447292387485,0.6427557672560215,nan,0.9980727013419656,6.052781755924225,1000.0,0.0,nan,0,827,0,10011,210.0635196461397,220.7689665222168,5396.124500178871,569.9507407935655,0.9308540574779635,0.9788786989048716,2.0067029085308774,3.759472563493921,0.9308540574779635,0.9788786989048716,0.7308502004427069,0.6653721982240677,210.0635196461397,220.7689665222168,2.3572568395234863,1.200888883523118,0.6748860959823315,0.971900759552244,51.29595297241211,297.45838116479473
noise-game,scale,fashion_mnist,42,500,100,1.1,1.0,0.05,iid,1.0,50,32,4.031510443719452,0.7753749811649322,0.6393805493414402,nan,0.8533678188920021,5.915564730167389,1000.0,0.0,nan,0,1254,0,10186,205.6672264099121,222.31676025390624,5386.365589541218,569.7024179698325,0.9115712751425814,0.9856581431387904,2.057625345447092,3.7814205954115847,0.9115712751425814,0.9856581431387904,0.744649887830019,0.6426228049397469,205.6672264099121,222.31676025390624,2.402384395439991,1.1885624224176508,0.6596273187547922,0.9733103318060888,52.690041107177734,329.3951071756153
noise-game,scale,fashion_mnist,42,500,100,1.1,1.0,0.05,iid,1.0,50,33,4.080655347086389,0.7763999797403812,0.6360358126461506,nan,0.9244515345328383,5.778679749965668,1000.0,0.0,nan,0,1125,0,9677,209.24460771348743,223.68304321289062,5597.900044219097,567.6536969997563,0.9285962992270096,0.9915598919539711,2.089494191442556,3.802213034155236,0.9285962992270096,0.9915598919539711,0.7083521435658137,0.6207717928290367,209.24460771348743,223.68304321289062,2.432037959985092,1.182159635288029,0.6341315073482061,0.981955276114265,52.26941452026367,315.05514099183875
noise-game,scale,fashion_mnist,42,500,100,1.1,1.0,0.05,iid,1.0,50,34,4.118755583455976,0.7773257303237915,0.6328952488303184,nan,0.9288369900193708,5.877536087036133,1000.0,0.0,nan,0,1532,0,10394,210.5376897351495,220.72527099609374,5604.221377257461,557.4474638858524,0.9321158057249646,0.9788654087539203,2.125911169417518,3.8253562420423295,0.9321158057249646,0.9788654087539203,0.6904261446204679,0.6247454024851322,210.5376897351495,220.72527099609374,2.4658001839424806,1.1775392719450475,0.6395108406395875,0.9683558080729923,56.356240203857425,436.5343326581033
noise-game,scale,fashion_mnist,42,500,100,1.1,1.0,0.05,iid,1.0,50,35,4.140392334305314,0.7781737285852433,0.6299829015135765,nan,0.9245744682848454,5.6962964987754825,1000.0,0.0,nan,0,1349,0,9757,207.69686603546143,222.5364128112793,5596.891892775062,553.7199632646622,0.9209467353845093,0.9868870037437886,2.1602017895161656,3.8475593385271996,0.9209467353845093,0.9868870037437886,0.693114373832941,0.5995406788587571,207.69686603546143,222.5364128112793,2.4976732993183726,1.1712142724500667,0.6124473954069203,0.9777917943149226,51.153582275390626,289.8445332217345
noise-game,scale,fashion_mnist,42,500,100,1.1,1.0,0.05,iid,1.0,50,36,4.213591775233788,0.7787897306680679,0.6273637469112873,nan,0.7538593343713067,5.662615976333618,1000.0,0.0,nan,0,790,0,10240,195.08151591907847,221.7585157775879,5472.194183917606,545.1145474830696,0.8646993746341771,0.983375829657562,2.222187591436205,3.869126888578859,0.8646993746341771,0.983375829657562,0.7606009515849027,0.5904984977841378,195.08151591907847,221.7585157775879,2.5515754508647355,1.151323494510211,0.6211727107646036,0.9619751574402303,52.93528985595703,349.7994535889886
noise-game,scale,fashion_mnist,42,500,100,1.1,1.0,0.05,iid,1.0,50,37,4.299444737431433,0.7797544802725315,0.624798287153244,nan,0.8610884525946209,5.488307588100433,1000.0,0.0,nan,0,562,0,10060,195.23028673444475,223.2101235961914,5536.482839097609,542.7312397363651,0.8663825101807723,0.9896259786815444,2.266068778128697,3.890871469827514,0.8663825101807723,0.9896259786815444,0.7457080504723957,0.567284215092659,195.23028673444475,223.2101235961914,2.59102931646846,1.1398065675078306,0.5891959141743811,0.9744908158832042,50.108472747802736,263.5677674420061
noise-game,scale,fashion_mnist,42,500,100,1.1,1.0,0.05,iid,1.0,50,38,4.340248033457595,0.7803552296757698,0.622374976426363,nan,0.9310983577743173,5.38411465883255,1000.0,0.0,nan,0,2736,0,9304,215.00236749649048,223.5010484313965,6065.530552897354,541.6682955066628,0.9536393288152898,0.9902692616619061,2.2894540084133794,3.9119050672053333,0.9536393288152898,0.9902692616619061,0.6055079055950046,0.5519445192813873,215.00236749649048,223.5010484313965,2.61394422017177,1.1409928151109865,0.564929582630143,0.981389277941514,58.460361206054685,496.52761448676324
noise-game,scale,fashion_mnist,42,500,100,1.1,1.0,0.05,iid,1.0,50,39,4.372016584665459,0.7810752303898334,0.619800909012556,nan,0.7081031136214733,5.2678672885894775,1000.0,0.0,nan,0,2049,0,9145,207.04119644165038,223.58623001098633,5760.086744744021,544.8553414957262,0.9173391474799114,0.9913351905111708,2.3263320862555488,3.9324438987749666,0.9173391474799114,0.9913351905111708,0.6451076976954937,0.53581696331501,207.04119644165038,223.58623001098633,2.6475544487594322,1.132660423834622,0.5540320857117573,0.9790025166726276,52.99889385986328,339.3745380889061
noise-game,scale,fashion_mnist,42,500,100,1.1,1.0,0.05,iid,1.0,50,40,4.4006389173046125,0.7816757315397262,0.6179633136093616,nan,0.8612553576628367,5.246254335641861,1000.0,0.0,nan,0,2071,0,9435,205.95741653442383,222.26988540649415,5761.167639217191,536.9040392177618,0.912716479976571,0.9855535906022727,2.366206867788043,3.9540183065014536,0.912716479976571,0.9855535906022727,0.6383870132267475,0.5297268126904965,205.95741653442383,222.26988540649415,2.6837691555307255,1.1246158318439003,0.5507578192458998,0.9714560853198788,54.33993307495117,383.91685452597756
noise-game,scale,fashion_mnist,42,500,100,1.1,1.0,0.05,iid,1.0,50,41,4.42977035522372,0.782616480588913,0.6156133691966533,nan,1.0503309478362401,5.131765220165253,1000.0,0.0,nan,0,3289,0,8535,203.80606587727866,222.3480433654785,5855.098673506168,527.078339782852,0.9038846493664572,0.9857915581135598,2.40205744930283,3.9760707153146857,0.9038846493664572,0.9857915581135598,0.6380105346441269,0.5145917478203773,203.80606587727866,222.3480433654785,2.7168601025052013,1.1198952614356514,0.5430730063181657,0.9668899637873053,56.69797262573242,456.72158836694047
noise-game,scale,fashion_mnist,42,500,100,1.1,1.0,0.05,iid,1.0,50,42,4.463661844564154,0.7828754796087742,0.613898069113493,nan,0.7765249101554647,4.824155883789063,1000.0,0.0,nan,0,2852,0,8052,193.6327667236328,225.19973190307618,5694.205371059305,531.5620372439291,0.8578414715961497,0.9983422144262754,2.4406414341143394,3.9965647089519347,0.8578414715961497,0.9983422144262754,0.694398259415346,0.48056153029203413,193.6327667236328,225.19973190307618,2.751826089081858,1.1101639813987956,0.5116318242672162,0.977927576579163,51.62346044921875,299.9153900648021
noise-game,scale,fashion_mnist,42,500,100,1.1,1.0,0.05,iid,1.0,50,43,4.601774247410503,0.7837254808843136,0.6118281044065952,nan,0.9137327361106873,4.833079835176468,1000.0,0.0,nan,0,2150,0,9170,190.85522644042967,223.60774993896484,5590.23274920653,533.1541472078351,0.8464360550912328,0.9908368038721114,2.484621579874493,4.016841738030859,0.8464360550912328,0.9908368038721114,0.6988098061084748,0.4768286686390638,190.85522644042967,223.60774993896484,2.791065611505766,1.102792750018046,0.521224896132946,0.9619566541159357,54.26431130981445,386.14246690189344
noise-game,scale,fashion_mnist,42,500,100,1.1,1.0,0.05,iid,1.0,50,44,4.601774247410503,0.7842197297513485,0.6100708699226379,nan,0.9447944473337244,4.756329716444015,1000.0,0.0,nan,0,2637,0,8455,193.7783395272714,222.6166390991211,5712.680248612707,525.7785253673447,0.8590702952882706,0.9865266005954152,2.542545770886652,4.038046671725497,0.8590702952882706,0.9865266005954152,0.6661153512972372,0.46821302600204945,193.7783395272714,222.6166390991211,2.8416459510544207,1.0882880814664415,0.5102867487026012,0.9594295908057072,54.98735815429688,413.64043849855517
noise-game,scale,fashion_mnist,42,500,100,1.1,1.0,0.05,iid,1.0,50,45,4.601774247410503,0.7846474808454513,0.6085578905045986,nan,1.0497148907184601,4.543819689452648,1000.0,0.0,nan,0,3578,0,8240,200.18138732910157,223.81200393676758,5943.992649539101,523.816593675484,0.8873782977617668,0.9916337665013587,2.5581159593112464,4.058998734711558,0.8873782977617668,0.9916337665013587,0.6083138024806977,0.4448086804524064,200.18138732910157,223.81200393676758,2.858292514391309,1.0930607659182485,0.47750970485806465,0.9707826727534404,54.77147015380859,401.9629512120519
noise-game,scale,fashion_mnist,42,500,100,1.1,1.0,0.05,iid,1.0,50,46,4.6418344701202585,0.7853677292168141,0.6067177525162697,nan,1.0169454654057821,4.434911490678787,1000.0,0.0,nan,0,3255,0,7567,193.81298217773437,223.18288146972657,5773.965526853929,524.3243008558167,0.859423015348264,0.9899296880658188,2.582729268464484,4.079874236141432,0.859423015348264,0.9899296880658188,0.6386103592813015,0.4318781341612339,193.81298217773437,223.18288146972657,2.8821582619998733,1.0918208475464708,0.45884320700298187,0.9729070785809204,50.450965759277345,278.0838259767811
noise-game,scale,fashion_mnist,42,500,100,1.1,1.0,0.05,iid,1.0,50,47,4.7464023579153265,0.7857357288897038,0.6054453933238984,nan,1.0521097023572241,4.20096129655838,1000.0,0.0,nan,0,4218,0,7996,195.98190689086914,224.7073840332031,5790.688449130617,526.7666471653193,0.8684653988443543,0.9955736222368329,2.637608470072455,4.100547901647748,0.8684653988443543,0.9955736222368329,0.6104604048388345,0.4070879855006933,195.98190689086914,224.7073840332031,2.9301963563875133,1.0821390946427436,0.4515757022309117,0.9677686983697283,55.9164635925293,429.6318825843784
noise-game,scale,fashion_mnist,42,500,100,1.1,1.0,0.05,iid,1.0,50,48,4.817790508240018,0.78623998016119,0.6039230275154114,nan,1.1471138913184404,4.22924288034439,1000.0,0.0,nan,0,2949,0,7579,193.14422607421875,222.21455169677733,5798.036747609104,524.5451945874498,0.8556956473417027,0.9852692114158867,2.65307384059592,4.123381175587791,0.8556956473417027,0.9852692114158867,0.617132168263197,0.40773164816200735,193.14422607421875,222.21455169677733,2.9471353075942943,1.0874707461159812,0.4366144785207921,0.9673969956815165,50.62352557373047,290.44621484098127
noise-game,scale,fashion_mnist,42,500,100,1.1,1.0,0.05,iid,1.0,50,49,5.094688819491828,0.7866922296583653,0.6025592704117299,nan,1.1446177791804075,3.8944335512816908,1000.0,0.0,nan,0,3216,0,7516,189.8022289276123,224.6232275390625,5624.192270789648,524.6161932301632,0.8408209492387648,0.9961547254736661,2.6667476714122644,4.143521623405237,0.8408209492387648,0.9961547254736661,0.627514326479286,0.3739604840241373,189.8022289276123,224.6232275390625,2.962102461810859,1.0964408157706704,0.4089334278110543,0.9747293770274726,50.99831683349609,284.89739131130136
noise-game,scale,fashion_mnist,42,500,100,1.1,1.0,0.05,iid,1.0,50,50,5.094688819491828,0.786881480962038,0.6020923128724098,0.05070503353785087,0.9673292416901815,2.1544572699069975,1000.0,0.4117647058823529,0.022307505975432018,187,30,10392,813,193.6974596296038,0.0,5654.029436729289,0.0,0.8588017335038688,0.0,2.706174940372697,0.0,0.8588017335038688,0.0,0.5840753146580288,0.0,193.6974596296038,0.0,2.706174940372697,1.029491871218408,0.5840753146580288,0.8588017335038688,10.1691166305542,296.8365454282877
noise-game,scale,fashion_mnist,42,500,100,1.1,1.0,0.05,iid,1.0,50,51,5.189122391698059,0.7867124795913696,0.6026315823197365,0.030505168562672068,1.1042156131828533,2.223456873893738,1000.0,0.35714285714285715,0.006303168880808632,61,98,10323,490,189.6961239085478,0.0,5743.651188880634,0.0,0.8408819457491045,0.0,2.733793629919842,0.0,0.8408819457491045,0.0,0.5996866997550515,0.0,189.6961239085478,0.0,2.733793629919842,1.030170634012066,0.5996866997550515,0.8408819457491045,8.06208526611328,244.10517552742698
noise-game,scale,fashion_mnist,42,500,100,1.1,1.0,0.05,iid,1.0,50,52,5.194253122102357,0.7853522293269635,0.6089836966991424,0.04658076225045372,1.052758532411912,2.560769338607788,1000.0,0.13333333333333333,0.01797022278388738,104,85,10080,327,184.80957659553079,0.0,5455.865814955336,0.0,0.8189449649231364,0.0,2.769830078860016,0.0,0.8189449649231364,0.0,0.6236415601828519,0.0,184.80957659553079,0.0,2.769830078860016,1.0297517719793299,0.6236415601828519,0.8189449649231364,7.854407005310058,231.87429713560175
noise-game,scale,fashion_mnist,42,500,100,1.1,1.0,0.05,iid,1.0,50,53,5.194253122102357,0.7733367285504937,0.7503759215772152,0.31760447420998944,0.8954138904809952,3.925555191040039,1000.0,0.7272727272727273,0.14010494447192137,43,5,10545,813,190.6373291015625,0.0,5794.834067508016,0.0,0.8460066044121879,0.0,2.8001210137912405,0.0,0.8460066044121879,0.0,0.5637891888618469,0.0,190.6373291015625,0.0,2.8001210137912405,1.0294184736340422,0.5637891888618469,0.8460066044121879,8.578679809570312,260.7675330378607
noise-game,scale,fashion_mnist,42,500,100,1.1,1.0,0.05,iid,1.0,50,54,5.194253122102357,0.7619689802639187,1.7367725332081319,0.2836962743860646,0.9154449345973822,8.573060050010682,1000.0,0.5652173913043478,0.1934891597788524,199,33,10502,1032,201.88246272160455,0.0,5653.845650464601,0.0,0.8939581955838553,0.0,2.8192556105338578,0.0,0.8939581955838553,0.0,0.46596160187171054,0.0,201.88246272160455,0.0,2.8192556105338578,1.0335361528988,0.46596160187171054,0.8939581955838553,13.122360076904297,367.49996728019903
noise-game,scale,fashion_mnist,42,500,100,1.1,1.0,0.05,iid,1.0,50,55,5.194253122102357,0.7705357290804387,4.354269524365663,0.3487935525087228,0.9945862631003062,19.973431911468506,1000.0,0.6666666666666666,0.19198232323232323,15,5,10077,291,187.62371826171875,0.0,5613.935288742595,0.0,0.8326445484442172,0.0,2.8333978450258916,0.0,0.8326445484442172,0.0,0.5568163235982259,0.0,187.62371826171875,0.0,2.8333978450258916,1.035729190693928,0.5568163235982259,0.8326445484442172,7.035889434814453,210.5225733278473
noise-game,scale,fashion_mnist,42,500,100,1.1,1.0,0.05,iid,1.0,50,56,5.230305745052937,0.7694569792598486,54.75095491215587,0.0,0.6962813884019852,44.62144378662109,1000.0,0.0,0.0,0,240,10126,46,188.80808639526367,0.0,5629.534309455321,0.0,0.8366584282902655,0.0,2.8558352140668877,0.0,0.8366584282902655,0.0,0.5395188083251318,0.0,188.80808639526367,0.0,2.8558352140668877,1.033232386410634,0.5395188083251318,0.8366584282902655,5.66424259185791,168.88602928365958
noise-game,scale,fashion_mnist,42,500,100,1.1,1.0,0.05,iid,1.0,50,57,5.2431771926531425,0.7607809792459012,2052.435420716107,0.0,0.7496324792504311,150.50629989624022,1000.0,0.0,0.0,0,624,10419,175,174.84044006347656,0.0,5325.080924735035,0.0,0.7750544619007387,0.0,2.950054015024863,0.0,0.7750544619007387,0.0,0.644224401935935,0.0,174.84044006347656,0.0,2.950054015024863,1.0179684652227334,0.644224401935935,0.7750544619007387,10.927527503967285,332.8175577959397
noise-game,scale,fashion_mnist,42,500,100,1.1,1.0,0.05,iid,1.0,50,58,5.2431771926531425,0.7432607313059271,69517.47011376068,0.0,0.8628707423254296,646.9803289794922,1000.0,0.0,0.0,0,915,10663,170,182.36850766782408,0.0,5503.547940738084,0.0,0.8089169351177851,0.0,3.0098891413098725,0.0,0.8089169351177851,0.0,0.5605789843808722,0.0,182.36850766782408,0.0,3.0098891413098725,1.0149992548173539,0.5605789843808722,0.8089169351177851,12.309874267578126,371.48948599982066
noise-game,scale,fashion_mnist,42,500,100,1.1,1.0,0.05,iid,1.0,50,59,5.2431771926531425,0.729584981519729,1431972.230301379,0.03076923076923077,0.6746173836290836,3073.808596191406,1000.0,0.05263157894736842,0.01652892561983471,2,654,10476,68,196.27125091552733,0.0,5119.405600518866,0.0,0.8701394011327835,0.0,3.039176803217296,0.0,0.8701394011327835,0.0,0.43441891521215437,0.0,196.27125091552733,0.0,3.039176803217296,1.008807724432952,0.43441891521215437,0.8701394011327835,9.813562545776367,255.9702800259433
noise-game,scale,fashion_mnist,42,500,100,1.1,1.0,0.05,iid,1.0,50,60,5.2431771926531425,0.7191169813647866,22205621.54273461,0.0896366051050134,0.8245441475335289,11858.931494140625,1000.0,0.24142524142524138,0.04701517246601346,1040,640,9439,43,196.35022241929,0.0,4696.803467268207,0.0,0.870405449786245,0.0,3.0547975431083807,0.0,0.870405449786245,0.0,0.4140178659821258,0.0,196.35022241929,0.0,3.0547975431083807,1.0128548856619102,0.4140178659821258,0.870405449786245,8.344884452819825,199.6141473588988
noise-game,scale,fashion_mnist,42,500,100,1.1,1.0,0.05,iid,1.0,50,61,5.316273821718145,0.7081767322868109,282988555.87157905,0.13023730832920855,1.0144024208972329,52194.197890625,1000.0,0.14322916666666666,0.12147615563458136,208,564,10187,95,174.0388553017064,0.0,5287.6290412497465,0.0,0.7711898933368166,0.0,3.103259353231847,0.0,0.7711898933368166,0.0,0.5916968985999885,0.0,174.0388553017064,0.0,3.103259353231847,1.0080672384043008,0.5916968985999885,0.7711898933368166,8.266845626831055,251.16237945936297
noise-game,scale,fashion_mnist,42,500,100,1.1,1.0,0.05,iid,1.0,50,62,5.316273821718145,0.6980722322873771,4479755138.534264,0.10976719871594587,0.7997033792463216,199930.04859375,1000.0,0.12248075998075998,0.05891986553774891,1691,543,8664,124,180.64821000532672,0.0,5130.772093789811,0.0,0.8000962780447769,0.0,3.1521086782739127,0.0,0.8000962780447769,0.0,0.5232042883607474,0.0,180.64821000532672,0.0,3.1521086782739127,1.000436750876205,0.5232042883607474,0.8000962780447769,9.935651550292969,282.1924651584396
noise-game,scale,fashion_mnist,42,500,100,1.1,1.0,0.05,iid,1.0,50,63,5.316273821718145,0.6869407293386758,106545887804.35054,0.16715002191805367,0.9191913584040271,856190.236875,1000.0,0.13740580407247074,0.13954100286498605,557,683,9870,170,186.54902366355614,0.0,4530.253493330946,0.0,0.8269658163426192,0.0,3.1914317551094915,0.0,0.8269658163426192,0.0,0.44728023454512433,0.0,186.54902366355614,0.0,3.1914317551094915,1.0105858133103534,0.44728023454512433,0.8269658163426192,12.59205909729004,305.7921107998389
noise-game,scale,fashion_mnist,42,500,100,1.1,1.0,0.05,iid,1.0,50,64,5.316273821718145,0.6716084823571146,2224134914863.292,0.10268226987915505,0.9816632941365242,3193235.775,1000.0,0.23046798231008755,0.05791538160035333,1102,1140,9805,65,185.25153848399287,0.0,14645.154847263564,0.0,0.8219417489828481,0.0,3.2344772984540078,0.0,0.8219417489828481,0.0,0.4472172308267783,0.0,185.25153848399287,0.0,3.2344772984540078,1.0081521811569174,0.4472172308267783,0.8219417489828481,10.65196346282959,842.0964037176548
noise-game,scale,fashion_mnist,42,500,100,1.1,1.0,0.05,iid,1.0,50,65,5.316273821718145,0.6599722324684262,32612722767288.75,0.1325670577350843,0.8108695045113563,13902983.42,1000.0,0.21915684315684317,0.08176557407138678,600,911,10080,107,185.88998168945312,0.0,4696.61767484737,0.0,0.8238164044628974,0.0,3.264819863395055,0.0,0.8238164044628974,0.0,0.42194604163989424,0.0,185.88998168945312,0.0,3.264819863395055,1.016093516124406,0.42194604163989424,0.8238164044628974,11.61812385559082,293.5386046779606
noise-game,scale,fashion_mnist,42,500,100,1.1,1.0,0.05,iid,1.0,50,66,5.316273821718145,0.6585599820874631,171558430061195.6,0.17391304347826086,0.9659006152715948,53497048.88,1000.0,0.16678550207961973,0.10105183377698905,1369,307,8807,115,171.97194332546658,0.0,5098.384709623864,0.0,0.762508956149864,0.0,3.2850134566672007,0.0,0.762508956149864,0.0,0.5247035167283483,0.0,171.97194332546658,0.0,3.2850134566672007,1.0237630880021156,0.5247035167283483,0.762508956149864,7.738737449645996,229.42731193307387
noise-game,scale,fashion_mnist,42,500,100,1.1,1.0,0.05,iid,1.0,50,67,5.453428480770536,0.6514412335120141,4312545299354322.0,0.20470209969259773,0.8620213246480986,227278516.32,1000.0,0.16215659340659344,0.17414921577681872,337,411,9896,160,166.33415152809837,0.0,4877.3967754061005,0.0,0.7371789546754322,0.0,3.355897007162892,0.0,0.7371789546754322,0.0,0.5829669275659729,0.0,166.33415152809837,0.0,3.355897007162892,1.010268858519749,0.5829669275659729,0.7371789546754322,9.148378334045411,268.2568226473356
noise-game,scale,fashion_mnist,42,500,100,1.1,1.0,0.05,iid,1.0,50,68,5.453428480770536,0.6404489821195603,8.959410962532162e+16,0.18188217341194934,1.0659543913271692,848050258.56,1000.0,0.2211820231051,0.1419902001520331,1754,655,8674,199,170.7283443874783,0.0,4580.69735562142,0.0,0.7570556498604079,0.0,3.409984567750588,0.0,0.7570556498604079,0.0,0.512624991574773,0.0,170.7283443874783,0.0,3.409984567750588,1.0103840951875762,0.512624991574773,0.7570556498604079,11.524163246154785,309.19707150444583
noise-game,scale,fashion_mnist,42,500,100,1.1,1.0,0.05,iid,1.0,50,69,5.453428480770536,0.6389992333948612,4.736316120519436e+17,0.41161616161616155,0.6866710682710012,3685367651.84,1000.0,0.2987012987012987,0.2947635135135135,1228,153,8811,38,165.37249755859375,0.0,4422.724072825527,0.0,0.7323630298770278,0.0,3.4481485243084933,0.0,0.7323630298770278,0.0,0.5733485411231717,0.0,165.37249755859375,0.0,3.4481485243084933,0.9991647074040609,0.5733485411231717,0.7323630298770278,4.9611749267578125,132.68172218476582
noise-game,scale,fashion_mnist,42,500,100,1.1,1.0,0.05,iid,1.0,50,70,5.453428480770536,0.6337582333944738,1.399559937698146e+19,0.14292694986983903,1.112583155815418,14040184094.72,1000.0,0.2079137440100007,0.08483897984007657,1678,355,8545,38,163.76825185922476,0.0,4920.504745061787,0.0,0.7256746564927442,0.0,3.4752812376576037,0.0,0.7256746564927442,0.0,0.538670695745028,0.0,163.76825185922476,0.0,3.4752812376576037,1.0042228175248622,0.538670695745028,0.7256746564927442,5.322468185424805,159.91640421450808
noise-game,scale,fashion_mnist,42,500,100,1.1,1.0,0.05,iid,1.0,50,71,5.453428480770536,0.6300054819323122,3.7339048570278747e+20,0.10204375058289447,0.8027338731060738,60327301816.32,1000.0,0.19540459540459543,0.06542022002037529,453,536,9924,59,173.46013147690718,0.0,7011.537689002497,0.0,0.7688106230861473,0.0,3.500432983311399,0.0,0.7688106230861473,0.0,0.43624591308801497,0.0,173.46013147690718,0.0,3.500432983311399,1.0112664376398464,0.43624591308801497,0.7688106230861473,7.372055587768554,297.9903517826061
noise-game,scale,fashion_mnist,42,500,100,1.1,1.0,0.05,iid,1.0,50,72,5.453428480770536,0.6217597340606154,3.551693823121611e+21,0.18568401937046008,0.9767800491107138,229321771089.92,1000.0,0.19727891156462585,0.07160394692040262,1347,353,8874,118,168.70761509945518,0.0,7655.191372603391,0.0,0.7475770537081438,0.0,3.537204107536435,0.0,0.7475770537081438,0.0,0.4641528733466801,0.0,168.70761509945518,0.0,3.537204107536435,1.0143934013164013,0.4641528733466801,0.7475770537081438,8.013611717224121,363.6215901986611
noise-game,scale,fashion_mnist,42,500,100,1.1,1.0,0.05,iid,1.0,50,73,5.453428480770536,0.6149072350375354,1.0885640907430673e+23,0.12348735009957663,0.8935092534141048,984376648663.04,1000.0,0.14800742187105823,0.08224886324689293,764,587,9613,118,174.10158903702447,0.0,4591.654776890497,0.0,0.7718123555888204,0.0,3.5801813622622594,0.0,0.7718123555888204,0.0,0.3993080640616624,0.0,174.10158903702447,0.0,3.5801813622622594,1.0164688727064224,0.3993080640616624,0.7718123555888204,10.010841369628906,264.02014967120357
noise-game,scale,fashion_mnist,42,500,100,1.1,1.0,0.05,iid,1.0,50,74,5.453428480770536,0.612569485064596,1.211886843830495e+24,0.37884912904546925,0.6752130255887383,3710432790446.08,1000.0,0.2693852593135984,0.2907285767860125,2340,470,7976,124,174.40239273874383,0.0,7908.619906156353,0.0,0.774076287636918,0.0,3.6179077403704905,0.0,0.774076287636918,0.0,0.39116714566357824,0.0,174.40239273874383,0.0,3.6179077403704905,1.0081298182802843,0.39116714566357824,0.774076287636918,8.284113655090332,375.65944554242685
noise-game,scale,fashion_mnist,42,500,100,1.1,1.0,0.05,iid,1.0,50,75,5.453428480770536,0.6048779836669564,2.7145479866274287e+25,0.24930248096240876,0.9903854131698608,16083955629424.64,1000.0,0.29663268829935496,0.1782715565430857,1046,514,9299,85,168.91241535387542,0.0,7037.973987796678,0.0,0.7490096262147967,0.0,3.649789304607824,0.0,0.7490096262147967,0.0,0.4143466088602221,0.0,168.91241535387542,0.0,3.649789304607824,1.018002311954522,0.4143466088602221,0.7490096262147967,8.023339729309082,334.3037644203422
noise-game,scale,fashion_mnist,42,500,100,1.1,1.0,0.05,iid,1.0,50,76,5.453428480770536,0.6007892335020005,3.1191113121160726e+26,0.1836596275251737,1.1555495030350156,61378096141434.88,1000.0,0.15289432789432789,0.12524476215168462,1854,360,8332,70,162.4510998196072,0.0,9088.615700499133,0.0,0.7204036510976661,0.0,3.6988539982726674,0.0,0.7204036510976661,0.0,0.4902119867037982,0.0,162.4510998196072,0.0,3.6988539982726674,1.0296487620296033,0.4902119867037982,0.7204036510976661,7.310299491882324,408.98770652246094
noise-game,scale,fashion_mnist,42,500,100,1.1,1.0,0.05,iid,1.0,50,77,5.507794616493343,0.5963252346031368,7.745666123877711e+27,0.1319002075735215,0.9944123207103639,262820553985884.16,1000.0,0.2081980519480519,0.07785483687666513,824,538,9545,133,165.79466320219495,0.0,12780.205744503515,0.0,0.7355525792990663,0.0,3.7418631354858847,0.0,0.7355525792990663,0.0,0.42172990597429727,0.0,165.79466320219495,0.0,3.7418631354858847,1.041622309000725,0.42172990597429727,0.7355525792990663,8.704219818115234,670.9608015864345
noise-game,scale,fashion_mnist,42,500,100,1.1,1.0,0.05,iid,1.0,50,78,5.507794616493343,0.5972779847122729,1.1216308065671044e+29,0.2040947331814011,0.6645575300125139,993786402774712.4,1000.0,0.31861875184856553,0.12530811513345938,2092,602,8365,21,176.27527509416853,0.0,16274.410516054371,0.0,0.7819427301618684,0.0,3.7549059190050174,0.0,0.7819427301618684,0.0,0.30187383240887095,0.0,176.27527509416853,0.0,3.7549059190050174,1.0526262338627168,0.30187383240887095,0.7819427301618684,6.169634628295898,569.604368061903
noise-game,scale,fashion_mnist,42,500,100,1.1,1.0,0.05,iid,1.0,50,79,5.791523964062128,0.5909564854763448,1.0368987876303306e+30,0.17889213284350627,0.9541370633401369,4277029067124900.0,1000.0,0.18095238095238095,0.11478438665938667,633,275,9504,138,155.99252158717104,0.0,5215.631851028237,0.0,0.6918327927651932,0.0,3.8008425516563573,0.0,0.6918327927651932,0.0,0.4969525276438186,0.0,155.99252158717104,0.0,3.8008425516563573,1.0523425423208879,0.4969525276438186,0.6918327927651932,7.409644775390625,247.74251292384125
noise-game,scale,fashion_mnist,42,500,100,1.1,1.0,0.05,iid,1.0,50,80,5.791523964062128,0.5812837339378893,4.6143468880443285e+31,0.1984594877870683,0.6364494778678782,1.631446250110845e+16,1000.0,0.2997311926642927,0.1267162809393126,1554,950,9172,86,171.29078674316406,0.0,8334.814135999692,0.0,0.7593745616711556,0.0,3.8387176717783724,0.0,0.7593745616711556,0.0,0.31590375458869824,0.0,171.29078674316406,0.0,3.8387176717783724,1.0604643003572594,0.31590375458869824,0.7593745616711556,9.849220237731934,479.2518128199823
noise-game,scale,fashion_mnist,42,500,100,1.1,1.0,0.05,iid,1.0,50,81,5.791523964062128,0.5755487328022718,5.558533452549662e+32,0.21368758525091308,0.6217037516655879,6.962186663065813e+16,1000.0,0.346875,0.16719808842085931,750,551,9637,82,167.49320020173727,0.0,8264.843311276443,0.0,0.7427336557072214,0.0,3.873742198552493,0.0,0.7427336557072214,0.0,0.3322063774950694,0.0,167.49320020173727,0.0,3.873742198552493,1.0643368728197196,0.3322063774950694,0.7427336557072214,7.95592700958252,392.580057285631
noise-game,scale,fashion_mnist,42,500,100,1.1,1.0,0.05,iid,1.0,50,82,5.791523964062128,0.5775509843230248,inf,0.0625,0.8137899537881216,2.6245895231404768e+17,1000.0,0.1,0.03571428571428571,2141,48,7798,7,156.8819147745768,0.0,4413.36774110263,0.0,0.6967631688597925,0.0,3.8949512702988893,0.0,0.6967631688597925,0.0,0.49897076189517975,0.0,156.8819147745768,0.0,3.8949512702988893,1.0515148574381072,0.49897076189517975,0.6967631688597925,2.3532287216186525,66.20051611653946
noise-game,scale,fashion_mnist,42,500,100,1.1,1.0,0.05,iid,1.0,50,83,5.873121001757942,0.5730914848484099,inf,0.1037698104364771,0.9242738539016702,1.1385430185645336e+18,1000.0,0.15214646464646464,0.062154743639277116,1200,490,9110,58,162.3394054836697,0.0,5688.569570443894,0.0,0.7188499584281178,0.0,3.9323416874851436,0.0,0.7188499584281178,0.0,0.40826384403690574,0.0,162.3394054836697,0.0,3.9323416874851436,1.0464657645184396,0.40826384403690574,0.7188499584281178,7.305273246765137,255.98563066997522
noise-game,scale,fashion_mnist,42,500,100,1.1,1.0,0.05,iid,1.0,50,84,5.873121001757942,0.5637029846198857,inf,0.14839679443852136,0.7520102906858724,4.351943194154201e+18,1000.0,0.27718542637273286,0.09578116043701253,1163,949,9552,156,164.18403564453126,0.0,6354.053024955324,0.0,0.7279551632515259,0.0,3.978138717888312,0.0,0.7279551632515259,0.0,0.3597410846243101,0.0,164.18403564453126,0.0,3.978138717888312,1.0644135296634862,0.3597410846243101,0.7279551632515259,10.261502227783204,397.12831405970775
noise-game,scale,fashion_mnist,42,500,100,1.1,1.0,0.05,iid,1.0,50,85,5.873121001757942,0.5620459847338498,nan,0.5381250633424546,1.3143254127353434,nan,1000.0,0.31092831962397177,0.37829030053138707,3692,380,6557,89,144.80274868011475,0.0,8642.275553088519,0.0,0.6421862432198095,0.0,4.0232612556483405,0.0,0.6421862432198095,0.0,0.5677471039816738,0.0,144.80274868011475,0.0,4.0232612556483405,1.0773242676526622,0.5677471039816738,0.6421862432198095,5.79210994720459,345.69102212354073
noise-game,scale,fashion_mnist,42,500,100,1.1,1.0,0.05,iid,1.0,50,86,5.873121001757942,0.5637089844234288,nan,0.4073500568099414,0.8635286292931261,nan,1000.0,0.384364100681114,0.30026475744415093,3647,599,6761,65,168.5983702007093,0.0,10309.286843738702,0.0,0.7475018802096867,0.0,4.04517060455227,0.0,0.7475018802096867,0.0,0.267135646770169,0.0,168.5983702007093,0.0,4.04517060455227,1.0840548013921618,0.267135646770169,0.7475018802096867,8.008422584533692,489.69112507758837
noise-game,scale,fashion_mnist,42,500,100,1.1,1.0,0.05,iid,1.0,50,87,5.873121001757942,0.5608649837598204,nan,0.4677529073906561,0.6186716104192393,nan,1000.0,0.4939444528416256,0.321790272960715,3704,408,6571,37,165.6208724975586,0.0,8729.058451130053,0.0,0.7346786513238914,0.0,4.074480236331507,0.0,0.7346786513238914,0.0,0.2615856923927952,0.0,165.6208724975586,0.0,4.074480236331507,1.0778490517986925,0.2615856923927952,0.7346786513238914,5.79673053741455,305.5170457895519
noise-game,scale,fashion_mnist,42,500,100,1.1,1.0,0.05,iid,1.0,50,88,5.89537068668318,0.5596927354484796,nan,0.4306132485997757,nan,nan,1000.0,0.3783805300147129,0.31093256410803627,3699,467,6612,70,nan,0.0,nan,0.0,nan,0.0,4.095370115782671,0.0,nan,0.0,nan,0.0,nan,0.0,4.095370115782671,1.0828948761890511,nan,nan,nan,nan
noise-game,scale,fashion_mnist,42,500,100,1.1,1.0,0.05,iid,1.0,50,89,5.89537068668318,0.5566619872860611,nan,0.4328325830587425,1.1000475026739842,nan,1000.0,0.4748363762921226,0.30396973567939484,3691,640,6789,32,150.37921142578125,0.0,13068.769006470808,0.0,0.6654706026650388,0.0,4.137441156757785,0.0,0.6654706026650388,0.0,0.45657088330924583,0.0,150.37921142578125,0.0,4.137441156757785,1.0873133709639409,0.45657088330924583,0.6654706026650388,6.01516845703125,522.7507602588323
noise-game,scale,fashion_mnist,42,500,100,1.1,1.0,0.05,iid,1.0,50,90,6.315063207670586,0.5518592358380556,nan,0.357458514966975,nan,nan,1000.0,0.2517195464239361,0.31504667309272205,3669,798,6800,171,nan,0.0,nan,0.0,nan,0.0,4.206039744897416,0.0,nan,0.0,nan,0.0,nan,0.0,4.206039744897416,1.0808631957915031,nan,nan,nan,nan
noise-game,scale,fashion_mnist,42,500,100,1.1,1.0,0.05,iid,1.0,50,91,6.315063207670586,0.5473454859666527,nan,0.38745717049119965,nan,nan,1000.0,0.3963666070552011,0.28395594208645347,3694,460,6600,46,nan,0.0,nan,0.0,nan,0.0,4.23949922695211,0.0,nan,0.0,nan,0.0,nan,0.0,4.23949922695211,1.0797935641961922,nan,nan,nan,nan
noise-game,scale,fashion_mnist,42,500,100,1.1,1.0,0.05,iid,1.0,50,92,6.315063207670586,0.5460087365098297,nan,0.4338809011940721,nan,nan,1000.0,0.2505609858551035,0.3183786858808592,3682,438,6594,122,nan,0.0,nan,0.0,nan,0.0,4.266960560565099,0.0,nan,0.0,nan,0.0,nan,0.0,4.266960560565099,1.0831816327623467,nan,nan,nan,nan
noise-game,scale,fashion_mnist,42,500,100,1.1,1.0,0.05,iid,1.0,50,93,6.7347557286579915,0.5338587363623083,nan,0.38525371923289237,nan,nan,1000.0,0.28019735360994186,0.2901578672623297,3673,490,6620,93,nan,0.0,nan,0.0,nan,0.0,4.296793125682739,0.0,nan,0.0,nan,0.0,nan,0.0,4.296793125682739,1.0941717577505279,nan,nan,nan,nan
noise-game,scale,fashion_mnist,42,500,100,1.1,1.0,0.05,iid,1.0,50,94,6.7347557286579915,0.5273174861259758,nan,0.4328485728147985,nan,nan,1000.0,0.44563333205574585,0.3126699172437525,3712,624,6750,26,nan,0.0,nan,0.0,nan,0.0,4.337625308227777,0.0,nan,0.0,nan,0.0,nan,0.0,4.337625308227777,1.0750039236881934,nan,nan,nan,nan
noise-game,scale,fashion_mnist,42,500,100,1.1,1.0,0.05,iid,1.0,50,95,6.7347557286579915,0.5256504868716001,nan,0.4107547022520889,nan,nan,1000.0,0.2777526130324015,0.30167201537611743,3656,714,6840,168,nan,0.0,nan,0.0,nan,0.0,4.382320702967039,0.0,nan,0.0,nan,0.0,nan,0.0,4.382320702967039,1.0676690840406895,nan,nan,nan,nan
noise-game,scale,fashion_mnist,42,500,100,1.1,1.0,0.05,iid,1.0,50,96,6.7347557286579915,0.5106749853491783,nan,0.4801638694330646,nan,nan,1000.0,0.17206349206349206,0.39171785925517266,3712,357,6457,248,nan,0.0,nan,0.0,nan,0.0,4.4140995368873295,0.0,nan,0.0,nan,0.0,nan,0.0,4.4140995368873295,1.0718565804441462,nan,nan,nan,nan
noise-game,scale,fashion_mnist,42,500,100,1.1,1.0,0.05,iid,1.0,50,97,6.7347557286579915,0.5068207354843617,nan,0.449805434330374,nan,nan,1000.0,0.2987653812809682,0.3451393102691375,3726,586,6679,97,nan,0.0,nan,0.0,nan,0.0,4.44644768747706,0.0,nan,0.0,nan,0.0,nan,0.0,4.44644768747706,1.0694073382154121,nan,nan,nan,nan
noise-game,scale,fashion_mnist,42,500,100,1.1,1.0,0.05,iid,1.0,50,98,6.7347557286579915,0.49975573528558015,nan,0.34402447008100423,nan,nan,1000.0,0.3205873074294127,0.25050343971575123,3710,385,6527,34,nan,0.0,nan,0.0,nan,0.0,4.4773740714143795,0.0,nan,0.0,nan,0.0,nan,0.0,4.4773740714143795,1.064961201052019,nan,nan,nan,nan
noise-game,scale,fashion_mnist,42,500,100,1.1,1.0,0.05,iid,1.0,50,99,6.7347557286579915,0.4947139863669872,nan,0.40883004281676794,nan,nan,1000.0,0.34881962916045317,0.3127181370801418,3659,689,6851,75,nan,0.0,nan,0.0,nan,0.0,4.500702000393873,0.0,nan,0.0,nan,0.0,nan,0.0,4.500702000393873,1.0677148270926693,nan,nan,nan,nan
noise-game,scale,fashion_mnist,42,500,100,1.1,1.0,0.05,iid,1.0,50,100,6.7347557286579915,0.49125698655843736,nan,0.40767268618228164,nan,nan,1000.0,0.199526968529851,0.38818315266486003,3759,253,6336,116,nan,0.0,nan,0.0,nan,0.0,4.536098380670686,0.0,nan,0.0,nan,0.0,nan,0.0,4.536098380670686,1.0659335667649905,nan,nan,nan,nan
noise-game,scale,fashion_mnist,42,500,100,1.1,1.0,0.05,iid,1.0,50,101,6.7347557286579915,0.48283748667687176,nan,0.3848651806672739,nan,nan,1000.0,0.4102898508610527,0.2942417556795622,3615,792,6960,71,nan,0.0,nan,0.0,nan,0.0,4.569004653073268,0.0,nan,0.0,nan,0.0,nan,0.0,4.569004653073268,1.0645453526525508,nan,nan,nan,nan
noise-game,scale,fashion_mnist,42,500,100,1.1,1.0,0.05,iid,1.0,50,102,6.7347557286579915,0.47455173606052997,nan,0.3701158289289577,nan,nan,1000.0,0.3186752064651426,0.27213072022544477,3620,808,6957,105,nan,0.0,nan,0.0,nan,0.0,4.604949230772657,0.0,nan,0.0,nan,0.0,nan,0.0,4.604949230772657,1.0569739826813378,nan,nan,nan,nan
noise-game,scale,fashion_mnist,42,500,100,1.1,1.0,0.05,iid,1.0,50,103,6.7347557286579915,0.4673704872280359,nan,0.4333646461024569,nan,nan,1000.0,0.38399933043985096,0.3141175519717472,3608,835,7010,99,nan,0.0,nan,0.0,nan,0.0,4.650651224053355,0.0,nan,0.0,nan,0.0,nan,0.0,4.650651224053355,1.0254452361099813,nan,nan,nan,nan
noise-game,scale,fashion_mnist,42,500,100,1.1,1.0,0.05,iid,1.0,50,104,6.7347557286579915,0.45618973661214113,nan,0.4440245617484553,nan,nan,1000.0,0.45547983210746307,0.319044282222588,3615,888,7074,77,nan,0.0,nan,0.0,nan,0.0,4.6884053792072855,0.0,nan,0.0,nan,0.0,nan,0.0,4.6884053792072855,1.0175312590168657,nan,nan,nan,nan
noise-game,scale,fashion_mnist,42,500,100,1.1,1.0,0.05,iid,1.0,50,105,6.7347557286579915,0.4515002365037799,nan,0.354528785722315,nan,nan,1000.0,0.3657150263501105,0.2718444734530914,3595,774,6947,52,nan,0.0,nan,0.0,nan,0.0,4.710417444915245,0.0,nan,0.0,nan,0.0,nan,0.0,4.710417444915245,1.0149127653904553,nan,nan,nan,nan
noise-game,scale,fashion_mnist,42,500,100,1.1,1.0,0.05,iid,1.0,50,106,6.7347557286579915,0.44299473736435174,nan,0.43667705796682277,nan,nan,1000.0,0.2973559180757323,0.31976343227736437,3667,725,6868,142,nan,0.0,nan,0.0,nan,0.0,4.726774479432944,0.0,nan,0.0,nan,0.0,nan,0.0,4.726774479432944,1.0239195449829483,nan,nan,nan,nan
noise-game,scale,fashion_mnist,42,500,100,1.1,1.0,0.05,iid,1.0,50,107,6.7347557286579915,0.4350019872933626,nan,0.37987447170731103,nan,nan,1000.0,0.30756063227076175,0.29429168300874986,3694,550,6673,73,nan,0.0,nan,0.0,nan,0.0,4.742828360496394,0.0,nan,0.0,nan,0.0,nan,0.0,4.742828360496394,1.0280828835518965,nan,nan,nan,nan
noise-game,scale,fashion_mnist,42,500,100,1.1,1.0,0.05,iid,1.0,50,108,6.7347557286579915,0.4302472367137671,nan,0.4587496364971332,nan,nan,1000.0,0.37283501153682114,0.3389524412406887,3726,605,6722,71,nan,0.0,nan,0.0,nan,0.0,4.769145450870631,0.0,nan,0.0,nan,0.0,nan,0.0,4.769145450870631,1.0253607326742156,nan,nan,nan,nan
noise-game,scale,fashion_mnist,42,500,100,1.1,1.0,0.05,iid,1.0,50,109,6.7347557286579915,0.4033477384038269,nan,0.3194396762347284,nan,nan,1000.0,0.2332978607802587,0.23306952905606168,3476,1078,7290,212,nan,0.0,nan,0.0,nan,0.0,4.81263567252992,0.0,nan,0.0,nan,0.0,nan,0.0,4.81263567252992,1.0124622909335184,nan,nan,nan,nan
noise-game,scale,fashion_mnist,42,500,100,1.1,1.0,0.05,iid,1.0,50,110,6.736010340477898,0.3921772371418774,nan,0.4108110371658979,nan,nan,1000.0,0.22791881748306173,0.3037349172385132,3678,661,6764,271,nan,0.0,nan,0.0,nan,0.0,4.85699082712204,0.0,nan,0.0,nan,0.0,nan,0.0,4.85699082712204,1.0111861107586977,nan,nan,nan,nan
noise-game,scale,fashion_mnist,42,500,100,1.1,1.0,0.05,iid,1.0,50,111,6.736010340477898,0.380436738897115,nan,0.37421731126196767,nan,nan,1000.0,0.30840674342342866,0.27021102042761114,3710,577,6692,83,nan,0.0,nan,0.0,nan,0.0,4.878745561780269,0.0,nan,0.0,nan,0.0,nan,0.0,4.878745561780269,1.0028014634998077,nan,nan,nan,nan
noise-game,scale,fashion_mnist,42,500,100,1.1,1.0,0.05,iid,1.0,50,112,6.736010340477898,0.38126923808827995,nan,0.41907046078463545,nan,nan,1000.0,0.43888736841223736,0.3040221286161578,3735,498,6610,27,nan,0.0,nan,0.0,nan,0.0,4.879883577817739,0.0,nan,0.0,nan,0.0,nan,0.0,4.879883577817739,1.0029942968452772,nan,nan,nan,nan
noise-game,scale,fashion_mnist,42,500,100,1.1,1.0,0.05,iid,1.0,50,113,6.821353417650214,0.3692844880372286,nan,0.3810492652782796,nan,nan,1000.0,0.330811148918291,0.28381256768293567,3620,763,6915,112,nan,0.0,nan,0.0,nan,0.0,4.9031044171498275,0.0,nan,0.0,nan,0.0,nan,0.0,4.9031044171498275,0.9974250781211765,nan,nan,nan,nan
noise-game,scale,fashion_mnist,42,500,100,1.1,1.0,0.05,iid,1.0,50,114,6.821353417650214,0.360818487778306,nan,0.4137306266227656,nan,nan,1000.0,0.47683933166413306,0.3026780495957023,3527,1009,7272,48,nan,0.0,nan,0.0,nan,0.0,4.919241446794191,0.0,nan,0.0,nan,0.0,nan,0.0,4.919241446794191,0.9965585154970817,nan,nan,nan,nan
noise-game,scale,fashion_mnist,42,500,100,1.1,1.0,0.05,iid,1.0,50,115,6.821353417650214,0.3486399884521961,nan,0.4499503756596915,nan,nan,1000.0,0.3618998677453151,0.31932652071242246,3677,679,6830,80,nan,0.0,nan,0.0,nan,0.0,4.933937003728086,0.0,nan,0.0,nan,0.0,nan,0.0,4.933937003728086,0.9988549610114552,nan,nan,nan,nan
noise-game,scale,fashion_mnist,42,500,100,1.1,1.0,0.05,iid,1.0,50,116,6.821353417650214,0.3303937393426895,nan,0.37585575972710045,nan,nan,1000.0,0.245189217951884,0.2847999029041834,3640,613,6753,190,nan,0.0,nan,0.0,nan,0.0,4.95309482676498,0.0,nan,0.0,nan,0.0,nan,0.0,4.95309482676498,0.9998252081683464,nan,nan,nan,nan
noise-game,scale,fashion_mnist,42,500,100,1.1,1.0,0.05,iid,1.0,50,117,7.24104593863762,0.31909823961555955,nan,0.42288902140367646,nan,nan,1000.0,0.35307314126279643,0.3038337303041577,3718,511,6645,62,nan,0.0,nan,0.0,nan,0.0,4.9832288498267,0.0,nan,0.0,nan,0.0,nan,0.0,4.9832288498267,0.9777931730186057,nan,nan,nan,nan
noise-game,scale,fashion_mnist,42,500,100,1.1,1.0,0.05,iid,1.0,50,118,7.24104593863762,0.3111939899623394,nan,0.41583434664781516,nan,nan,1000.0,0.228153314375233,0.30522092734069317,3678,782,6814,188,nan,0.0,nan,0.0,nan,0.0,4.997909904546978,0.0,nan,0.0,nan,0.0,nan,0.0,4.997909904546978,0.9703660313939644,nan,nan,nan,nan
noise-game,scale,fashion_mnist,42,500,100,1.1,1.0,0.05,iid,1.0,50,119,7.24104593863762,0.2931077396124601,nan,0.3042656551145515,nan,nan,1000.0,0.1742654174524364,0.22332376189563294,3757,342,6394,149,nan,0.0,nan,0.0,nan,0.0,5.019061110837426,0.0,nan,0.0,nan,0.0,nan,0.0,5.019061110837426,0.9694237842447753,nan,nan,nan,nan
noise-game,scale,fashion_mnist,42,500,100,1.1,1.0,0.05,iid,1.0,50,120,7.24104593863762,0.28320223949849604,nan,0.4210283702527784,nan,nan,1000.0,0.324002472524394,0.3018112736265723,3581,944,7127,120,nan,0.0,nan,0.0,nan,0.0,5.031233689942708,0.0,nan,0.0,nan,0.0,nan,0.0,5.031233689942708,0.9683334797887125,nan,nan,nan,nan
noise-game,scale,fashion_mnist,42,500,100,1.1,1.0,0.05,iid,1.0,50,121,7.24104593863762,0.27726999059319496,nan,0.4102635919022063,nan,nan,1000.0,0.31345749999775,0.29333534987861676,3627,798,6937,88,nan,0.0,nan,0.0,nan,0.0,5.039380537138402,0.0,nan,0.0,nan,0.0,nan,0.0,5.039380537138402,0.9670799271102302,nan,nan,nan,nan
noise-game,scale,fashion_mnist,42,500,100,1.1,1.0,0.05,iid,1.0,50,122,7.24104593863762,0.2723389908671379,nan,0.42057302593195484,nan,nan,1000.0,0.432789051481751,0.3206306461338218,3663,715,6875,51,nan,0.0,nan,0.0,nan,0.0,5.053512220048847,0.0,nan,0.0,nan,0.0,nan,0.0,5.053512220048847,0.9594068824602867,nan,nan,nan,nan
noise-game,scale,fashion_mnist,42,500,100,1.1,1.0,0.05,iid,1.0,50,123,7.24104593863762,0.268729240372777,nan,0.3674692126746921,nan,nan,1000.0,0.26610037472106435,0.25795306024179265,3751,250,6369,36,nan,0.0,nan,0.0,nan,0.0,5.055610682653785,0.0,nan,0.0,nan,0.0,nan,0.0,5.055610682653785,0.9614242735291246,nan,nan,nan,nan
noise-game,scale,fashion_mnist,42,500,100,1.1,1.0,0.05,iid,1.0,50,124,7.24104593863762,0.2614292397350073,nan,0.40806596040304866,nan,nan,1000.0,0.41440703631880105,0.2969032024802843,3668,544,6704,34,nan,0.0,nan,0.0,nan,0.0,5.069711518660474,0.0,nan,0.0,nan,0.0,nan,0.0,5.069711518660474,0.953311692140491,nan,nan,nan,nan
noise-game,scale,fashion_mnist,42,500,100,1.1,1.0,0.05,iid,1.0,50,125,7.24104593863762,0.2551002412289381,nan,0.41181189893523906,nan,nan,1000.0,0.4197855934108909,0.29669432151331626,3634,776,6935,55,nan,0.0,nan,0.0,nan,0.0,5.075951451507745,0.0,nan,0.0,nan,0.0,nan,0.0,5.075951451507745,0.9547693962373304,nan,nan,nan,nan
noise-game,scale,fashion_mnist,42,500,100,1.1,1.0,0.05,iid,1.0,50,126,7.24104593863762,0.2533534912019968,nan,0.4042063512315542,nan,nan,1000.0,0.5291973097694891,0.2864432092866381,3704,483,6631,12,nan,0.0,nan,0.0,nan,0.0,5.077000682810212,0.0,nan,0.0,nan,0.0,nan,0.0,5.077000682810212,0.9562520057177321,nan,nan,nan,nan
noise-game,scale,fashion_mnist,42,500,100,1.1,1.0,0.05,iid,1.0,50,127,7.24104593863762,0.24245174117386342,nan,0.3821732679097582,nan,nan,1000.0,0.2527975398943141,0.27176247125250297,3701,463,6599,83,nan,0.0,nan,0.0,nan,0.0,5.092872494424464,0.0,nan,0.0,nan,0.0,nan,0.0,5.092872494424464,0.9482220462900253,nan,nan,nan,nan
noise-game,scale,fashion_mnist,42,500,100,1.1,1.0,0.05,iid,1.0,50,128,7.24104593863762,0.2354247412085533,nan,0.36344628763049813,nan,nan,1000.0,0.413418800354358,0.2573941700870172,3696,480,6625,31,nan,0.0,nan,0.0,nan,0.0,5.104988447255649,0.0,nan,0.0,nan,0.0,nan,0.0,5.104988447255649,0.9449206214317516,nan,nan,nan,nan
noise-game,scale,fashion_mnist,42,500,100,1.1,1.0,0.05,iid,1.0,50,129,7.24104593863762,0.22995399095118046,nan,0.36187686968903837,nan,nan,1000.0,0.3087287254696827,0.2650486410753132,3573,1028,7156,119,nan,0.0,nan,0.0,nan,0.0,5.108671426721656,0.0,nan,0.0,nan,0.0,nan,0.0,5.108671426721656,0.9465956245773527,nan,nan,nan,nan
noise-game,scale,fashion_mnist,42,500,100,1.1,1.0,0.05,iid,1.0,50,130,7.24104593863762,0.22615424141287804,nan,0.4329205544233215,nan,nan,1000.0,0.4557728034926698,0.3086646757643948,3714,632,6755,31,nan,0.0,nan,0.0,nan,0.0,5.119325993466328,0.0,nan,0.0,nan,0.0,nan,0.0,5.119325993466328,0.9400379269168346,nan,nan,nan,nan
noise-game,scale,fashion_mnist,42,500,100,1.1,1.0,0.05,iid,1.0,50,131,7.24104593863762,0.22141624100506305,nan,0.3240001873883532,nan,nan,1000.0,0.30710089928709117,0.23087911089854307,3671,419,6596,54,nan,0.0,nan,0.0,nan,0.0,5.127673539059559,0.0,nan,0.0,nan,0.0,nan,0.0,5.127673539059559,0.9378062355077585,nan,nan,nan,nan
noise-game,scale,fashion_mnist,42,500,100,1.1,1.0,0.05,iid,1.0,50,132,7.24104593863762,0.21606649167835712,nan,0.3440802131568675,nan,nan,1000.0,0.30811238612717384,0.26236019418336,3537,1098,7231,120,nan,0.0,nan,0.0,nan,0.0,5.139233063783045,0.0,nan,0.0,nan,0.0,nan,0.0,5.139233063783045,0.9270005320883902,nan,nan,nan,nan
noise-game,scale,fashion_mnist,42,500,100,1.1,1.0,0.05,iid,1.0,50,133,7.24104593863762,0.20919874154031276,nan,0.36814204896610053,nan,nan,1000.0,0.26579384949470247,0.272793193635866,3698,566,6651,81,nan,0.0,nan,0.0,nan,0.0,5.149956261713125,0.0,nan,0.0,nan,0.0,nan,0.0,5.149956261713125,0.9227202673497881,nan,nan,nan,nan
noise-game,scale,fashion_mnist,42,500,100,1.1,1.0,0.05,iid,1.0,50,134,7.24104593863762,0.2037744913995266,nan,0.4088458028426899,nan,nan,1000.0,0.36137235946615087,0.29181872874398235,3712,617,6729,56,nan,0.0,nan,0.0,nan,0.0,5.1608880178131145,0.0,nan,0.0,nan,0.0,nan,0.0,5.1608880178131145,0.9150135547718438,nan,nan,nan,nan
noise-game,scale,fashion_mnist,42,500,100,1.1,1.0,0.05,iid,1.0,50,135,7.24104593863762,0.20203774198889732,nan,0.4393398192864754,nan,nan,1000.0,0.33062857976651083,0.31503266839742355,3696,687,6803,64,nan,0.0,nan,0.0,nan,0.0,5.161937249115583,0.0,nan,0.0,nan,0.0,nan,0.0,5.161937249115583,0.9163481793298525,nan,nan,nan,nan
noise-game,scale,fashion_mnist,42,500,100,1.1,1.0,0.05,iid,1.0,50,136,7.24104593863762,0.1989447423070669,nan,0.3607427893732601,nan,nan,1000.0,0.3365461844278702,0.28160018142504506,3630,842,6956,106,nan,0.0,nan,0.0,nan,0.0,5.164035711720519,0.0,nan,0.0,nan,0.0,nan,0.0,5.164035711720519,0.9171980116514918,nan,nan,nan,nan
noise-game,scale,fashion_mnist,42,500,100,1.1,1.0,0.05,iid,1.0,50,137,7.24104593863762,0.1937304925918579,nan,0.4194398667111616,nan,nan,1000.0,0.3593588036959046,0.3090963654923928,3559,918,7138,73,nan,0.0,nan,0.0,nan,0.0,5.172328773511044,0.0,nan,0.0,nan,0.0,nan,0.0,5.172328773511044,0.913248938130573,nan,nan,nan,nan
noise-game,scale,fashion_mnist,42,500,100,1.1,1.0,0.05,iid,1.0,50,138,7.24104593863762,0.18646474197506904,nan,0.4186380683823139,nan,nan,1000.0,0.3756770282444223,0.32607812043121936,3711,574,6686,77,nan,0.0,nan,0.0,nan,0.0,5.182934533123935,0.0,nan,0.0,nan,0.0,nan,0.0,5.182934533123935,0.909202033470567,nan,nan,nan,nan
noise-game,scale,fashion_mnist,42,500,100,1.1,1.0,0.05,iid,1.0,50,139,7.24104593863762,0.17950199231505393,nan,0.3751799416567738,nan,nan,1000.0,0.3477502356044942,0.291692388379262,3580,974,7116,116,nan,0.0,nan,0.0,nan,0.0,5.189229719327261,0.0,nan,0.0,nan,0.0,nan,0.0,5.189229719327261,0.911157239827117,nan,nan,nan,nan
noise-game,scale,fashion_mnist,42,500,100,1.1,1.0,0.05,iid,1.0,50,140,7.24104593863762,0.1779787427932024,nan,0.42887360512854533,nan,nan,1000.0,0.3605869609909187,0.305915696461158,3686,648,6789,51,nan,0.0,nan,0.0,nan,0.0,5.190278950629729,0.0,nan,0.0,nan,0.0,nan,0.0,5.190278950629729,0.911951649864726,nan,nan,nan,nan
noise-game,scale,fashion_mnist,42,500,100,1.1,1.0,0.05,iid,1.0,50,141,7.24104593863762,0.1725602428615093,nan,0.3373182532830346,nan,nan,1000.0,0.2436970884308713,0.27656962279826547,3677,485,6598,102,nan,0.0,nan,0.0,nan,0.0,5.193426644537135,0.0,nan,0.0,nan,0.0,nan,0.0,5.193426644537135,0.9166003581718749,nan,nan,nan,nan
noise-game,scale,fashion_mnist,42,500,100,1.1,1.0,0.05,iid,1.0,50,142,7.24104593863762,0.16818999238312243,nan,0.36610420312547975,nan,nan,1000.0,0.3443193884745467,0.2787191193727081,3656,497,6664,53,nan,0.0,nan,0.0,nan,0.0,5.2133356484853115,0.0,nan,0.0,nan,0.0,nan,0.0,5.2133356484853115,0.8742919079549074,nan,nan,nan,nan
noise-game,scale,fashion_mnist,42,500,100,1.1,1.0,0.05,iid,1.0,50,143,7.24104593863762,0.16469024263322354,nan,0.4106931095015928,nan,nan,1000.0,0.38998514679942253,0.31881480048211547,3692,629,6769,56,nan,0.0,nan,0.0,nan,0.0,5.215434111090249,0.0,nan,0.0,nan,0.0,nan,0.0,5.215434111090249,0.8756900852633532,nan,nan,nan,nan
noise-game,scale,fashion_mnist,42,500,100,1.1,1.0,0.05,iid,1.0,50,144,7.24104593863762,0.16147274300456047,nan,0.4319665757955997,nan,nan,1000.0,0.5013051639710606,0.3210891397123746,3617,803,7003,25,nan,0.0,nan,0.0,nan,0.0,5.2292822143836055,0.0,nan,0.0,nan,0.0,nan,0.0,5.2292822143836055,0.8540606711983528,nan,nan,nan,nan
noise-game,scale,fashion_mnist,42,500,100,1.1,1.0,0.05,iid,1.0,50,145,7.24104593863762,0.1596469920128584,nan,0.37879414975839104,nan,nan,1000.0,0.2775991303905559,0.2825334652186572,3680,709,6795,110,nan,0.0,nan,0.0,nan,0.0,5.233389247120129,0.0,nan,0.0,nan,0.0,nan,0.0,5.233389247120129,0.8505789925540039,nan,nan,nan,nan
noise-game,scale,fashion_mnist,42,500,100,1.1,1.0,0.05,iid,1.0,50,146,7.24104593863762,0.15621974341571332,nan,0.42524870690299965,nan,nan,1000.0,0.2812035617298776,0.3139236335543964,3666,583,6717,110,nan,0.0,nan,0.0,nan,0.0,5.2405476508157305,0.0,nan,0.0,nan,0.0,nan,0.0,5.2405476508157305,0.8475006058505117,nan,nan,nan,nan
noise-game,scale,fashion_mnist,42,500,100,1.1,1.0,0.05,iid,1.0,50,147,7.24104593863762,0.15464924305677413,nan,0.3939623916542708,nan,nan,1000.0,0.3416872816692583,0.2881091801638772,3529,980,7197,106,nan,0.0,nan,0.0,nan,0.0,5.241664709315518,0.0,nan,0.0,nan,0.0,nan,0.0,5.241664709315518,0.8477332891779622,nan,nan,nan,nan
noise-game,scale,fashion_mnist,42,500,100,1.1,1.0,0.05,iid,1.0,50,148,7.24104593863762,0.15461699314415456,nan,0.44384725141003156,nan,nan,1000.0,0.4693810689093291,0.31745404830748164,3592,839,7062,31,nan,0.0,nan,0.0,nan,0.0,5.241664709315518,0.0,nan,0.0,nan,0.0,nan,0.0,5.241664709315518,0.8477332891779622,nan,nan,nan,nan
noise-game,scale,fashion_mnist,42,500,100,1.1,1.0,0.05,iid,1.0,50,149,7.24104593863762,0.15301924280822277,nan,0.3967041079522678,nan,nan,1000.0,0.36063306241876714,0.28456970983592966,3681,683,6801,51,nan,0.0,nan,0.0,nan,0.0,5.242713940617986,0.0,nan,0.0,nan,0.0,nan,0.0,5.242713940617986,0.8484954582099312,nan,nan,nan,nan
