algorithm,attack_type,dataset,seed,n_nodes,n_attackers,noise_mult,clip_bound,sampling_rate,split_mode,dirichlet_alpha,start_round,round,epsilon,accuracy,test_loss,f1_score,mean_update_norm_honest,mean_update_norm_attacker,best_alpha,precision,recall,total_tp_all,total_fp_all,total_fn_all,total_tn_all,eps_n_honest,eps_n_attacker,trust_honest,trust_attacker,sigma_n_honest,sigma_n_attacker,n_dp_norm_honest,n_dp_norm_attacker,nsr_honest,nsr_attacker,sigma_dp_honest,sigma_dp_attacker,noise_norm_honest,noise_norm_attacker,eps_avg,eps_std,avg_trust,avg_sigma_dp_precap,avg_n_dp_norm_postcap,avg_nsr
noise-game,scale,fashion_mnist,42,500,0,1.1,1.0,0.05,iid,1.0,99999,0,1.9060445256894678,0.45723078817129137,1.9728044476509095,nan,0.5643462240695953,0.0,1000.0,0.0,nan,0,1,0,115,0.06099342482206297,0.0,1.0,0.0,1.0,0.0,225.73837089538574,0.0,955.1733451340266,0.0,1.0,0.0,225.73837089538574,0.0,0.06099342482206297,0.3354638365213463,1.0,1.0,7.223627868652343,30.565547044288852
noise-game,scale,fashion_mnist,42,500,0,1.1,1.0,0.05,iid,1.0,99999,1,1.9370466273628184,0.5712699846029282,1.7063541674613953,nan,0.5933103437225024,0.0,1000.0,0.0,nan,0,3,0,207,0.1459554023713322,0.0,0.9900280758738518,0.0,1.0019243818225334,0.0,225.91035016377768,0.0,1112.880091799125,0.0,1.0019243818225334,0.0,225.91035016377768,0.0,0.1459554023713322,0.508929160197255,0.9900280758738518,1.0019243818225334,10.843696807861328,53.418244406358006
noise-game,scale,fashion_mnist,42,500,0,1.1,1.0,0.05,iid,1.0,99999,2,2.026329955233176,0.621587183713913,1.4820339074134827,nan,0.591471274693807,0.0,1000.0,0.0,nan,0,10,0,262,0.24771256585718948,0.0,0.9983581061716433,0.0,0.9857431526284012,0.0,222.41934430157696,0.0,1183.7362125441998,0.0,0.9857431526284012,0.0,222.41934430157696,0.0,0.24771256585718948,0.646595099143731,0.9983581061716433,0.9857431526284012,12.010644592285157,63.921755477386796
noise-game,scale,fashion_mnist,42,500,0,1.1,1.0,0.05,iid,1.0,99999,3,2.0834216714084257,0.6506513835191726,1.3059354984760285,nan,0.5863630814211709,0.0,1000.0,0.0,nan,0,19,0,289,0.35130146652197014,0.0,0.9978383268628802,0.0,0.978396120350847,0.0,220.7958766392299,0.0,1334.6352188595124,0.0,0.978396120350847,0.0,220.7958766392299,0.0,0.35130146652197014,0.7499502815144952,0.9978383268628802,0.978396120350847,12.364569091796875,74.7395722561327
noise-game,scale,fashion_mnist,42,500,0,1.1,1.0,0.05,iid,1.0,99999,4,2.1448750000640207,0.673298382639885,1.176284464120865,nan,0.5650190092050112,0.0,1000.0,0.0,nan,0,8,0,236,0.4523382760166815,0.0,0.9990192972696744,0.0,0.9694563991285807,0.0,218.53841458834134,0.0,1528.0308472680651,0.0,0.9694563991285807,0.0,218.53841458834134,0.0,0.4523382760166815,0.827905140340518,0.9990192972696744,0.9694563991285807,11.36399755859375,79.4576040579394
noise-game,scale,fashion_mnist,42,500,0,1.1,1.0,0.05,iid,1.0,99999,5,2.1823783653576827,0.6902567813396454,1.0821715049743652,nan,0.7029359519481659,0.0,1000.0,0.0,nan,0,24,0,154,0.5109773668949265,0.0,0.9795591294765472,0.0,0.9804288116783365,0.0,221.2626739501953,0.0,1806.926560940846,0.0,0.9804288116783365,0.0,221.2626739501953,0.0,0.5109773668949265,0.8670296412055388,0.9795591294765472,0.9804288116783365,8.850506958007813,72.27706243763384
noise-game,scale,fashion_mnist,42,500,0,1.1,1.0,0.05,iid,1.0,99999,6,2.1823783653576827,0.7021511818170547,1.0117612818479538,nan,0.6464458189227364,0.0,1000.0,0.0,nan,0,23,0,159,0.5826069663164858,0.0,0.9710239334539934,0.0,0.9807518551191099,0.0,221.25004716352984,0.0,2069.389476959708,0.0,0.9807518551191099,0.0,221.25004716352984,0.0,0.5826069663164858,0.9078729915233892,0.9710239334539934,0.9807518551191099,9.735002075195313,91.05313698622714
noise-game,scale,fashion_mnist,42,500,0,1.1,1.0,0.05,iid,1.0,99999,7,2.2956603417171464,0.7104761817455292,0.9577970374822616,nan,0.6319072349318142,0.0,1000.0,0.0,nan,0,41,0,279,0.6777937243510779,0.0,0.9727130511711384,0.0,0.9713400139071237,0.0,218.87196613180225,0.0,2313.617587953863,0.0,0.9713400139071237,0.0,218.87196613180225,0.0,0.6777937243510779,0.9540051923550897,0.9727130511711384,0.9713400139071237,12.694574035644532,134.18982010132407
noise-game,scale,fashion_mnist,42,500,0,1.1,1.0,0.05,iid,1.0,99999,8,2.3267568975779804,0.7168989821672439,0.9148539819717407,nan,0.7091153099619109,0.0,1000.0,0.0,nan,0,64,0,266,0.7501891466819198,0.0,0.9298057206745806,0.0,1.0038475844764292,0.0,226.370470244309,0.0,2629.3317380814747,0.0,1.0038475844764292,0.0,226.370470244309,0.0,0.7501891466819198,0.985004222685075,0.9298057206745806,1.0038475844764292,13.129487274169922,152.50124080872553
noise-game,scale,fashion_mnist,42,500,0,1.1,1.0,0.05,iid,1.0,99999,9,2.410809582592675,0.7228289816379547,0.8796992230415345,nan,0.6886813177002801,0.0,1000.0,0.0,nan,0,25,0,229,0.8184159424889632,0.0,0.9098515444331698,0.0,1.014416818925805,0.0,228.9633596914786,0.0,2893.503309172549,0.0,1.014416818925805,0.0,228.9633596914786,0.0,0.8184159424889632,1.0090062942287086,0.9098515444331698,1.014416818925805,12.364021423339844,156.24917869531765
noise-game,scale,fashion_mnist,42,500,0,1.1,1.0,0.05,iid,1.0,99999,10,2.410809582592675,0.7275957819223404,0.8505766600370407,nan,0.7378195620352223,0.0,1000.0,0.0,nan,0,58,0,300,0.9067530890865403,0.0,0.9318272836746708,0.0,0.9860476952041259,0.0,222.40594039424772,0.0,3037.869487915849,0.0,0.9860476952041259,0.0,222.40594039424772,0.0,0.9067530890865403,1.0346145343295312,0.9318272836746708,0.9860476952041259,13.78916830444336,188.34790825078264
noise-game,scale,fashion_mnist,42,500,0,1.1,1.0,0.05,iid,1.0,99999,11,2.410809582592675,0.7321153817176819,0.8256152369976044,nan,0.7936001022656759,0.0,1000.0,0.0,nan,0,63,0,279,0.979179134755208,0.0,0.9175080120563507,0.0,0.991303811925252,0.0,223.59667104085287,0.0,3260.1914186848826,0.0,0.991303811925252,0.0,223.59667104085287,0.0,0.979179134755208,1.0525692116282166,0.9175080120563507,0.991303811925252,13.415800262451173,195.61148512109293
noise-game,scale,fashion_mnist,42,500,0,1.1,1.0,0.05,iid,1.0,99999,12,2.410809582592675,0.7361437813043594,0.8043761696815491,nan,0.7811713526646297,0.0,1000.0,0.0,nan,0,67,0,325,1.0481445950048562,0.0,0.8865767319997152,0.0,1.0115049736318822,0.0,228.1626739501953,0.0,3519.4705240263693,0.0,1.0115049736318822,0.0,228.1626739501953,0.0,1.0481445950048562,1.0662290976535058,0.8865767319997152,1.0115049736318822,13.689760437011719,211.16823144158215
noise-game,scale,fashion_mnist,42,500,0,1.1,1.0,0.05,iid,1.0,99999,13,2.410809582592675,0.7400479816198349,0.7856261203289032,nan,0.767724319740578,0.0,1000.0,0.0,nan,0,31,0,255,1.09789530019387,0.0,0.8556968315883919,0.0,1.0312749632917784,0.0,232.75503257468895,0.0,3761.8228660716463,0.0,1.0312749632917784,0.0,232.75503257468895,0.0,1.09789530019387,1.0738224037489976,0.8556968315883919,1.0312749632917784,12.568771759033202,203.13843476786894
noise-game,scale,fashion_mnist,42,500,0,1.1,1.0,0.05,iid,1.0,99999,14,2.410809582592675,0.743444781422615,0.7693566706180572,nan,0.7728506823380789,0.0,1000.0,0.0,nan,0,8,0,112,1.1524983580756467,0.0,0.9330043693383535,0.0,0.9539413163710173,0.0,215.29249403211804,0.0,3720.2157434500527,0.0,0.9539413163710173,0.0,215.29249403211804,0.0,1.1524983580756467,1.0792482346795182,0.9330043693383535,0.9539413163710173,7.75052978515625,133.92776676420192
noise-game,scale,fashion_mnist,42,500,0,1.1,1.0,0.05,iid,1.0,99999,15,2.428210224755968,0.7462111815214157,0.7553807237148285,nan,0.8423499076262765,0.0,1000.0,0.0,nan,0,38,0,162,1.198244480683006,0.0,0.865890295609184,0.0,1.005865074303469,0.0,226.8877716064453,0.0,4057.486236732389,0.0,1.005865074303469,0.0,226.8877716064453,0.0,1.198244480683006,1.082729169347576,0.865890295609184,1.005865074303469,10.436837493896485,186.64436688968993
noise-game,scale,fashion_mnist,42,500,0,1.1,1.0,0.05,iid,1.0,99999,16,2.4517629332260946,0.7489929810762406,0.7427193186283112,nan,0.988458958764871,0.0,1000.0,0.0,nan,0,51,0,183,1.2271262521447173,0.0,0.8640352189540863,0.0,0.9994824511925526,0.0,225.29753621419272,0.0,4186.743348543029,0.0,0.9994824511925526,0.0,225.29753621419272,0.0,1.2271262521447173,1.0868612946469736,0.8640352189540863,0.9994824511925526,10.81428173828125,200.9636807300654
noise-game,scale,fashion_mnist,42,500,0,1.1,1.0,0.05,iid,1.0,99999,17,2.478290074703557,0.7517841813564301,0.730899472117424,nan,0.7648263587193056,0.0,1000.0,0.0,nan,0,31,0,147,1.2782422083400584,0.0,0.8661603886972774,0.0,0.9896635511494547,0.0,223.15721407803622,0.0,4275.205045199476,0.0,0.9896635511494547,0.0,223.15721407803622,0.0,1.2782422083400584,1.0876856298572186,0.8661603886972774,0.9896635511494547,9.818917419433594,188.109021988777
noise-game,scale,fashion_mnist,42,500,0,1.1,1.0,0.05,iid,1.0,99999,18,2.5079486589668023,0.7541061816215515,0.7210183554887771,nan,0.8570275863875514,0.0,1000.0,0.0,nan,0,36,0,186,1.3204666367543507,0.0,0.8401043233664139,0.0,1.0043394554238636,0.0,226.44780963400135,0.0,4557.897252844719,0.0,1.0043394554238636,0.0,226.44780963400135,0.0,1.3204666367543507,1.0877630961225055,0.8401043233664139,1.0043394554238636,10.416599243164063,209.66327363085708
noise-game,scale,fashion_mnist,42,500,0,1.1,1.0,0.05,iid,1.0,99999,19,2.540847004632836,0.7564175815582276,0.7114174993038177,nan,0.8377896628596566,0.0,1000.0,0.0,nan,0,47,0,147,1.3723413880270625,0.0,0.8647500330751593,0.0,0.975166417300186,0.0,219.9397007335316,0.0,4566.672918408742,0.0,0.975166417300186,0.0,219.9397007335316,0.0,1.3723413880270625,1.0851368765917695,0.8647500330751593,0.975166417300186,9.67734683227539,200.93360840998463
noise-game,scale,fashion_mnist,42,500,0,1.1,1.0,0.05,iid,1.0,99999,20,2.592671650264863,0.7584791792631149,0.7030158166885376,nan,0.7105320085372243,0.0,1000.0,0.0,nan,0,37,0,259,1.431298753132454,0.0,0.8469344100781849,0.0,0.9825776807225353,0.0,221.5778863089425,0.0,4681.326384194975,0.0,0.9825776807225353,0.0,221.5778863089425,0.0,1.431298753132454,1.080957025652025,0.8469344100781849,0.9825776807225353,12.408361633300782,262.1542775149186
noise-game,scale,fashion_mnist,42,500,0,1.1,1.0,0.05,iid,1.0,99999,21,2.61651991113298,0.7604211813211441,0.6952500171661377,nan,0.7543955998761314,0.0,1000.0,0.0,nan,0,20,0,140,1.464332237069163,0.0,0.7880930985723223,0.0,1.02449014640269,0.0,231.1084478469122,0.0,5058.146025378574,0.0,1.02449014640269,0.0,231.1084478469122,0.0,1.464332237069163,1.0780597011636193,0.7880930985723223,1.02449014640269,9.706554809570312,212.44213306590012
noise-game,scale,fashion_mnist,42,500,0,1.1,1.0,0.05,iid,1.0,99999,22,2.65923430233491,0.7622593814134597,0.6879327549934388,nan,0.935609119279044,0.0,1000.0,0.0,nan,0,68,0,232,1.4991827024990654,0.0,0.7771988218384129,0.0,1.0254630580520683,0.0,231.18638174874442,0.0,5090.960800532172,0.0,1.0254630580520683,0.0,231.18638174874442,0.0,1.4991827024990654,1.0756861756610459,0.7771988218384129,1.0254630580520683,12.946437377929687,285.0938048298016
noise-game,scale,fashion_mnist,42,500,0,1.1,1.0,0.05,iid,1.0,99999,23,2.705078380872678,0.7640525822639466,0.681529883146286,nan,0.8484707048961094,0.0,1000.0,0.0,nan,0,20,0,132,1.5500204612006248,0.0,0.8467176400479817,0.0,0.9594568871658034,0.0,216.30717032296317,0.0,4977.927932282966,0.0,0.9594568871658034,0.0,216.30717032296317,0.0,1.5500204612006248,1.0693186746077,0.8467176400479817,0.9594568871658034,9.084901153564454,209.07297315588457
noise-game,scale,fashion_mnist,42,500,0,1.1,1.0,0.05,iid,1.0,99999,24,2.7539126969650387,0.7657699815034866,0.6752066133022309,nan,0.8481485456228256,0.0,1000.0,0.0,nan,0,34,0,112,1.5850964199954047,0.0,0.7943682730197906,0.0,0.9950161451482554,0.0,224.76779251098634,0.0,5301.912664528394,0.0,0.9950161451482554,0.0,224.76779251098634,0.0,1.5850964199954047,1.0648068411399485,0.7943682730197906,0.9950161451482554,8.990711700439453,212.07650658113573
noise-game,scale,fashion_mnist,42,500,0,1.1,1.0,0.05,iid,1.0,99999,25,2.805573360266809,0.7671233805418014,0.6698217904567718,nan,0.6769252011650487,0.0,1000.0,0.0,nan,0,14,0,128,1.636627701116936,0.0,0.860801383068687,0.0,0.9326969415455691,0.0,210.30196982935854,0.0,4893.788362776104,0.0,0.9326969415455691,0.0,210.30196982935854,0.0,1.636627701116936,1.0556874365673417,0.860801383068687,0.9326969415455691,7.991474853515625,185.96395778549194
noise-game,scale,fashion_mnist,42,500,0,1.1,1.0,0.05,iid,1.0,99999,26,2.8598836781838877,0.7684689800739288,0.6644140173196793,nan,0.7625399814410643,0.0,1000.0,0.0,nan,0,27,0,157,1.672126074741753,0.0,0.7286014258861542,0.0,1.0326388683607912,0.0,233.27816078879616,0.0,5568.863795596348,0.0,1.0326388683607912,0.0,233.27816078879616,0.0,1.672126074741753,1.0490031929551993,0.7286014258861542,1.0326388683607912,10.264239074707032,245.03000700623926
noise-game,scale,fashion_mnist,42,500,0,1.1,1.0,0.05,iid,1.0,99999,27,2.9166645221071055,0.769892981171608,0.6595936226844787,nan,0.8439214779780462,0.0,1000.0,0.0,nan,0,63,0,251,1.7155592701421682,0.0,0.7811983399666272,0.0,0.9820315234708876,0.0,221.59273705115686,0.0,5578.5604522943795,0.0,0.9820315234708876,0.0,221.59273705115686,0.0,1.7155592701421682,1.041242152089061,0.7811983399666272,0.9820315234708876,11.522822326660156,290.08514351930774
noise-game,scale,fashion_mnist,42,500,0,1.1,1.0,0.05,iid,1.0,99999,28,2.975742680111634,0.7713081806898117,0.6549169842004776,nan,0.7446408867835999,0.0,1000.0,0.0,nan,0,45,0,247,1.7592872824820636,0.0,0.7700230788301539,0.0,0.9831391680160936,0.0,221.86310888219762,0.0,5644.34112624137,0.0,0.9831391680160936,0.0,221.86310888219762,0.0,1.7592872824820636,1.0325533285436117,0.7700230788301539,0.9831391680160936,11.980607879638672,304.794420817034
noise-game,scale,fashion_mnist,42,500,0,1.1,1.0,0.05,iid,1.0,99999,29,3.108744643365915,0.7724219808578491,0.6505417677164078,nan,0.7241443764595759,0.0,1000.0,0.0,nan,0,12,0,150,1.7867953027578665,0.0,0.7667406073638371,0.0,0.9779082544224006,0.0,220.41431027367003,0.0,5573.790444350107,0.0,0.9779082544224006,0.0,220.41431027367003,0.0,1.7867953027578665,1.0291831090837786,0.7667406073638371,0.9779082544224006,9.25740103149414,234.09919866270454
noise-game,scale,fashion_mnist,42,500,0,1.1,1.0,0.05,iid,1.0,99999,30,3.108744643365915,0.773624180316925,0.6465227216482162,nan,0.8921954846009612,0.0,1000.0,0.0,nan,0,95,0,299,1.8300860108651793,0.0,0.7397145703434944,0.0,0.9913756318640393,0.0,223.73449182510376,0.0,5797.614883032503,0.0,0.9913756318640393,0.0,223.73449182510376,0.0,1.8300860108651793,1.023154354476962,0.7397145703434944,0.9913756318640393,14.319007476806641,371.04735251408016
noise-game,scale,fashion_mnist,42,500,0,1.1,1.0,0.05,iid,1.0,99999,31,3.1652297784304424,0.7747403804063797,0.6426781196594238,nan,1.0129688034454982,0.0,1000.0,0.0,nan,0,16,0,110,1.8461878699616128,0.0,0.7480277982023027,0.0,0.9769889563805267,0.0,220.4078631930881,0.0,5742.286190440735,0.0,0.9769889563805267,0.0,220.4078631930881,0.0,1.8461878699616128,1.0217005234390482,0.7480277982023027,0.9769889563805267,7.934683074951172,206.72230285586645
noise-game,scale,fashion_mnist,42,500,0,1.1,1.0,0.05,iid,1.0,99999,32,3.2320514254157566,0.7755969804525376,0.6393775577545167,nan,0.9173384023209413,0.0,1000.0,0.0,nan,0,68,0,156,1.8967874601296186,0.0,0.7770689918349186,0.0,0.9467222183580053,0.0,213.519069035848,0.0,5783.62825295745,0.0,0.9467222183580053,0.0,213.519069035848,0.0,1.8967874601296186,1.0127394117770483,0.7770689918349186,0.9467222183580053,10.248915313720703,277.6141561419576
noise-game,scale,fashion_mnist,42,500,0,1.1,1.0,0.05,iid,1.0,99999,33,3.2870351876750656,0.7767435802221299,0.6359155803918839,nan,0.9432166957855225,0.0,1000.0,0.0,nan,0,31,0,203,1.9331899543354998,0.0,0.746064522266388,0.0,0.9629892673362047,0.0,217.13559326171875,0.0,5669.4742799161095,0.0,0.9629892673362047,0.0,217.13559326171875,0.0,1.9331899543354998,1.0060640074367782,0.746064522266388,0.9629892673362047,10.856779663085938,283.4737139958055
noise-game,scale,fashion_mnist,42,500,0,1.1,1.0,0.05,iid,1.0,99999,34,3.309881583599814,0.7776163803339005,0.6328033664226532,nan,0.9320151958810655,0.0,1000.0,0.0,nan,0,161,0,401,1.9786202600076872,0.0,0.7052577522240187,0.0,0.9864048984811655,0.0,222.51059642590974,0.0,6101.318260428127,0.0,0.9864048984811655,0.0,222.51059642590974,0.0,1.9786202600076872,0.9965385410535939,0.7052577522240187,0.9864048984811655,16.91080532836914,463.70018779253775
noise-game,scale,fashion_mnist,42,500,0,1.1,1.0,0.05,iid,1.0,99999,35,3.335308650633853,0.7784391813278199,0.6298534843921662,nan,0.9523940699941972,0.0,1000.0,0.0,nan,0,35,0,79,2.002137537117971,0.0,0.7031039911157945,0.0,0.9801729178735026,0.0,221.17628030215994,0.0,5845.223292488126,0.0,0.9801729178735026,0.0,221.17628030215994,0.0,2.002137537117971,0.9914379106493107,0.7031039911157945,0.9801729178735026,7.519993530273437,198.73759194459626
noise-game,scale,fashion_mnist,42,500,0,1.1,1.0,0.05,iid,1.0,99999,36,3.3634836398847234,0.7790431804656982,0.6272065600156784,nan,0.7953264231865222,0.0,1000.0,0.0,nan,0,78,0,210,2.046749310613802,0.0,0.7224727765871928,0.0,0.9578408451547078,0.0,216.11588522104117,0.0,6048.090668443752,0.0,0.9578408451547078,0.0,216.11588522104117,0.0,2.046749310613802,0.9793366457732732,0.7224727765871928,0.9578408451547078,11.23802603149414,314.5007147590752
noise-game,scale,fashion_mnist,42,500,0,1.1,1.0,0.05,iid,1.0,99999,37,3.3945518422428416,0.7799829797744751,0.624641382098198,nan,0.91280337870121,0.0,1000.0,0.0,nan,0,30,0,128,2.085400755197382,0.0,0.7497049152851105,0.0,0.9299537653263604,0.0,209.83312454223633,0.0,5997.049230320415,0.0,0.9299537653263604,0.0,209.83312454223633,0.0,2.085400755197382,0.9683330998224623,0.7497049152851105,0.9299537653263604,8.393324981689453,239.88196921281659
noise-game,scale,fashion_mnist,42,500,0,1.1,1.0,0.05,iid,1.0,99999,38,3.4286304979433204,0.78058738052845,0.6221924912929535,nan,0.9498252574656461,0.0,1000.0,0.0,nan,0,133,0,397,2.105875127021315,0.0,0.6284664361863523,0.0,1.0120009437616053,0.0,228.5635701772329,0.0,6410.522205826626,0.0,1.0120009437616053,0.0,228.5635701772329,0.0,2.105875127021315,0.9660391033711657,0.6284664361863523,1.0120009437616053,16.913704193115233,474.3786432311703
noise-game,scale,fashion_mnist,42,500,0,1.1,1.0,0.05,iid,1.0,99999,39,3.4658038977209533,0.7814227808713913,0.6195578036308289,nan,0.7438517640466276,0.0,1000.0,0.0,nan,0,60,0,140,2.1301164265702783,0.0,0.6120545546645704,0.0,1.0159504281741536,0.0,229.32301264223844,0.0,6504.181133583742,0.0,1.0159504281741536,0.0,229.32301264223844,0.0,2.1301164265702783,0.9590689224432741,0.6120545546645704,1.0159504281741536,10.54885858154297,299.1923321448522
noise-game,scale,fashion_mnist,42,500,0,1.1,1.0,0.05,iid,1.0,99999,40,3.5061202247651524,0.7821143800020218,0.6175428887605667,nan,0.9939688563346862,0.0,1000.0,0.0,nan,0,80,0,278,2.1589414426150446,0.0,0.6849268168210983,0.0,0.9549391256467931,0.0,215.48490397135416,0.0,6333.719090046341,0.0,0.9549391256467931,0.0,215.48490397135416,0.0,2.1589414426150446,0.9533028733243146,0.6849268168210983,0.9549391256467931,12.92909423828125,380.02314540278036
noise-game,scale,fashion_mnist,42,500,0,1.1,1.0,0.05,iid,1.0,99999,41,3.549590509425555,0.7828177809715271,0.6153381154537201,nan,1.013754661018784,0.0,1000.0,0.0,nan,0,136,0,372,2.196784031328774,0.0,0.6651180241559003,0.0,0.9615996110692349,0.0,217.13133775865708,0.0,6092.688276413715,0.0,0.9615996110692349,0.0,217.13133775865708,0.0,2.196784031328774,0.9450247075018275,0.6651180241559003,0.9615996110692349,16.067718994140623,450.85893245461494
noise-game,scale,fashion_mnist,42,500,0,1.1,1.0,0.05,iid,1.0,99999,42,3.596189817008292,0.7832293798923492,0.6135650018453598,nan,0.6579304985378099,0.0,1000.0,0.0,nan,0,29,0,157,2.230813035488802,0.0,0.6172831923417423,0.0,0.988121379552808,0.0,222.76095315684444,0.0,6228.759933694215,0.0,0.988121379552808,0.0,222.76095315684444,0.0,2.230813035488802,0.9337333004721895,0.6172831923417423,0.988121379552808,10.247003845214843,286.52295694993387
noise-game,scale,fashion_mnist,42,500,0,1.1,1.0,0.05,iid,1.0,99999,43,3.6458605126423596,0.7840279808044434,0.6114782192707062,nan,0.9792185040383503,0.0,1000.0,0.0,nan,0,63,0,261,2.2681799949800934,0.0,0.6941332909567602,0.0,0.9257666862175661,0.0,209.00645341544316,0.0,5926.628223536617,0.0,0.9257666862175661,0.0,209.00645341544316,0.0,2.2681799949800934,0.923708081626212,0.6941332909567602,0.9257666862175661,12.122374298095703,343.74443696512384
noise-game,scale,fashion_mnist,42,500,0,1.1,1.0,0.05,iid,1.0,99999,44,3.6985172032984486,0.7844985821247101,0.609756582736969,nan,0.9069488143379038,0.0,1000.0,0.0,nan,0,115,0,323,2.3182467035975374,0.0,0.6746343013012048,0.0,0.932103350244147,0.0,210.21959616921166,0.0,6148.735933462152,0.0,0.932103350244147,0.0,210.21959616921166,0.0,2.3182467035975374,0.903892356634374,0.6746343013012048,0.932103350244147,13.874493347167968,405.81657160850204
noise-game,scale,fashion_mnist,42,500,0,1.1,1.0,0.05,iid,1.0,99999,45,3.709701744286221,0.7850031805038452,0.6081171387434006,nan,0.8887811435593499,0.0,1000.0,0.0,nan,0,56,0,232,2.321845150692636,0.0,0.5339254858317198,0.0,1.0228454807912974,0.0,230.78074306911893,0.0,6705.051469047655,0.0,1.0228454807912974,0.0,230.78074306911893,0.0,2.321845150692636,0.9045646178870833,0.5339254858317198,1.0228454807912974,12.462160125732423,362.07277932857335
noise-game,scale,fashion_mnist,42,500,0,1.1,1.0,0.05,iid,1.0,99999,46,3.8123450255896953,0.7857815794944764,0.6061873115301132,nan,1.008279524351421,0.0,1000.0,0.0,nan,0,9,0,113,2.337622899212938,0.0,0.6297796180373744,0.0,0.948353069056428,0.0,213.95329525596216,0.0,6456.831852572381,0.0,0.948353069056428,0.0,213.95329525596216,0.0,2.337622899212938,0.9041488141589082,0.6297796180373744,0.948353069056428,8.130225219726562,245.35961039775046
noise-game,scale,fashion_mnist,42,500,0,1.1,1.0,0.05,iid,1.0,99999,47,3.873262932880725,0.7859987797737121,0.604934330701828,nan,1.1520675745877353,0.0,1000.0,0.0,nan,0,132,0,310,2.382252158417878,0.0,0.6846912774172697,0.0,0.9030940375961913,0.0,203.8094376072739,0.0,6268.377156291858,0.0,0.9030940375961913,0.0,203.8094376072739,0.0,2.382252158417878,0.8942508551395767,0.6846912774172697,0.9030940375961913,13.451422882080077,413.7128923152627
noise-game,scale,fashion_mnist,42,500,0,1.1,1.0,0.05,iid,1.0,99999,48,3.873262932880725,0.7866281818151474,0.6033993431329727,nan,1.1224300056695937,0.0,1000.0,0.0,nan,0,36,0,112,2.3910420660266203,0.0,0.6355396091938019,0.0,0.9293768533197884,0.0,209.79957962036133,0.0,6541.4972823647295,0.0,0.9293768533197884,0.0,209.79957962036133,0.0,2.3910420660266203,0.8974357504257878,0.6355396091938019,0.9293768533197884,8.391983184814453,261.65989129458916
noise-game,scale,fashion_mnist,42,500,0,1.1,1.0,0.05,iid,1.0,99999,49,4.002442722571478,0.7869167795181274,0.6021484112739564,nan,1.1905181733044712,0.0,1000.0,0.0,nan,0,25,0,161,2.40547518737207,0.0,0.6474975930018858,0.0,0.9138914405502746,0.0,206.12926621870562,0.0,6380.166025919202,0.0,0.9138914405502746,0.0,206.12926621870562,0.0,2.40547518737207,0.8968725900891735,0.6474975930018858,0.9138914405502746,9.069687713623047,280.7273051404448
noise-game,scale,fashion_mnist,42,500,0,1.1,1.0,0.05,iid,1.0,99999,50,4.070447429980684,0.7873305797576904,0.6009384546279907,nan,1.0858259201049805,0.0,1000.0,0.0,nan,0,51,0,181,2.44313971405527,0.0,0.666034550666809,0.0,0.8941837814069769,0.0,201.68097595214843,0.0,6321.39989696216,0.0,0.8941837814069769,0.0,201.68097595214843,0.0,2.44313971405527,0.8912500228157061,0.666034550666809,0.8941837814069769,10.084048797607421,316.069994848108
noise-game,scale,fashion_mnist,42,500,0,1.1,1.0,0.05,iid,1.0,99999,51,4.140570287900334,0.7877053805589675,0.5996671600341796,nan,1.187019793824716,0.0,1000.0,0.0,nan,0,26,0,146,2.4702669910890616,0.0,0.652577821503986,0.0,0.8960072895567179,0.0,201.84020788019353,0.0,6163.821697848428,0.0,0.8960072895567179,0.0,201.84020788019353,0.0,2.4702669910890616,0.8863164725984276,0.652577821503986,0.8960072895567179,8.880969146728516,271.20815470533086
noise-game,scale,fashion_mnist,42,500,0,1.1,1.0,0.05,iid,1.0,99999,52,4.212705617951665,0.7881413795948029,0.5987091727256775,nan,1.0946637179170335,0.0,1000.0,0.0,nan,0,38,0,126,2.5019219566540505,0.0,0.6474557135786329,0.0,0.8922467807085626,0.0,201.37235296340216,0.0,6159.4602484470715,0.0,0.8922467807085626,0.0,201.37235296340216,0.0,2.5019219566540505,0.877610768529556,0.6474557135786329,0.8922467807085626,8.45763882446289,258.6973304347771
noise-game,scale,fashion_mnist,42,500,0,1.1,1.0,0.05,iid,1.0,99999,53,4.286759633999154,0.7885619806051254,0.5974038014411927,nan,0.8127789510921999,0.0,1000.0,0.0,nan,0,37,0,159,2.5176764415886606,0.0,0.5800453559918837,0.0,0.9292522302663028,0.0,209.64751018177378,0.0,6599.437397843881,0.0,0.9292522302663028,0.0,209.64751018177378,0.0,2.5176764415886606,0.8757371908142314,0.5800453559918837,0.9292522302663028,9.224490447998047,290.3752455051308
noise-game,scale,fashion_mnist,42,500,0,1.1,1.0,0.05,iid,1.0,99999,54,4.286759633999154,0.7888779804706574,0.5964876061677933,nan,1.1248974474146962,0.0,1000.0,0.0,nan,0,73,0,305,2.5284876703332304,0.0,0.5662274970673025,0.0,0.9308185529372404,0.0,209.9464602470398,0.0,6368.077088844947,0.0,0.9308185529372404,0.0,209.9464602470398,0.0,2.5284876703332304,0.8771969956669101,0.5662274970673025,0.9308185529372404,13.436573455810548,407.5569336860766
noise-game,scale,fashion_mnist,42,500,0,1.1,1.0,0.05,iid,1.0,99999,55,4.286759633999154,0.788955780506134,0.5957462706565857,nan,1.0487005044432247,0.0,1000.0,0.0,nan,0,12,0,100,2.5353786425266063,0.0,0.5629082164343666,0.0,0.925539449055599,0.0,208.79961170869714,0.0,6866.147565325652,0.0,0.925539449055599,0.0,208.79961170869714,0.0,2.5353786425266063,0.8769173536320523,0.5629082164343666,0.925539449055599,7.099186798095703,233.44901722107215
noise-game,scale,fashion_mnist,42,500,0,1.1,1.0,0.05,iid,1.0,99999,56,4.519677752526062,0.7897453799247741,0.5940024957656861,nan,0.7862974636788879,0.0,1000.0,0.0,nan,0,13,0,59,2.548640304498617,0.0,0.5839627909341029,0.0,0.9047128056356835,0.0,204.18760245186942,0.0,6609.990844799576,0.0,0.9047128056356835,0.0,204.18760245186942,0.0,2.548640304498617,0.874421657082828,0.5839627909341029,0.9047128056356835,5.717252868652344,185.07974365438815
noise-game,scale,fashion_mnist,42,500,0,1.1,1.0,0.05,iid,1.0,99999,57,4.669462279135453,0.7898123799562454,0.5935594143867493,nan,0.8250244132110051,0.0,1000.0,0.0,nan,0,83,0,235,2.6123501523379584,0.0,0.6826828899128097,0.0,0.8349338122199337,0.0,188.51334653581893,0.0,5983.246645155267,0.0,0.8349338122199337,0.0,188.51334653581893,0.0,2.6123501523379584,0.8604749667862883,0.6826828899128097,0.8349338122199337,10.55674740600586,335.06181212869495
noise-game,scale,fashion_mnist,42,500,0,1.1,1.0,0.05,iid,1.0,99999,58,4.683362926011152,0.7902473796606064,0.5926433856487274,nan,1.0187787432223558,0.0,1000.0,0.0,nan,0,95,0,331,2.6509452500845145,0.0,0.6155505455099046,0.0,0.8704913599852278,0.0,196.34544372558594,0.0,6425.574575406234,0.0,0.8704913599852278,0.0,196.34544372558594,0.0,2.6509452500845145,0.8586967037797196,0.6155505455099046,0.8704913599852278,12.5661083984375,411.23677282599897
noise-game,scale,fashion_mnist,42,500,0,1.1,1.0,0.05,iid,1.0,99999,59,4.767613229501504,0.7905269804000854,0.5917779418230057,nan,0.7680653009725653,0.0,1000.0,0.0,nan,0,41,0,141,2.674914955891957,0.0,0.461299239617327,0.0,0.9597700046179086,0.0,216.54711184294328,0.0,6895.625323686907,0.0,0.9597700046179086,0.0,216.54711184294328,0.0,2.674914955891957,0.8526167649980555,0.461299239617327,0.9597700046179086,9.961167144775391,317.1987648895977
noise-game,scale,fashion_mnist,42,500,0,1.1,1.0,0.05,iid,1.0,99999,60,4.767613229501504,0.7906211800575257,0.5915100951194763,nan,0.8407174315264759,0.0,1000.0,0.0,nan,0,37,0,195,2.6815836566032867,0.0,0.4309324452963968,0.0,0.970912943472463,0.0,219.35567220052084,0.0,6738.816381584654,0.0,0.970912943472463,0.0,219.35567220052084,0.0,2.6815836566032867,0.8523167205698289,0.4309324452963968,0.970912943472463,10.529072265625,323.4631863160634
noise-game,scale,fashion_mnist,42,500,0,1.1,1.0,0.05,iid,1.0,99999,61,4.940822386719835,0.7907627804279327,0.5910994772911071,nan,1.0678887917445257,0.0,1000.0,0.0,nan,0,61,0,215,2.7159420403949737,0.0,0.6025675581051753,0.0,0.8578179193403777,0.0,193.3952419574444,0.0,6290.634582251791,0.0,0.8578179193403777,0.0,193.3952419574444,0.0,2.7159420403949737,0.8484844045989345,0.6025675581051753,0.8578179193403777,10.056552581787109,327.1129982770931
noise-game,scale,fashion_mnist,42,500,0,1.1,1.0,0.05,iid,1.0,99999,62,5.132542724566684,0.791200180888176,0.5900245057344436,nan,1.0189839624441588,0.0,1000.0,0.0,nan,0,43,0,217,2.752769252303543,0.0,0.6080567802374179,0.0,0.8476400273869138,0.0,191.149289057805,0.0,6214.029916870132,0.0,0.8476400273869138,0.0,191.149289057805,0.0,2.752769252303543,0.8493936471228524,0.6080567802374179,0.8476400273869138,9.93976303100586,323.1295556772468
noise-game,scale,fashion_mnist,42,500,0,1.1,1.0,0.05,iid,1.0,99999,63,5.154609366839708,0.7914323798418045,0.589519494175911,nan,1.0666571436449885,0.0,1000.0,0.0,nan,0,76,0,314,2.769266835190949,0.0,0.5230889027006924,0.0,0.8922158515224626,0.0,201.19771146774292,0.0,6581.578310511426,0.0,0.8922158515224626,0.0,201.19771146774292,0.0,2.769266835190949,0.8536734944496823,0.5230889027006924,0.8922158515224626,12.876653533935547,421.22101187273125
noise-game,scale,fashion_mnist,42,500,0,1.1,1.0,0.05,iid,1.0,99999,64,5.194253122102357,0.7917197793722153,0.5890374462604523,nan,1.134990212640592,0.0,1000.0,0.0,nan,0,83,0,239,2.792572343335117,0.0,0.5200155396014452,0.0,0.8869817847759067,0.0,200.09932000296456,0.0,6324.440521579404,0.0,0.8869817847759067,0.0,200.09932000296456,0.0,2.792572343335117,0.8515556049873056,0.5200155396014452,0.8869817847759067,11.205561920166016,354.16866920844666
noise-game,scale,fashion_mnist,42,500,0,1.1,1.0,0.05,iid,1.0,99999,65,5.194253122102357,0.7919979788064957,0.588323301076889,nan,1.0146669137936373,0.0,1000.0,0.0,nan,0,57,0,193,2.806130808577849,0.0,0.553167927150543,0.0,0.8601713967713114,0.0,194.05990189772385,0.0,6364.1278559239145,0.0,0.8601713967713114,0.0,194.05990189772385,0.0,2.806130808577849,0.8577274968182392,0.553167927150543,0.8601713967713114,10.09111489868164,330.9346485080436
noise-game,scale,fashion_mnist,42,500,0,1.1,1.0,0.05,iid,1.0,99999,66,5.194253122102357,0.7923065789937973,0.5878416873216629,nan,1.11689457654953,0.0,1000.0,0.0,nan,0,51,0,175,2.83728477747422,0.0,0.6314611124992371,0.0,0.8075592886753276,0.0,182.08936157226563,0.0,6296.263357960934,0.0,0.8075592886753276,0.0,182.08936157226563,0.0,2.83728477747422,0.8671552020934785,0.6314611124992371,0.8075592886753276,9.104468078613282,314.8131678980467
noise-game,scale,fashion_mnist,42,500,0,1.1,1.0,0.05,iid,1.0,99999,67,5.194253122102357,0.7922137789726257,0.5877905923128128,nan,0.9575696844479133,0.0,1000.0,0.0,nan,0,86,0,250,2.88188571321742,0.0,0.5665526760035547,0.0,0.8402537107916193,0.0,189.61200845652613,0.0,6393.152539516799,0.0,0.8402537107916193,0.0,189.61200845652613,0.0,2.88188571321742,0.8611464490292934,0.5665526760035547,0.8402537107916193,10.997496490478516,370.80284729197433
noise-game,scale,fashion_mnist,42,500,0,1.1,1.0,0.05,iid,1.0,99999,68,5.194253122102357,0.7924667803049088,0.5873934450149536,nan,1.1781735205475021,0.0,1000.0,0.0,nan,0,106,0,338,2.9195136213869484,0.0,0.562432748868185,0.0,0.834978100486906,0.0,188.19867167753333,0.0,6419.682591268136,0.0,0.834978100486906,0.0,188.19867167753333,0.0,2.9195136213869484,0.8650932791084112,0.562432748868185,0.834978100486906,12.797509674072266,436.5384162062332
noise-game,scale,fashion_mnist,42,500,0,1.1,1.0,0.05,iid,1.0,99999,69,5.212359099751911,0.7927035810947418,0.5869164832830429,nan,0.9411020443627709,0.0,1000.0,0.0,nan,0,7,0,105,2.9520350307354954,0.0,0.6134588890954068,0.0,0.8009380909650985,0.0,180.55687914396586,0.0,6254.099890731322,0.0,0.8009380909650985,0.0,180.55687914396586,0.0,2.9520350307354954,0.8592798367074582,0.6134588890954068,0.8009380909650985,6.8611614074707035,237.65579584779024
noise-game,scale,fashion_mnist,42,500,0,1.1,1.0,0.05,iid,1.0,99999,70,5.212359099751911,0.7930875809192658,0.586141039609909,nan,1.1737966060638427,0.0,1000.0,0.0,nan,0,6,0,82,2.965129675385544,0.0,0.5405252774556478,0.0,0.8336651899755682,0.0,188.20567728678387,0.0,6174.418998257543,0.0,0.8336651899755682,0.0,188.20567728678387,0.0,2.965129675385544,0.8582592799692402,0.5405252774556478,0.8336651899755682,5.646170318603516,185.23256994772626
noise-game,scale,fashion_mnist,42,500,0,1.1,1.0,0.05,iid,1.0,99999,71,5.212359099751911,0.7932009799480438,0.5861103955507279,nan,1.078551952134479,0.0,1000.0,0.0,nan,0,32,0,146,2.980544158896345,0.0,0.5785395177927884,0.0,0.8054814157363687,0.0,181.89907906272194,0.0,6156.302424250316,0.0,0.8054814157363687,0.0,181.89907906272194,0.0,2.980544158896345,0.8720519688126385,0.5785395177927884,0.8054814157363687,8.003559478759765,270.8773066670139
noise-game,scale,fashion_mnist,42,500,0,1.1,1.0,0.05,iid,1.0,99999,72,5.212359099751911,0.7932955793142319,0.5859616695642471,nan,1.2444428563117982,0.0,1000.0,0.0,nan,0,36,0,186,3.0202071292230848,0.0,0.61852270424366,0.0,0.7781104900983766,0.0,175.3208673095703,0.0,5992.238525492946,0.0,0.7781104900983766,0.0,175.3208673095703,0.0,3.0202071292230848,0.8750645506910366,0.61852270424366,0.7781104900983766,8.766043365478515,299.6119262746473
noise-game,scale,fashion_mnist,42,500,0,1.1,1.0,0.05,iid,1.0,99999,73,5.271869166202888,0.7933981807231903,0.5859104734659195,nan,1.0808554184623063,0.0,1000.0,0.0,nan,0,89,0,307,3.0493704686553604,0.0,0.5120726554887369,0.0,0.8297623932281374,0.0,186.99614906311035,0.0,6199.2710175180055,0.0,0.8297623932281374,0.0,186.99614906311035,0.0,3.0493704686553604,0.8815737152927656,0.5120726554887369,0.8297623932281374,11.967753540039062,396.75334512115234
noise-game,scale,fashion_mnist,42,500,0,1.1,1.0,0.05,iid,1.0,99999,74,5.271869166202888,0.7935265798568726,0.5856267222166062,nan,1.1024582820634048,0.0,1000.0,0.0,nan,0,45,0,197,3.085401029246637,0.0,0.5813903709252676,0.0,0.7867615696884913,0.0,177.57330830891928,0.0,6003.405713852957,0.0,0.7867615696884913,0.0,177.57330830891928,0.0,3.085401029246637,0.8813746343125377,0.5813903709252676,0.7867615696884913,8.523518798828125,288.16347426494195
noise-game,scale,fashion_mnist,42,500,0,1.1,1.0,0.05,iid,1.0,99999,75,5.271869166202888,0.7934605804681778,0.5857240369319916,nan,1.299480948310632,0.0,1000.0,0.0,nan,0,54,0,204,3.109028317784493,0.0,0.5510533411915486,0.0,0.7951987864336392,0.0,179.20026045579178,0.0,6171.893851584431,0.0,0.7951987864336392,0.0,179.20026045579178,0.0,3.109028317784493,0.8913179017642908,0.5510533411915486,0.7951987864336392,9.318413543701173,320.9384802823904
noise-game,scale,fashion_mnist,42,500,0,1.1,1.0,0.05,iid,1.0,99999,76,5.271869166202888,0.7938527797460556,0.5854070986509323,nan,1.336651942559651,0.0,1000.0,0.0,nan,0,29,0,135,3.1517516489945074,0.0,0.6366905300390153,0.0,0.7475517513435148,0.0,168.69159080868675,0.0,5648.10220015266,0.0,0.7475517513435148,0.0,168.69159080868675,0.0,3.1517516489945074,0.8927435562457962,0.6366905300390153,0.7475517513435148,7.085046813964844,237.22029240641172
noise-game,scale,fashion_mnist,42,500,0,1.1,1.0,0.05,iid,1.0,99999,77,5.27846769021832,0.7938743807077407,0.5854283615350723,nan,1.3225780328114827,0.0,1000.0,0.0,nan,0,54,0,182,3.176589569352029,0.0,0.5268165717522303,0.0,0.7956671424940129,0.0,179.6447722117106,0.0,6289.3284531249965,0.0,0.7956671424940129,0.0,179.6447722117106,0.0,3.176589569352029,0.9021256617730237,0.5268165717522303,0.7956671424940129,8.622949066162109,301.88776574999986
noise-game,scale,fashion_mnist,42,500,0,1.1,1.0,0.05,iid,1.0,99999,78,5.27846769021832,0.7941049792766571,0.5852484666109085,nan,1.1880689890761125,0.0,1000.0,0.0,nan,0,24,0,108,3.1956568580028826,0.0,0.5490572609399494,0.0,0.7774107053380606,0.0,175.3539749948602,0.0,6204.408954604727,0.0,0.7774107053380606,0.0,175.3539749948602,0.0,3.1956568580028826,0.9097579315954535,0.5490572609399494,0.7774107053380606,6.663451049804688,235.76754027497967
noise-game,scale,fashion_mnist,42,500,0,1.1,1.0,0.05,iid,1.0,99999,79,5.27846769021832,0.794305780172348,0.5851918559074402,nan,1.1254204938357526,0.0,1000.0,0.0,nan,0,48,0,150,3.230307296761215,0.0,0.5417783531275663,0.0,0.7782079620942185,0.0,175.28615361993963,0.0,6137.9381027995105,0.0,0.7782079620942185,0.0,175.28615361993963,0.0,3.230307296761215,0.908092747958421,0.5417783531275663,0.7782079620942185,7.712590759277344,270.0692765231784
noise-game,scale,fashion_mnist,42,500,0,1.1,1.0,0.05,iid,1.0,99999,80,5.27846769021832,0.794131379365921,0.5853531618118286,nan,1.081804831113134,0.0,1000.0,0.0,nan,0,68,0,246,3.252163521121537,0.0,0.4644268575523581,0.0,0.8096960845766186,0.0,182.59487860543388,0.0,6182.152189701556,0.0,0.8096960845766186,0.0,182.59487860543388,0.0,3.252163521121537,0.912310869170909,0.4644268575523581,0.8096960845766186,10.225313201904298,346.2005226232871
noise-game,scale,fashion_mnist,42,500,0,1.1,1.0,0.05,iid,1.0,99999,81,5.27846769021832,0.7943559784889221,0.5852854498624802,nan,1.216968584060669,0.0,1000.0,0.0,nan,0,54,0,176,3.2833823116804726,0.0,0.539187461733818,0.0,0.764137764513239,0.0,172.30665283203126,0.0,5894.995184595742,0.0,0.764137764513239,0.0,172.30665283203126,0.0,3.2833823116804726,0.9220986872623687,0.539187461733818,0.764137764513239,8.615332641601562,294.7497592297871
noise-game,scale,fashion_mnist,42,500,0,1.1,1.0,0.05,iid,1.0,99999,82,5.282893217083555,0.7945829800367356,0.5848875827789307,nan,1.2441579753702336,0.0,1000.0,0.0,nan,0,16,0,24,3.3152712210928943,0.0,0.6882334785027937,0.0,0.6880971334303344,0.0,155.40648997913706,0.0,5858.8031100080225,0.0,0.6880971334303344,0.0,155.40648997913706,0.0,3.3152712210928943,0.9255649050417436,0.6882334785027937,0.6880971334303344,3.4189427795410157,128.89366842017648
noise-game,scale,fashion_mnist,42,500,0,1.1,1.0,0.05,iid,1.0,99999,83,5.282893217083555,0.7945483791828155,0.5854950505495071,nan,1.2159432001411914,0.0,1000.0,0.0,nan,0,33,0,121,3.3465215589415784,0.0,0.5114621952176094,0.0,0.7705535371480443,0.0,173.6741912841797,0.0,6190.176360404426,0.0,0.7705535371480443,0.0,173.6741912841797,0.0,3.3465215589415784,0.9184810674743065,0.5114621952176094,0.7705535371480443,6.946967651367188,247.607054416177
noise-game,scale,fashion_mnist,42,500,0,1.1,1.0,0.05,iid,1.0,99999,84,5.5368582806035445,0.7946987805366517,0.5851415457725525,nan,0.9914810546906665,0.0,1000.0,0.0,nan,0,124,0,310,3.3814265847957694,0.0,0.4799523585825227,0.0,0.7762756935241458,0.0,175.10165405273438,0.0,6248.489566228823,0.0,0.7762756935241458,0.0,175.10165405273438,0.0,3.3814265847957694,0.938034469241608,0.4799523585825227,0.7762756935241458,11.206505859375,399.9033322386447
noise-game,scale,fashion_mnist,42,500,0,1.1,1.0,0.05,iid,1.0,99999,85,5.5368582806035445,0.7948349798917771,0.5851310070753097,nan,1.1343163360248913,0.0,1000.0,0.0,nan,0,30,0,156,3.4055051580409907,0.0,0.49049124934456567,0.0,0.7647427832065947,0.0,172.4559236006303,0.0,6088.999084873049,0.0,0.7647427832065947,0.0,172.4559236006303,0.0,3.4055051580409907,0.9398841191445836,0.49049124934456567,0.7647427832065947,7.588060638427734,267.9159597344141
noise-game,scale,fashion_mnist,42,500,0,1.1,1.0,0.05,iid,1.0,99999,86,5.5368582806035445,0.7947749799489975,0.5854631654024124,nan,1.2185699667619623,0.0,1000.0,0.0,nan,0,41,0,163,3.422480763856299,0.0,0.4769970314658206,0.0,0.765431174640303,0.0,172.59211797299594,0.0,6108.507153042404,0.0,0.765431174640303,0.0,172.59211797299594,0.0,3.422480763856299,0.9477289059140468,0.4769970314658206,0.765431174640303,7.9392374267578125,280.99132903995053
noise-game,scale,fashion_mnist,42,500,0,1.1,1.0,0.05,iid,1.0,99999,87,5.5368582806035445,0.7950371791124344,0.5853998240232468,nan,0.7427925260271877,0.0,1000.0,0.0,nan,0,22,0,64,3.437439399786381,0.0,0.3396489575970918,0.0,0.8278105553501457,0.0,186.7390537261963,0.0,6197.692055307509,0.0,0.8278105553501457,0.0,186.7390537261963,0.0,3.437439399786381,0.9458745953121408,0.3396489575970918,0.8278105553501457,5.975649719238281,198.32614576984028
noise-game,scale,fashion_mnist,42,500,0,1.1,1.0,0.05,iid,1.0,99999,88,5.5368582806035445,0.794992378950119,0.5855204592943192,nan,1.3507901716511697,0.0,1000.0,0.0,nan,0,63,0,163,3.4836743115117086,0.0,0.525426164890329,0.0,0.7343370407702482,0.0,165.57987340291342,0.0,5857.060479203165,0.0,0.7343370407702482,0.0,165.57987340291342,0.0,3.4836743115117086,0.9523743773148845,0.525426164890329,0.7343370407702482,7.947833923339844,281.13890300175194
noise-game,scale,fashion_mnist,42,500,0,1.1,1.0,0.05,iid,1.0,99999,89,5.5368582806035445,0.7951799786090851,0.5855509868860245,nan,1.0572673132022221,0.0,1000.0,0.0,nan,0,21,0,95,3.5090930710704415,0.0,0.46479753942953217,0.0,0.754984923531219,0.0,170.1262732611762,0.0,6036.711507039778,0.0,0.754984923531219,0.0,170.1262732611762,0.0,3.5090930710704415,0.958472441786101,0.46479753942953217,0.754984923531219,6.124545837402343,217.321614253432
noise-game,scale,fashion_mnist,42,500,0,1.1,1.0,0.05,iid,1.0,99999,90,5.5368582806035445,0.7950379810333252,0.5860576667785644,nan,1.135466205054208,0.0,1000.0,0.0,nan,0,194,0,348,3.568168013971244,0.0,0.45281348720585046,0.0,0.756351568841463,0.0,170.6163643284848,0.0,6170.830915580602,0.0,0.756351568841463,0.0,170.6163643284848,0.0,3.568168013971244,0.9618428509570546,0.45281348720585046,0.756351568841463,12.966843688964843,468.9831495841257
noise-game,scale,fashion_mnist,42,500,0,1.1,1.0,0.05,iid,1.0,99999,91,5.5368582806035445,0.7952781790494918,0.5858554757833481,nan,1.0697622940592144,0.0,1000.0,0.0,nan,0,43,0,151,3.598636541631135,0.0,0.44713659730294475,0.0,0.7508138445069861,0.0,169.43563179347825,0.0,6459.691370963355,0.0,0.7508138445069861,0.0,169.43563179347825,0.0,3.598636541631135,0.9648226673828882,0.44713659730294475,0.7508138445069861,7.7940390625,297.1458030643144
noise-game,scale,fashion_mnist,42,500,0,1.1,1.0,0.05,iid,1.0,99999,92,5.5368582806035445,0.7951891782283783,0.5863176056146622,nan,1.123408290868004,0.0,1000.0,0.0,nan,0,33,0,189,3.6296370342935305,0.0,0.43792399934803444,0.0,0.74827532006382,0.0,168.85854848225912,0.0,5913.991570341841,0.0,0.74827532006382,0.0,168.85854848225912,0.0,3.6296370342935305,0.9716998894307957,0.43792399934803444,0.74827532006382,8.105210327148438,283.8715953764084
noise-game,scale,fashion_mnist,42,500,0,1.1,1.0,0.05,iid,1.0,99999,93,5.819719266626663,0.7953005791902542,0.5867158300876617,nan,1.1162444192629595,0.0,1000.0,0.0,nan,0,83,0,171,3.661724219333156,0.0,0.4618633111508993,0.0,0.7330221611739566,0.0,165.27115924541766,0.0,5845.994172466264,0.0,0.7330221611739566,0.0,165.27115924541766,0.0,3.661724219333156,0.987383090509745,0.4618633111508993,0.7330221611739566,8.594100280761719,303.99169696824566
noise-game,scale,fashion_mnist,42,500,0,1.1,1.0,0.05,iid,1.0,99999,94,5.840917981176015,0.7954321795701981,0.5867341802120208,nan,0.9826340433210135,0.0,1000.0,0.0,nan,0,27,0,119,3.696265033624685,0.0,0.4526298765093088,0.0,0.7370476371892691,0.0,166.03820419311523,0.0,6236.955097034994,0.0,0.7370476371892691,0.0,166.03820419311523,0.0,3.696265033624685,0.9857558700601314,0.4526298765093088,0.7370476371892691,6.641528167724609,249.4782038813997
noise-game,scale,fashion_mnist,42,500,0,1.1,1.0,0.05,iid,1.0,99999,95,5.840917981176015,0.7952859802246094,0.5874521250724792,nan,1.204378374177834,0.0,1000.0,0.0,nan,0,81,0,249,3.739142049414266,0.0,0.500912055887025,0.0,0.704234163011103,0.0,158.87770975047144,0.0,5743.831539297215,0.0,0.704234163011103,0.0,158.87770975047144,0.0,3.739142049414266,0.9999583438298032,0.500912055887025,0.704234163011103,9.214907165527343,333.1422292792385
noise-game,scale,fashion_mnist,42,500,0,1.1,1.0,0.05,iid,1.0,99999,96,5.840917981176015,0.7953167799711227,0.5877910577058792,nan,0.9474293959992273,0.0,1000.0,0.0,nan,0,179,0,335,3.791318757826392,0.0,0.42406069583126477,0.0,0.7331523068340153,0.0,165.36084812709262,0.0,5880.805321439491,0.0,0.7331523068340153,0.0,165.36084812709262,0.0,3.791318757826392,1.0083806332779346,0.42406069583126477,0.7331523068340153,11.575259368896484,411.6563725007644
noise-game,scale,fashion_mnist,42,500,0,1.1,1.0,0.05,iid,1.0,99999,97,5.840917981176015,0.7955967812538147,0.5874167739152908,nan,1.0649635195732117,0.0,1000.0,0.0,nan,0,56,0,236,3.8374957440631574,0.0,0.4679097046277353,0.0,0.7070187439087983,0.0,159.5394744873047,0.0,5825.458939416513,0.0,0.7070187439087983,0.0,159.5394744873047,0.0,3.8374957440631574,1.0177453693221514,0.4679097046277353,0.7070187439087983,8.934210571289062,326.2257006073247
noise-game,scale,fashion_mnist,42,500,0,1.1,1.0,0.05,iid,1.0,99999,98,5.840917981176015,0.795549579501152,0.587995737195015,nan,1.139821571963174,0.0,1000.0,0.0,nan,0,11,0,71,3.8595032152319364,0.0,0.42940008799944607,0.0,0.7193845534234785,0.0,162.44491250174386,0.0,5877.711044917195,0.0,0.7193845534234785,0.0,162.44491250174386,0.0,3.8595032152319364,1.0210077650226013,0.42940008799944607,0.7193845534234785,4.548457550048828,164.57590925768145
noise-game,scale,fashion_mnist,42,500,0,1.1,1.0,0.05,iid,1.0,99999,99,5.840917981176015,0.7955279798507691,0.5882691506147385,nan,1.166188577271026,0.0,1000.0,0.0,nan,0,58,0,138,3.898535003580817,0.0,0.45939526512571005,0.0,0.7025623968918443,0.0,158.4048070492952,0.0,5803.5534601881745,0.0,0.7025623968918443,0.0,158.4048070492952,0.0,3.898535003580817,1.0303760233776915,0.45939526512571005,0.7025623968918443,7.286621124267578,266.963459168656
noise-game,scale,fashion_mnist,42,500,0,1.1,1.0,0.05,iid,1.0,99999,100,5.840917981176015,0.7957913808822632,0.5882872791290283,nan,1.2700617455917855,0.0,1000.0,0.0,nan,0,60,0,144,3.939401416982773,0.0,0.4668226128687029,0.0,0.6978785106802935,0.0,157.41586502738622,0.0,5857.070528575064,0.0,0.6978785106802935,0.0,157.41586502738622,0.0,3.939401416982773,1.0372503302243876,0.4668226128687029,0.6978785106802935,7.241129791259765,269.4252443144529
noise-game,scale,fashion_mnist,42,500,0,1.1,1.0,0.05,iid,1.0,99999,101,5.840917981176015,0.7956507807970047,0.5890859125852584,nan,1.1658837631344796,0.0,1000.0,0.0,nan,0,94,0,258,4.0049716954104255,0.0,0.49846951017777125,0.0,0.6798571605303773,0.0,153.4557851155599,0.0,5979.473564043959,0.0,0.6798571605303773,0.0,153.4557851155599,0.0,4.0049716954104255,1.0356397004433555,0.49846951017777125,0.6798571605303773,9.207347106933593,358.7684138426377
noise-game,scale,fashion_mnist,42,500,0,1.1,1.0,0.05,iid,1.0,99999,102,5.840917981176015,0.7957305819988251,0.5893079050779343,nan,1.2775780867647242,0.0,1000.0,0.0,nan,0,70,0,212,4.052004144307256,0.0,0.48389419195828615,0.0,0.6784382550140622,0.0,153.02155162669993,0.0,5768.753811900453,0.0,0.6784382550140622,0.0,153.02155162669993,0.0,4.052004144307256,1.0371233609481507,0.48389419195828615,0.6784382550140622,8.263163787841798,311.5127058426245
noise-game,scale,fashion_mnist,42,500,0,1.1,1.0,0.05,iid,1.0,99999,103,5.840917981176015,0.7956371800899505,0.5900084830522537,nan,1.09904092709933,0.0,1000.0,0.0,nan,0,67,0,223,4.107420072775807,0.0,0.5010934211313725,0.0,0.6687055911625975,0.0,150.78470938546317,0.0,5847.578628758514,0.0,0.6687055911625975,0.0,150.78470938546317,0.0,4.107420072775807,1.0269229781567797,0.5010934211313725,0.6687055911625975,8.443943725585937,327.46440321047686
noise-game,scale,fashion_mnist,42,500,0,1.1,1.0,0.05,iid,1.0,99999,104,5.840917981176015,0.7956837803125382,0.5902659512758255,nan,1.1669651739299298,0.0,1000.0,0.0,nan,0,105,0,249,4.156325469057161,0.0,0.39410961034397285,0.0,0.7039552512329873,0.0,158.69146118164062,0.0,5916.061891814997,0.0,0.7039552512329873,0.0,158.69146118164062,0.0,4.156325469057161,1.0269425250551325,0.39410961034397285,0.7039552512329873,9.521487670898438,354.96371350889973
noise-game,scale,fashion_mnist,42,500,0,1.1,1.0,0.05,iid,1.0,99999,105,5.840917981176015,0.7955449796915054,0.5908845056295395,nan,1.2560616731643677,0.0,1000.0,0.0,nan,0,87,0,185,4.184878175111554,0.0,0.4355226852323698,0.0,0.6838709388308043,0.0,154.11642920452616,0.0,5866.241733116535,0.0,0.6838709388308043,0.0,154.11642920452616,0.0,4.184878175111554,1.0353984845872741,0.4355226852323698,0.6838709388308043,7.089355743408203,269.84711972336066
noise-game,scale,fashion_mnist,42,500,0,1.1,1.0,0.05,iid,1.0,99999,106,5.840917981176015,0.7955191799402237,0.5916226611137391,nan,1.2379289745323119,0.0,1000.0,0.0,nan,0,87,0,277,4.229266575005941,0.0,0.45433518398673306,0.0,0.6779048928492948,0.0,152.81059215914817,0.0,5719.170237698238,0.0,0.6779048928492948,0.0,152.81059215914817,0.0,4.229266575005941,1.0454193817918729,0.45433518398673306,0.6779048928492948,9.474256713867188,354.5885547372908
noise-game,scale,fashion_mnist,42,500,0,1.1,1.0,0.05,iid,1.0,99999,107,5.89244257654623,0.7957177810668945,0.5914746822118759,nan,1.5050447156483477,0.0,1000.0,0.0,nan,0,39,0,155,4.26401467463663,0.0,0.5063892650333318,0.0,0.6423814190581045,0.0,144.9529939131303,0.0,5470.561203931218,0.0,0.6423814190581045,0.0,144.9529939131303,0.0,4.26401467463663,1.0507988503653982,0.5063892650333318,0.6423814190581045,6.377931732177735,240.7046929729735
noise-game,scale,fashion_mnist,42,500,0,1.1,1.0,0.05,iid,1.0,99999,108,5.89244257654623,0.7955783786773681,0.5924434337615967,nan,1.2120820614306822,0.0,1000.0,0.0,nan,0,53,0,145,4.3091373623845755,0.0,0.4324012476464976,0.0,0.6670979575136677,0.0,150.5015517525051,0.0,5661.917819659082,0.0,0.6670979575136677,0.0,150.5015517525051,0.0,4.3091373623845755,1.0515434734756073,0.4324012476464976,0.6670979575136677,6.923071380615235,260.4482197043178
noise-game,scale,fashion_mnist,42,500,0,1.1,1.0,0.05,iid,1.0,99999,109,6.182845793399549,0.7955199806690216,0.5931121672391891,nan,1.2950590903821744,0.0,1000.0,0.0,nan,0,165,0,363,4.372373174560937,0.0,0.48074301489089666,0.0,0.6517828953035146,0.0,147.02680728310034,0.0,5566.430246008977,0.0,0.6517828953035146,0.0,147.02680728310034,0.0,4.372373174560937,1.0445699430000412,0.48074301489089666,0.6517828953035146,11.174037353515626,423.0486986966822
noise-game,scale,fashion_mnist,42,500,0,1.1,1.0,0.05,iid,1.0,99999,110,6.311229914619758,0.7953171795606613,0.5939295775890351,nan,1.4758406085893512,0.0,1000.0,0.0,nan,0,110,0,322,4.439543493561603,0.0,0.4842273546382785,0.0,0.6478530660486053,0.0,146.04364013671875,0.0,5437.883991008484,0.0,0.6478530660486053,0.0,146.04364013671875,0.0,4.439543493561603,1.0393251691705583,0.4842273546382785,0.6478530660486053,9.34679296875,348.024575424543
noise-game,scale,fashion_mnist,42,500,0,1.1,1.0,0.05,iid,1.0,99999,111,6.311229914619758,0.7953615806102753,0.5942097923755646,nan,1.2854304933547973,0.0,1000.0,0.0,nan,0,47,0,173,4.485358089321822,0.0,0.42951249808073044,0.0,0.6652191417198212,0.0,150.07817138671874,0.0,5887.238327238841,0.0,0.6652191417198212,0.0,150.07817138671874,0.0,4.485358089321822,1.038329318799314,0.42951249808073044,0.6652191417198212,7.5039085693359375,294.36191636194206
noise-game,scale,fashion_mnist,42,500,0,1.1,1.0,0.05,iid,1.0,99999,112,6.311229914619758,0.795518779873848,0.594705821275711,nan,1.5252962992304848,0.0,1000.0,0.0,nan,0,23,0,169,4.5166351355665615,0.0,0.5411885494277591,0.0,0.6177028345631076,0.0,139.44329470679872,0.0,5361.244002514214,0.0,0.6177028345631076,0.0,139.44329470679872,0.0,4.5166351355665615,1.0456937820515375,0.5411885494277591,0.6177028345631076,5.856618377685547,225.172248105597
noise-game,scale,fashion_mnist,42,500,0,1.1,1.0,0.05,iid,1.0,99999,113,6.311229914619758,0.7954563808441162,0.5956776841878891,nan,1.4340943883765827,0.0,1000.0,0.0,nan,0,104,0,288,4.576562837011374,0.0,0.4748782465855281,0.0,0.6438519640943707,0.0,145.29584433815697,0.0,5423.358005697899,0.0,0.6438519640943707,0.0,145.29584433815697,0.0,4.576562837011374,1.0356622364787718,0.4748782465855281,0.6438519640943707,9.58952572631836,357.94162837606126
noise-game,scale,fashion_mnist,42,500,0,1.1,1.0,0.05,iid,1.0,99999,114,6.525969008932527,0.7952383805513382,0.5961730029582978,nan,1.247746989644807,0.0,1000.0,0.0,nan,0,80,0,276,4.614646502014197,0.0,0.43515627047625083,0.0,0.6491750852545117,0.0,146.47786160173087,0.0,5401.866022457113,0.0,0.6491750852545117,0.0,146.47786160173087,0.0,4.614646502014197,1.0347686107015657,0.43515627047625083,0.6491750852545117,8.49571597290039,313.30822930251264
noise-game,scale,fashion_mnist,42,500,0,1.1,1.0,0.05,iid,1.0,99999,115,6.525969008932527,0.7953511785268783,0.5967061536312104,nan,1.4360638814313071,0.0,1000.0,0.0,nan,0,52,0,252,4.661626010573924,0.0,0.5378390715590545,0.0,0.6187517099222629,0.0,139.59489386422294,0.0,5447.95185941514,0.0,0.6187517099222629,0.0,139.59489386422294,0.0,4.661626010573924,1.039753729857156,0.5378390715590545,0.6187517099222629,7.8173140563964845,305.0853041272478
noise-game,scale,fashion_mnist,42,500,0,1.1,1.0,0.05,iid,1.0,99999,116,6.525969008932527,0.7952537800073624,0.5974809541702271,nan,1.321713827324636,0.0,1000.0,0.0,nan,0,128,0,286,4.699305906631211,0.0,0.438332981458216,0.0,0.6393987410825847,0.0,144.33404633493134,0.0,5297.865236698651,0.0,0.6393987410825847,0.0,144.33404633493134,0.0,4.699305906631211,1.0460399281528303,0.438332981458216,0.6393987410825847,9.526047058105469,349.65910562211087
noise-game,scale,fashion_mnist,42,500,0,1.1,1.0,0.05,iid,1.0,99999,117,6.525969008932527,0.7952277798652649,0.5982229225635528,nan,1.4076253933211167,0.0,1000.0,0.0,nan,0,46,0,164,4.742044432478602,0.0,0.4745456849535306,0.0,0.6258340010022491,0.0,141.3127873738607,0.0,5662.766825451433,0.0,0.6258340010022491,0.0,141.3127873738607,0.0,4.742044432478602,1.0349908441173319,0.4745456849535306,0.6258340010022491,6.783013793945313,271.8128076216688
noise-game,scale,fashion_mnist,42,500,0,1.1,1.0,0.05,iid,1.0,99999,118,6.525969008932527,0.7950049819946289,0.5994838181734085,nan,1.718470078802878,0.0,1000.0,0.0,nan,0,111,0,291,4.77620999413392,0.0,0.5107118132854661,0.0,0.6290231296052247,0.0,141.8191218222341,0.0,5485.979635726495,0.0,0.6290231296052247,0.0,141.8191218222341,0.0,4.77620999413392,1.0418039607253415,0.5107118132854661,0.6290231296052247,8.792785552978515,340.1307374150427
noise-game,scale,fashion_mnist,42,500,0,1.1,1.0,0.05,iid,1.0,99999,119,6.618745292118171,0.7949715801477433,0.5997460066080094,nan,1.1390022126336892,0.0,1000.0,0.0,nan,0,61,0,197,4.818085810029149,0.0,0.4157228417073687,0.0,0.6341748111657534,0.0,142.88315518697104,0.0,5691.912236397566,0.0,0.6341748111657534,0.0,142.88315518697104,0.0,4.818085810029149,1.032785074194509,0.4157228417073687,0.6341748111657534,6.85839144897461,273.21178734708315
noise-game,scale,fashion_mnist,42,500,0,1.1,1.0,0.05,iid,1.0,99999,120,6.978169612502793,0.7949675787687301,0.600724795460701,nan,1.365826828405261,0.0,1000.0,0.0,nan,0,93,0,289,4.858067373125997,0.0,0.4329387901816517,0.0,0.6381614142244475,0.0,143.90746068954468,0.0,5475.293042950621,0.0,0.6381614142244475,0.0,143.90746068954468,0.0,4.858067373125997,1.030920419606204,0.4329387901816517,0.6381614142244475,9.21007748413086,350.4187547488398
noise-game,scale,fashion_mnist,42,500,0,1.1,1.0,0.05,iid,1.0,99999,121,6.978169612502793,0.7948123800754547,0.6017412977218628,nan,1.5198293204965263,0.0,1000.0,0.0,nan,0,69,0,247,4.899009630938126,0.0,0.45520189597175037,0.0,0.6237839769075425,0.0,140.80643699909078,0.0,5173.490223663566,0.0,0.6237839769075425,0.0,140.80643699909078,0.0,4.899009630938126,1.0298381258797833,0.45520189597175037,0.6237839769075425,8.166773345947266,300.0624329724868
noise-game,scale,fashion_mnist,42,500,0,1.1,1.0,0.05,iid,1.0,99999,122,6.978169612502793,0.7949731792211533,0.6020368514060974,nan,1.4555652784673792,0.0,1000.0,0.0,nan,0,11,0,117,4.931224538885424,0.0,0.4296303238523634,0.0,0.6230546361133613,0.0,140.413624010588,0.0,5480.811758601308,0.0,0.6230546361133613,0.0,140.413624010588,0.0,4.931224538885424,1.0197539949508267,0.4296303238523634,0.6230546361133613,5.335717712402344,208.2708468268497
noise-game,scale,fashion_mnist,42,500,0,1.1,1.0,0.05,iid,1.0,99999,123,6.978169612502793,0.7949119797945022,0.6027716125249862,nan,1.4251519687035505,0.0,1000.0,0.0,nan,0,13,0,99,4.950647332125964,0.0,0.42879914448541756,0.0,0.629825543061873,0.0,142.07271979836855,0.0,5503.644101992897,0.0,0.629825543061873,0.0,142.07271979836855,0.0,4.950647332125964,1.0189456638525707,0.42879914448541756,0.629825543061873,4.830472473144531,187.1238994677585
noise-game,scale,fashion_mnist,42,500,0,1.1,1.0,0.05,iid,1.0,99999,124,7.383751838571625,0.7949947779178619,0.6032447049617767,nan,1.1843614383884098,0.0,1000.0,0.0,nan,0,33,0,191,4.985994390876807,0.0,0.45871874204148416,0.0,0.6183043825235766,0.0,139.60284490170687,0.0,5672.798555549291,0.0,0.6183043825235766,0.0,139.60284490170687,0.0,4.985994390876807,1.008840539731936,0.45871874204148416,0.6183043825235766,6.421730865478516,260.9487335552674
noise-game,scale,fashion_mnist,42,500,0,1.1,1.0,0.05,iid,1.0,99999,125,7.383751838571625,0.7947833793163299,0.6038914074897767,nan,1.2014477132233206,0.0,1000.0,0.0,nan,0,49,0,219,5.0306726303837,0.0,0.4463752976756681,0.0,0.6152383551923474,0.0,138.75183048954716,0.0,5426.709189166681,0.0,0.6152383551923474,0.0,138.75183048954716,0.0,5.0306726303837,0.9805303961645552,0.4463752976756681,0.6152383551923474,7.492598846435547,293.04229621500076
noise-game,scale,fashion_mnist,42,500,0,1.1,1.0,0.05,iid,1.0,99999,126,7.383751838571625,0.7949623793363572,0.6043000229597092,nan,1.4520188021032434,0.0,1000.0,0.0,nan,0,33,0,105,5.051438569686466,0.0,0.4625579785359533,0.0,0.6160317017236593,0.0,138.85446568539268,0.0,5347.605795946854,0.0,0.6160317017236593,0.0,138.85446568539268,0.0,5.051438569686466,0.9840329342855625,0.4625579785359533,0.6160317017236593,5.276469696044922,203.20902024598047
noise-game,scale,fashion_mnist,42,500,0,1.1,1.0,0.05,iid,1.0,99999,127,7.383751838571625,0.7948283803462982,0.6055126285552979,nan,1.663917045701634,0.0,1000.0,0.0,nan,0,47,0,145,5.0844644500079195,0.0,0.47616591795601626,0.0,0.611374778996558,0.0,137.87578027898616,0.0,5473.430147645632,0.0,0.611374778996558,0.0,137.87578027898616,0.0,5.0844644500079195,0.974214437777804,0.47616591795601626,0.611374778996558,6.06653433227539,240.8309264964078
noise-game,scale,fashion_mnist,42,500,0,1.1,1.0,0.05,iid,1.0,99999,128,7.383751838571625,0.7950117807388306,0.6055256731510162,nan,1.3045912153626744,0.0,1000.0,0.0,nan,0,31,0,99,5.116908607010418,0.0,0.462315699575763,0.0,0.6212635598326175,0.0,140.27748348838404,0.0,5599.3842383503925,0.0,0.6212635598326175,0.0,140.27748348838404,0.0,5.116908607010418,0.9582332451436001,0.462315699575763,0.6212635598326175,5.3305443725585935,212.7766010573149
noise-game,scale,fashion_mnist,42,500,0,1.1,1.0,0.05,iid,1.0,99999,129,7.383751838571625,0.7948479796648026,0.6066518379449845,nan,1.129952731909174,0.0,1000.0,0.0,nan,0,102,0,318,5.157642303786505,0.0,0.4110902375118299,0.0,0.6145740303109528,0.0,138.5295558120265,0.0,5753.332458886484,0.0,0.6145740303109528,0.0,138.5295558120265,0.0,5.157642303786505,0.9560396822066624,0.4110902375118299,0.6145740303109528,9.14295068359375,379.719942286508
noise-game,scale,fashion_mnist,42,500,0,1.1,1.0,0.05,iid,1.0,99999,130,7.383751838571625,0.7948481801748276,0.6071572161912918,nan,1.4726629468301933,0.0,1000.0,0.0,nan,0,48,0,124,5.181564665399386,0.0,0.41785448310630663,0.0,0.6341354267379021,0.0,143.19372195289247,0.0,5607.7061487012215,0.0,0.6341354267379021,0.0,143.19372195289247,0.0,5.181564665399386,0.9545586049706705,0.41785448310630663,0.6341354267379021,6.014136322021485,235.52365824545126
noise-game,scale,fashion_mnist,42,500,0,1.1,1.0,0.05,iid,1.0,99999,131,7.4421286006866065,0.794703980922699,0.608298990726471,nan,1.5765206723562664,0.0,1000.0,0.0,nan,0,17,0,145,5.216383131095592,0.0,0.4514635299288091,0.0,0.6101654381834617,0.0,137.76304844447546,0.0,5507.00090243093,0.0,0.6101654381834617,0.0,137.76304844447546,0.0,5.216383131095592,0.9372542067975557,0.4514635299288091,0.6101654381834617,5.786048034667969,231.29403790209903
noise-game,scale,fashion_mnist,42,500,0,1.1,1.0,0.05,iid,1.0,99999,132,7.5665614234769905,0.7945339803695679,0.6093114639520645,nan,1.278904554537601,0.0,1000.0,0.0,nan,0,128,0,376,5.253120528305917,0.0,0.40918324059910244,0.0,0.6080762344916754,0.0,137.1596828036838,0.0,5519.291209142496,0.0,0.6080762344916754,0.0,137.1596828036838,0.0,5.253120528305917,0.938095461040189,0.40918324059910244,0.6080762344916754,9.875497161865235,397.3889670582597
noise-game,scale,fashion_mnist,42,500,0,1.1,1.0,0.05,iid,1.0,99999,133,7.5665614234769905,0.7943483791351318,0.6106057277917862,nan,1.5866765219856191,0.0,1000.0,0.0,nan,0,57,0,201,5.293810944757754,0.0,0.4247111029647015,0.0,0.6124061993391172,0.0,138.07953389485678,0.0,5374.866188205576,0.0,0.6124061993391172,0.0,138.07953389485678,0.0,5.293810944757754,0.9195244025397954,0.4247111029647015,0.6124061993391172,7.456294830322266,290.2427741631011
noise-game,scale,fashion_mnist,42,500,0,1.1,1.0,0.05,iid,1.0,99999,134,7.5665614234769905,0.7944933804273605,0.6111915838718415,nan,1.5234181783769443,0.0,1000.0,0.0,nan,0,26,0,164,5.326561845832002,0.0,0.47092377556406934,0.0,0.6095211549493176,0.0,137.4720989724864,0.0,5555.183577279776,0.0,0.6095211549493176,0.0,137.4720989724864,0.0,5.326561845832002,0.9064812502259706,0.47092377556406934,0.6095211549493176,6.323716552734375,255.53844455486967
noise-game,scale,fashion_mnist,42,500,0,1.1,1.0,0.05,iid,1.0,99999,135,7.5665614234769905,0.7943717790842056,0.6118697565793991,nan,1.1749082974025182,0.0,1000.0,0.0,nan,0,51,0,255,5.352037832744741,0.0,0.38381138843085083,0.0,0.6109529539233234,0.0,137.89149475097656,0.0,5579.162846266308,0.0,0.6109529539233234,0.0,137.89149475097656,0.0,5.352037832744741,0.9139528413158662,0.38381138843085083,0.6109529539233234,7.721923706054688,312.4331193909133
noise-game,scale,fashion_mnist,42,500,0,1.1,1.0,0.05,iid,1.0,99999,136,7.5665614234769905,0.7943863799571991,0.6128721047639847,nan,1.5641330521682213,0.0,1000.0,0.0,nan,0,122,0,240,5.387222647313981,0.0,0.46232517937134054,0.0,0.6147192787525217,0.0,138.48455705313847,0.0,5615.709854702702,0.0,0.6147192787525217,0.0,138.48455705313847,0.0,5.387222647313981,0.90812227336141,0.46232517937134054,0.6147192787525217,8.032104309082031,325.7111715727567
noise-game,scale,fashion_mnist,42,500,0,1.1,1.0,0.05,iid,1.0,99999,137,7.690994246267376,0.7940349807739258,0.6151838845014572,nan,1.5785337465424691,0.0,1000.0,0.0,nan,0,128,0,256,5.421910578523464,0.0,0.3857527238226706,0.0,0.6160096207297309,0.0,138.88992998676915,0.0,5131.944309675655,0.0,0.6160096207297309,0.0,138.88992998676915,0.0,5.421910578523464,0.9031453854089561,0.3857527238226706,0.6160096207297309,8.611175659179688,318.1805471998907
noise-game,scale,fashion_mnist,42,500,0,1.1,1.0,0.05,iid,1.0,99999,138,7.690994246267376,0.7940445795059204,0.6155829235315323,nan,1.6124408555030822,0.0,1000.0,0.0,nan,0,65,0,161,5.452311609313509,0.0,0.4262441095709801,0.0,0.6101112630886945,0.0,137.55354919433594,0.0,5472.201512521082,0.0,0.6101112630886945,0.0,137.55354919433594,0.0,5.452311609313509,0.8948594593075351,0.4262441095709801,0.6101112630886945,6.8776774597167964,273.6100756260541
noise-game,scale,fashion_mnist,42,500,0,1.1,1.0,0.05,iid,1.0,99999,139,7.690994246267376,0.7939825813770294,0.6162244604825974,nan,1.1409516584228825,0.0,1000.0,0.0,nan,0,168,0,382,5.495766415455866,0.0,0.3244800686433509,0.0,0.61593603504384,0.0,138.98957164867505,0.0,5274.726180107562,0.0,0.61593603504384,0.0,138.98957164867505,0.0,5.495766415455866,0.881290334673778,0.3244800686433509,0.61593603504384,10.285228302001952,390.32973732795955
noise-game,scale,fashion_mnist,42,500,0,1.1,1.0,0.05,iid,1.0,99999,140,7.690994246267376,0.7939843798875809,0.6172197482585907,nan,1.4047578859787722,0.0,1000.0,0.0,nan,0,80,0,190,5.521067390148691,0.0,0.44264149049726814,0.0,0.6045292574498495,0.0,136.35619706373947,0.0,5371.218708317905,0.0,0.6045292574498495,0.0,136.35619706373947,0.0,5.521067390148691,0.8818782727535028,0.44264149049726814,0.6045292574498495,7.090522247314453,279.303372832531
noise-game,scale,fashion_mnist,42,500,0,1.1,1.0,0.05,iid,1.0,99999,141,7.690994246267376,0.7937015795707703,0.6188244986534118,nan,1.8061373543739319,0.0,1000.0,0.0,nan,0,37,0,197,5.548923209935998,0.0,0.496779994815588,0.0,0.6025178198076788,0.0,135.99437805175782,0.0,5583.052033740582,0.0,0.6025178198076788,0.0,135.99437805175782,0.0,5.548923209935998,0.8795512957218193,0.496779994815588,0.6025178198076788,6.799718902587891,279.1526016870291
noise-game,scale,fashion_mnist,42,500,0,1.1,1.0,0.05,iid,1.0,99999,142,7.690994246267376,0.7936767802238465,0.6195746757984162,nan,1.2940196621824394,0.0,1000.0,0.0,nan,0,39,0,139,5.58294562444017,0.0,0.38533736155791715,0.0,0.607722163027779,0.0,137.06581254438922,0.0,5335.355492485828,0.0,0.607722163027779,0.0,137.06581254438922,0.0,5.58294562444017,0.8408940559832645,0.38533736155791715,0.607722163027779,6.030895751953125,234.75564166937642
noise-game,scale,fashion_mnist,42,500,0,1.1,1.0,0.05,iid,1.0,99999,143,7.690994246267376,0.7937733807563782,0.6200992107391358,nan,1.4832564120491345,0.0,1000.0,0.0,nan,0,53,0,177,5.603299529653307,0.0,0.4583765274534623,0.0,0.6056386566143482,0.0,136.7712885538737,0.0,5800.991650322189,0.0,0.6056386566143482,0.0,136.7712885538737,0.0,5.603299529653307,0.8438582293279969,0.4583765274534623,0.6056386566143482,6.5650218505859375,278.44759921546506
noise-game,scale,fashion_mnist,42,500,0,1.1,1.0,0.05,iid,1.0,99999,144,7.690994246267376,0.7936983789205552,0.6210924216508865,nan,1.38736392557621,0.0,1000.0,0.0,nan,0,66,0,152,5.632958759171777,0.0,0.40948447305709124,0.0,0.6046894147518094,0.0,136.62271436055502,0.0,5857.689729299517,0.0,0.6046894147518094,0.0,136.62271436055502,0.0,5.632958759171777,0.8243386088103991,0.40948447305709124,0.6046894147518094,6.55789028930664,281.16910700637686
noise-game,scale,fashion_mnist,42,500,0,1.1,1.0,0.05,iid,1.0,99999,145,7.690994246267376,0.7936743793487548,0.6219560763835907,nan,1.4270221112029893,0.0,1000.0,0.0,nan,0,59,0,239,5.6625736610284125,0.0,0.42055960638182505,0.0,0.602747198484152,0.0,136.10085133143835,0.0,5733.14832970569,0.0,0.602747198484152,0.0,136.10085133143835,0.0,5.6625736610284125,0.8173067794826787,0.42055960638182505,0.602747198484152,7.621647674560547,321.0563064635186
noise-game,scale,fashion_mnist,42,500,0,1.1,1.0,0.05,iid,1.0,99999,146,7.690994246267376,0.7936547795534133,0.6225091671943664,nan,1.3346661199694094,0.0,1000.0,0.0,nan,0,43,0,175,5.690452965234168,0.0,0.4077659676904264,0.0,0.6052249993235025,0.0,136.3930955969769,0.0,6096.050203189777,0.0,0.6052249993235025,0.0,136.3930955969769,0.0,5.690452965234168,0.8058263046807556,0.4077659676904264,0.6052249993235025,6.274082397460938,280.41830934672964
noise-game,scale,fashion_mnist,42,500,0,1.1,1.0,0.05,iid,1.0,99999,147,7.690994246267376,0.7935153803825379,0.6234796625375748,nan,1.3548556577680366,0.0,1000.0,0.0,nan,0,160,0,320,5.722622733171366,0.0,0.4020381803757378,0.0,0.6026656508222824,0.0,136.048734828404,0.0,5821.599022885629,0.0,0.6026656508222824,0.0,136.048734828404,0.0,5.722622733171366,0.8076982373313151,0.4020381803757378,0.6026656508222824,9.523411437988281,407.511931601994
noise-game,scale,fashion_mnist,42,500,0,1.1,1.0,0.05,iid,1.0,99999,148,7.690994246267376,0.793441178560257,0.6248598345518113,nan,1.4901519282297655,0.0,1000.0,0.0,nan,0,23,0,139,5.743194339408016,0.0,0.39804823781279003,0.0,0.6049690292048354,0.0,136.46965651078656,0.0,5425.515022544244,0.0,0.6049690292048354,0.0,136.46965651078656,0.0,5.743194339408016,0.809349310800235,0.39804823781279003,0.6049690292048354,6.004664886474609,238.72266099194675
noise-game,scale,fashion_mnist,42,500,0,1.1,1.0,0.05,iid,1.0,99999,149,7.690994246267376,0.7934885786771775,0.6255723197460175,nan,1.3330938595214061,0.0,1000.0,0.0,nan,0,64,0,236,5.7705834316681734,0.0,0.3790812018726553,0.0,0.6017341414955842,0.0,135.65977478027344,0.0,5847.042410598935,0.0,0.6017341414955842,0.0,135.65977478027344,0.0,5.7705834316681734,0.8027576254416896,0.3790812018726553,0.6017341414955842,7.596947387695312,327.43437499354036
noise-game,scale,fashion_mnist,42,500,0,1.1,1.0,0.05,iid,1.0,99999,150,7.690994246267376,0.7933589797019959,0.6262777336835861,nan,1.4631108790636063,0.0,1000.0,0.0,nan,0,15,0,107,5.792353128662746,0.0,0.44135212192409917,0.0,0.600229072147166,0.0,135.2159552323191,0.0,5714.128967512283,0.0,0.600229072147166,0.0,135.2159552323191,0.0,5.792353128662746,0.7956304602318681,0.44135212192409917,0.600229072147166,5.138206298828125,217.1369007654668
noise-game,scale,fashion_mnist,42,500,0,1.1,1.0,0.05,iid,1.0,99999,151,7.690994246267376,0.7933385794162751,0.6273232820034027,nan,1.4154647206361857,0.0,1000.0,0.0,nan,0,113,0,251,5.818649507334857,0.0,0.40228461555295414,0.0,0.6026812273042668,0.0,135.92569855720765,0.0,5911.4935294649395,0.0,0.6026812273042668,0.0,135.92569855720765,0.0,5.818649507334857,0.8049716811787119,0.40228461555295414,0.6026812273042668,8.427393310546876,366.51259882682626
noise-game,scale,fashion_mnist,42,500,0,1.1,1.0,0.05,iid,1.0,99999,152,7.690994246267376,0.7930049794912338,0.6291209990978242,nan,1.8024224519729615,0.0,1000.0,0.0,nan,0,13,0,123,5.83533792501901,0.0,0.4667938508093357,0.0,0.6002290721471659,0.0,135.5125831604004,0.0,5829.2352324913245,0.0,0.6002290721471659,0.0,135.5125831604004,0.0,5.83533792501901,0.8087279402948406,0.4667938508093357,0.6002290721471659,5.420503326416016,233.16940929965295
noise-game,scale,fashion_mnist,42,500,0,1.1,1.0,0.05,iid,1.0,99999,153,7.690994246267376,0.7930101795196534,0.6299350842237472,nan,1.1930834607531626,0.0,1000.0,0.0,nan,0,36,0,170,5.859199978695635,0.0,0.3552944433564941,0.0,0.6005821948147458,0.0,135.3664576212565,0.0,5606.112485854737,0.0,0.6005821948147458,0.0,135.3664576212565,0.0,5.859199978695635,0.8036358188268827,0.3552944433564941,0.6005821948147458,6.497589965820312,269.0933993210274
noise-game,scale,fashion_mnist,42,500,0,1.1,1.0,0.05,iid,1.0,99999,154,7.690994246267376,0.7932131793498993,0.6304765212535858,nan,1.5592291533946991,0.0,1000.0,0.0,nan,0,53,0,189,5.881561577792103,0.0,0.4453383645415306,0.0,0.6002290721471661,0.0,135.2530908203125,0.0,6085.951899019645,0.0,0.6002290721471661,0.0,135.2530908203125,0.0,5.881561577792103,0.8072339240314781,0.4453383645415306,0.6002290721471661,6.762654541015625,304.2975949509823
noise-game,scale,fashion_mnist,42,500,0,1.1,1.0,0.05,iid,1.0,99999,155,7.690994246267376,0.792915979385376,0.6317518513202667,nan,1.4951066619788225,0.0,1000.0,0.0,nan,0,68,0,196,5.903987836408185,0.0,0.44677600049628663,0.0,0.600229072147166,0.0,135.5028551541842,0.0,5734.485035694587,0.0,0.600229072147166,0.0,135.5028551541842,0.0,5.903987836408185,0.8107876114122324,0.44677600049628663,0.600229072147166,7.046148468017578,298.19322185611856
noise-game,scale,fashion_mnist,42,500,0,1.1,1.0,0.05,iid,1.0,99999,156,7.690994246267376,0.7928821790218353,0.6326644084453583,nan,1.4415892881030838,0.0,1000.0,0.0,nan,0,26,0,190,5.927727552556171,0.0,0.4269380681216717,0.0,0.6008485419849197,0.0,135.7000961303711,0.0,5702.940030931145,0.0,0.6008485419849197,0.0,135.7000961303711,0.0,5.927727552556171,0.8047949373737716,0.4269380681216717,0.6008485419849197,6.513604614257813,273.74112148469493
noise-game,scale,fashion_mnist,42,500,0,1.1,1.0,0.05,iid,1.0,99999,157,7.690994246267376,0.7927631795406341,0.6336731216907501,nan,1.4217419791966677,0.0,1000.0,0.0,nan,0,130,0,300,5.958951748132373,0.0,0.3776432558455888,0.0,0.6008783187714897,0.0,135.60447962143843,0.0,5976.024612580583,0.0,0.6008783187714897,0.0,135.60447962143843,0.0,5.958951748132373,0.8033618104659901,0.3776432558455888,0.6008783187714897,9.221104614257813,406.36967365547963
noise-game,scale,fashion_mnist,42,500,0,1.1,1.0,0.05,iid,1.0,99999,158,7.690994246267376,0.7930119793415069,0.6338267569541931,nan,0.8015359973777896,0.0,1000.0,0.0,nan,0,71,0,179,5.97677235282799,0.0,0.21322046187908753,0.0,0.6029123582252878,0.0,135.91223210873812,0.0,5589.886583857761,0.0,0.6029123582252878,0.0,135.91223210873812,0.0,5.97677235282799,0.8079298170992184,0.21322046187908753,0.6029123582252878,6.251962677001953,257.1347828574571
noise-game,scale,fashion_mnist,42,500,0,1.1,1.0,0.05,iid,1.0,99999,159,7.690994246267376,0.7929009815454483,0.6349429229497909,nan,1.5436106185344132,0.0,1000.0,0.0,nan,0,31,0,137,5.996532221654602,0.0,0.444746077738025,0.0,0.6002290721471659,0.0,135.34806268865412,0.0,6027.526448022801,0.0,0.6002290721471659,0.0,135.34806268865412,0.0,5.996532221654602,0.806938772121124,0.444746077738025,0.6002290721471659,5.955314758300781,265.21116371300326
noise-game,scale,fashion_mnist,42,500,0,1.1,1.0,0.05,iid,1.0,99999,160,7.690994246267376,0.792555379152298,0.6368583766222,nan,1.2567898383473648,0.0,1000.0,0.0,nan,0,143,0,317,6.023415229778437,0.0,0.3672844496939112,0.0,0.6003551432222625,0.0,135.3196393181296,0.0,5777.85913295156,0.0,0.6003551432222625,0.0,135.3196393181296,0.0,6.023415229778437,0.8130797558587347,0.3672844496939112,0.6003551432222625,9.201735473632812,392.8944210407061
noise-game,scale,fashion_mnist,42,500,0,1.1,1.0,0.05,iid,1.0,99999,161,7.690994246267376,0.7925311790704728,0.6371463689804077,nan,1.186541003215572,0.0,1000.0,0.0,nan,0,48,0,152,6.043390829269545,0.0,0.33085288463727286,0.0,0.6002290721471659,0.0,135.4290943975034,0.0,5575.7992211920555,0.0,0.6002290721471659,0.0,135.4290943975034,0.0,6.043390829269545,0.8163852505592845,0.33085288463727286,0.6002290721471659,6.229738342285156,256.4867641748345
noise-game,scale,fashion_mnist,42,500,0,1.1,1.0,0.05,iid,1.0,99999,162,7.690994246267376,0.7922861788272858,0.6389758067131043,nan,1.6483462947524257,0.0,1000.0,0.0,nan,0,120,0,376,6.0756578885318415,0.0,0.43142196008314687,0.0,0.6007087943565245,0.0,135.4130884806315,0.0,5984.67207099161,0.0,0.6007087943565245,0.0,135.4130884806315,0.0,6.0756578885318415,0.8181166487358639,0.43142196008314687,0.6007087943565245,9.74974237060547,430.89638911139593
noise-game,scale,fashion_mnist,42,500,0,1.1,1.0,0.05,iid,1.0,99999,163,7.690994246267376,0.792179978966713,0.6405093528032303,nan,1.758335681065269,0.0,1000.0,0.0,nan,0,34,0,154,6.093798359810357,0.0,0.46043116307776905,0.0,0.6031177502139805,0.0,135.92932991359544,0.0,6057.581822917616,0.0,0.6031177502139805,0.0,135.92932991359544,0.0,6.093798359810357,0.8218968778689033,0.46043116307776905,0.6031177502139805,6.25274917602539,278.6487638542103
noise-game,scale,fashion_mnist,42,500,0,1.1,1.0,0.05,iid,1.0,99999,164,7.690994246267376,0.7921267815828323,0.6413489245176315,nan,1.8592501811328388,0.0,1000.0,0.0,nan,0,28,0,126,6.11499342845769,0.0,0.441864828978266,0.0,0.6002290721471659,0.0,135.49793715704055,0.0,5722.336938274614,0.0,0.6002290721471659,0.0,135.49793715704055,0.0,6.11499342845769,0.8198144034946305,0.441864828978266,0.6002290721471659,5.690913360595703,240.3381514075338
noise-game,scale,fashion_mnist,42,500,0,1.1,1.0,0.05,iid,1.0,99999,165,7.690994246267376,0.7921137793064117,0.6424852229356766,nan,1.7621328954895337,0.0,1000.0,0.0,nan,0,59,0,183,6.134643890766247,0.0,0.41251666595538455,0.0,0.6002290721471661,0.0,135.58001708984375,0.0,5726.105969754627,0.0,0.6002290721471661,0.0,135.58001708984375,0.0,6.134643890766247,0.8272034951552335,0.41251666595538455,0.6002290721471661,6.5078408203125,274.8530865482221
noise-game,scale,fashion_mnist,42,500,0,1.1,1.0,0.05,iid,1.0,99999,166,7.690994246267376,0.7921001799106598,0.6438397361040116,nan,1.672290025651455,0.0,1000.0,0.0,nan,0,23,0,115,6.149706210274977,0.0,0.43171308301389216,0.0,0.6002290721471659,0.0,135.14449005126954,0.0,5726.7709252639415,0.0,0.6002290721471659,0.0,135.14449005126954,0.0,6.149706210274977,0.832442995612948,0.43171308301389216,0.6002290721471659,5.405779602050782,229.07083701055768
noise-game,scale,fashion_mnist,42,500,0,1.1,1.0,0.05,iid,1.0,99999,167,7.695145342562434,0.7917743793725968,0.6448346549272537,nan,1.5083406721907002,0.0,1000.0,0.0,nan,0,86,0,224,6.174487855926201,0.0,0.4435747710189649,0.0,0.600229072147166,0.0,135.4571751185826,0.0,6437.768019647638,0.0,0.600229072147166,0.0,135.4571751185826,0.0,6.174487855926201,0.8270085342953717,0.4435747710189649,0.600229072147166,7.585601806640625,360.51500910026766
noise-game,scale,fashion_mnist,42,500,0,1.1,1.0,0.05,iid,1.0,99999,168,7.815427069057762,0.7918453804254532,0.6459825352430344,nan,1.650444616874059,0.0,1000.0,0.0,nan,0,83,0,165,6.195749643158303,0.0,0.4173383423023754,0.0,0.600229072147166,0.0,135.34972579390913,0.0,6093.931512035154,0.0,0.600229072147166,0.0,135.34972579390913,0.0,6.195749643158303,0.8318517492192038,0.4173383423023754,0.600229072147166,7.308885192871093,329.0723016498983
noise-game,scale,fashion_mnist,42,500,0,1.1,1.0,0.05,iid,1.0,99999,169,7.815427069057762,0.7919127798080444,0.6460890033245087,nan,0.9281409212521144,0.0,1000.0,0.0,nan,0,16,0,60,6.214690292365663,0.0,0.3307973561542375,0.0,0.6002290721471661,0.0,135.35759626116072,0.0,6480.403476607705,0.0,0.6002290721471661,0.0,135.35759626116072,0.0,6.214690292365663,0.8057428560283347,0.3307973561542375,0.6002290721471661,3.7900126953125,181.45129734501575
noise-game,scale,fashion_mnist,42,500,0,1.1,1.0,0.05,iid,1.0,99999,170,7.815427069057762,0.7916925796270371,0.6480771718025208,nan,1.5832266581058503,0.0,1000.0,0.0,nan,0,69,0,183,6.234616917163434,0.0,0.3806257937848568,0.0,0.6002290721471661,0.0,135.41556518554688,0.0,5968.480423981074,0.0,0.6002290721471661,0.0,135.41556518554688,0.0,6.234616917163434,0.8120815626990526,0.3806257937848568,0.6002290721471661,6.770778259277344,298.4240211990537
noise-game,scale,fashion_mnist,42,500,0,1.1,1.0,0.05,iid,1.0,99999,171,7.815427069057762,0.7914519789218902,0.6497732070684433,nan,1.6474987128428344,0.0,1000.0,0.0,nan,0,79,0,245,6.25990452217412,0.0,0.4034147196417225,0.0,0.600229072147166,0.0,135.30909308071793,0.0,5801.787200547753,0.0,0.600229072147166,0.0,135.30909308071793,0.0,6.25990452217412,0.8083536390097795,0.4034147196417225,0.600229072147166,7.847927398681641,336.50365763176967
noise-game,scale,fashion_mnist,42,500,0,1.1,1.0,0.05,iid,1.0,99999,172,7.815427069057762,0.7915587811470032,0.6504906280040741,nan,1.1936001609320994,0.0,1000.0,0.0,nan,0,80,0,198,6.281884597981679,0.0,0.33227639376289314,0.0,0.600229072147166,0.0,135.38544605396413,0.0,5901.1752993334685,0.0,0.600229072147166,0.0,135.38544605396413,0.0,6.281884597981679,0.8105073022162715,0.33227639376289314,0.600229072147166,7.310814086914062,318.66346616400733
noise-game,scale,fashion_mnist,42,500,0,1.1,1.0,0.05,iid,1.0,99999,173,7.815427069057762,0.7916213799715042,0.6514612138271332,nan,1.6324637743007195,0.0,1000.0,0.0,nan,0,51,0,105,6.299420439975742,0.0,0.4091223121473664,0.0,0.600229072147166,0.0,135.26187535336143,0.0,6133.361221866044,0.0,0.600229072147166,0.0,135.26187535336143,0.0,6.299420439975742,0.8087036385944074,0.4091223121473664,0.600229072147166,5.139951263427735,233.06772643090963
noise-game,scale,fashion_mnist,42,500,0,1.1,1.0,0.05,iid,1.0,99999,174,7.819578165352819,0.7911933801174164,0.6534070913791656,nan,1.6979898311197759,0.0,1000.0,0.0,nan,0,103,0,379,6.328503513773152,0.0,0.39499259511274953,0.0,0.600229072147166,0.0,135.43872593470982,0.0,6130.008727454913,0.0,0.600229072147166,0.0,135.43872593470982,0.0,6.328503513773152,0.8051872856513533,0.39499259511274953,0.600229072147166,9.480710815429687,429.1006109218439
noise-game,scale,fashion_mnist,42,500,0,1.1,1.0,0.05,iid,1.0,99999,175,7.819578165352819,0.7912863807678223,0.6540164675712585,nan,1.4495778750628232,0.0,1000.0,0.0,nan,0,91,0,239,6.353225329417782,0.0,0.3845586614062389,0.0,0.6002290721471659,0.0,135.4031962076823,0.0,6048.752955125744,0.0,0.6002290721471659,0.0,135.4031962076823,0.0,6.353225329417782,0.8050104560086105,0.3845586614062389,0.6002290721471659,8.124191772460938,362.9251773075446
noise-game,scale,fashion_mnist,42,500,0,1.1,1.0,0.05,iid,1.0,99999,176,7.819578165352819,0.7909131792783737,0.65591543674469,nan,1.7891557081960714,0.0,1000.0,0.0,nan,0,55,0,181,6.3728509168723955,0.0,0.44867024341454875,0.0,0.600229072147166,0.0,135.43920311560998,0.0,6267.866873620121,0.0,0.600229072147166,0.0,135.43920311560998,0.0,6.3728509168723955,0.8071182531199473,0.44867024341454875,0.600229072147166,7.042838562011719,325.9290774282463
noise-game,scale,fashion_mnist,42,500,0,1.1,1.0,0.05,iid,1.0,99999,177,7.819578165352819,0.7909207793474198,0.6568865911960602,nan,1.650097280740738,0.0,1000.0,0.0,nan,0,59,0,163,6.389515149906139,0.0,0.41744394786655903,0.0,0.6002290721471661,0.0,135.23240089416504,0.0,6123.587919274684,0.0,0.6002290721471661,0.0,135.23240089416504,0.0,6.389515149906139,0.8099511216618859,0.41744394786655903,0.6002290721471661,6.4911552429199215,293.93222012518487
noise-game,scale,fashion_mnist,42,500,0,1.1,1.0,0.05,iid,1.0,99999,178,7.944010988143203,0.7906221796274185,0.6584689671993256,nan,2.133055293560028,0.0,1000.0,0.0,nan,0,17,0,133,6.40342586326711,0.0,0.5090133516117931,0.0,0.6002290721471659,0.0,135.33463516235352,0.0,6149.560301035178,0.0,0.6002290721471659,0.0,135.33463516235352,0.0,6.40342586326711,0.811294522187801,0.5090133516117931,0.6002290721471659,5.4133854064941405,245.9824120414071
noise-game,scale,fashion_mnist,42,500,0,1.1,1.0,0.05,iid,1.0,99999,179,7.944010988143203,0.7908319799900055,0.6594584715366364,nan,1.8017938871468817,0.0,1000.0,0.0,nan,0,23,0,129,6.418435248849304,0.0,0.4148691030485289,0.0,0.6002290721471659,0.0,135.4554225376674,0.0,6368.814291759476,0.0,0.6002290721471659,0.0,135.4554225376674,0.0,6.418435248849304,0.8122352746727084,0.4148691030485289,0.6002290721471659,5.689127746582031,267.49020025389797
noise-game,scale,fashion_mnist,42,500,0,1.1,1.0,0.05,iid,1.0,99999,180,7.944010988143203,0.7906013803482056,0.6608721089363098,nan,1.5720920462626964,0.0,1000.0,0.0,nan,0,104,0,292,6.441019034262647,0.0,0.4212666705134325,0.0,0.6002290721471661,0.0,135.4692440032959,0.0,6227.843142128953,0.0,0.6002290721471661,0.0,135.4692440032959,0.0,6.441019034262647,0.8171992904432395,0.4212666705134325,0.6002290721471661,8.670031616210938,398.581961096253
noise-game,scale,fashion_mnist,42,500,0,1.1,1.0,0.05,iid,1.0,99999,181,7.944010988143203,0.7904923815727234,0.6622565848827362,nan,1.5012373945542745,0.0,1000.0,0.0,nan,0,30,0,140,6.4560024429609495,0.0,0.40568231968652635,0.0,0.6002290721471659,0.0,135.5075153169178,0.0,6279.432973570441,0.0,0.6002290721471659,0.0,135.5075153169178,0.0,6.4560024429609495,0.8183782519739717,0.40568231968652635,0.6002290721471659,5.6913156433105465,263.73618488995857
noise-game,scale,fashion_mnist,42,500,0,1.1,1.0,0.05,iid,1.0,99999,182,7.944010988143203,0.7903765797615051,0.6636139080524445,nan,1.8135865436446281,0.0,1000.0,0.0,nan,0,94,0,268,6.478029618088618,0.0,0.43577966899160414,0.0,0.6002290721471659,0.0,135.49607652233493,0.0,6300.880943901409,0.0,0.6002290721471659,0.0,135.49607652233493,0.0,6.478029618088618,0.8207697868347421,0.43577966899160414,0.6002290721471659,8.400756744384765,390.6546185218874
noise-game,scale,fashion_mnist,42,500,0,1.1,1.0,0.05,iid,1.0,99999,183,7.944010988143203,0.7900967803001404,0.6652127629518509,nan,1.6895485371351242,0.0,1000.0,0.0,nan,0,83,0,227,6.49830165112931,0.0,0.37683326351855484,0.0,0.600229072147166,0.0,135.29373713902064,0.0,6025.5402155489455,0.0,0.600229072147166,0.0,135.29373713902064,0.0,6.49830165112931,0.8243049879709641,0.37683326351855484,0.600229072147166,7.576449279785156,337.430252070741
noise-game,scale,fashion_mnist,42,500,0,1.1,1.0,0.05,iid,1.0,99999,184,7.944010988143203,0.7901091789007186,0.6661999020576477,nan,1.5439678594470023,0.0,1000.0,0.0,nan,0,29,0,115,6.513371216018995,0.0,0.33320572078227995,0.0,0.6002290721471659,0.0,135.3764450073242,0.0,6521.573894587717,0.0,0.6002290721471659,0.0,135.3764450073242,0.0,6.513371216018995,0.8243273669152097,0.33320572078227995,0.6002290721471659,5.415057800292969,260.8629557835087
noise-game,scale,fashion_mnist,42,500,0,1.1,1.0,0.05,iid,1.0,99999,185,8.068443810933589,0.7901259807348251,0.6672074224948883,nan,1.6199854709781134,0.0,1000.0,0.0,nan,0,42,0,220,6.532053750923086,0.0,0.41363054284682643,0.0,0.600229072147166,0.0,135.33283292330228,0.0,6327.378741639645,0.0,0.600229072147166,0.0,135.33283292330228,0.0,6.532053750923086,0.830816374600335,0.41363054284682643,0.600229072147166,7.037307312011719,329.02369456526156
