algorithm,attack_type,dataset,seed,n_nodes,n_attackers,noise_mult,clip_bound,sampling_rate,split_mode,dirichlet_alpha,start_round,round,epsilon,accuracy,test_loss,f1_score,mean_update_norm_honest,mean_update_norm_attacker,best_alpha,precision,recall,total_tp_all,total_fp_all,total_fn_all,total_tn_all,noise_norm_honest,noise_norm_attacker,trust_honest,trust_attacker,sigma_n_honest,sigma_n_attacker,sigma_dp_honest,sigma_dp_attacker,eps_n_honest,eps_n_attacker,nsr_honest,nsr_attacker,n_dp_norm_honest,n_dp_norm_attacker,eps_avg,eps_std,avg_trust,avg_sigma_dp_precap,avg_n_dp_norm_postcap,avg_nsr
noise-game,scale,mnist,42,500,0,1.1,1.0,0.05,iid,1.0,99999,0,1.9060445256894678,0.3804239901304245,2.0956626520156862,nan,0.5643468648195267,0.0,1000.0,0.0,nan,0,1,0,115,225.73837089538574,0.0,1.0,0.0,1.0,0.0,1.0,0.0,0.06099342482206297,0.0,1293.8435728713762,0.0,225.73837089538574,0.0,0.06099342482206297,0.3354638365213463,1.0,1.0,7.223627868652343,41.40299433188404
noise-game,scale,mnist,42,500,0,1.1,1.0,0.05,iid,1.0,99999,1,1.9666856178034735,0.5545437873005867,1.8905339434146882,nan,0.5983719602227211,0.0,1000.0,0.0,nan,0,4,0,206,224.88071823120117,0.0,0.9946254715323448,0.0,0.997363618604175,0.0,0.997363618604175,0.0,0.14606407584321043,0.0,1257.6783766041412,0.0,224.88071823120117,0.0,0.14606407584321043,0.5093143764749666,0.9946254715323448,0.997363618604175,10.794274475097657,60.36856207699878
noise-game,scale,mnist,42,500,0,1.1,1.0,0.05,iid,1.0,99999,2,2.0493162809615133,0.6506533827781678,1.6799695372581482,nan,0.5911811590194702,0.0,1000.0,0.0,nan,0,10,0,262,222.45935962818288,0.0,0.9981787072287666,0.0,0.9859197040292753,0.0,0.9859197040292753,0.0,0.24780793399964307,0.0,1233.5263906910254,0.0,222.45935962818288,0.0,0.24780793399964307,0.6468523069612638,0.9981787072287666,0.9859197040292753,12.012805419921875,66.61042509731537
noise-game,scale,mnist,42,500,0,1.1,1.0,0.05,iid,1.0,99999,3,2.092278473261176,0.7090309826135636,1.4801165301799775,nan,0.5866396086556571,0.0,1000.0,0.0,nan,0,19,0,289,220.7394757952009,0.0,0.9980944991111755,0.0,0.9781460230455997,0.0,0.9781460230455997,0.0,0.35143012762077636,0.0,1251.65960472711,0.0,220.7394757952009,0.0,0.35143012762077636,0.7502359327290171,0.9980944991111755,0.9781460230455997,12.36141064453125,70.09293786471817
noise-game,scale,mnist,42,500,0,1.1,1.0,0.05,iid,1.0,99999,4,2.1595878985756296,0.7502705813646317,1.299939909696579,nan,0.5652245810398688,0.0,1000.0,0.0,nan,0,8,0,236,218.4965538611779,0.0,0.9992109078627366,0.0,0.969270823008004,0.0,0.969270823008004,0.0,0.45249636291251083,0.0,1307.4170378377603,0.0,218.4965538611779,0.0,0.45249636291251083,0.8282086001652424,0.9992109078627366,0.969270823008004,11.36182080078125,67.98568596756354
noise-game,scale,mnist,42,500,0,1.1,1.0,0.05,iid,1.0,99999,5,2.2345316148955927,0.779000981092453,1.1458396031856537,nan,0.7108325481414794,0.0,1000.0,0.0,nan,0,30,0,148,219.813712310791,0.0,0.9862336605787277,0.0,0.9740159926840677,0.0,0.9740159926840677,0.0,0.5116030512679206,0.0,1425.4341780422803,0.0,219.813712310791,0.0,0.5116030512679206,0.8681869419670031,0.9862336605787277,0.9740159926840677,8.79254849243164,57.01736712169121
noise-game,scale,mnist,42,500,0,1.1,1.0,0.05,iid,1.0,99999,6,2.2345316148955927,0.7993275805711746,1.0195302242040634,nan,0.6586709347638217,0.0,1000.0,0.0,nan,0,24,0,158,219.0973725752397,0.0,0.9810364490205591,0.0,0.9712085882389765,0.0,0.9712085882389765,0.0,0.5837735867470037,0.0,1555.9092502308233,0.0,219.0973725752397,0.0,0.5837735867470037,0.9098440525020535,0.9810364490205591,0.9712085882389765,9.640284393310546,68.46000701015623
noise-game,scale,mnist,42,500,0,1.1,1.0,0.05,iid,1.0,99999,7,2.3440811993983384,0.8134711798429489,0.9187643021345139,nan,0.6411848109343956,0.0,1000.0,0.0,nan,0,46,0,274,217.0178417337352,0.0,0.9813955898942619,0.0,0.9631303337455264,0.0,0.9631303337455264,0.0,0.6798048684293381,0.0,1727.5574249373078,0.0,217.0178417337352,0.0,0.6798048684293381,0.9571238973445366,0.9813955898942619,0.9631303337455264,12.58703482055664,100.19833064636386
noise-game,scale,mnist,42,500,0,1.1,1.0,0.05,iid,1.0,99999,8,2.377343331005127,0.823720779299736,0.8391374796628952,nan,0.7342288843516646,0.0,1000.0,0.0,nan,0,66,0,264,221.57488329657193,0.0,0.9524908620735695,0.0,0.9825688084291164,0.0,0.9825688084291164,0.0,0.7536561813740975,0.0,1966.1837176585461,0.0,221.57488329657193,0.0,0.7536561813740975,0.9901041022269127,0.9524908620735695,0.9825688084291164,12.851343231201172,114.03865562419568
noise-game,scale,mnist,42,500,0,1.1,1.0,0.05,iid,1.0,99999,9,2.4256481651040227,0.8318547790050507,0.7755013508796692,nan,0.7165227245401453,0.0,1000.0,0.0,nan,0,26,0,228,223.6057665789569,0.0,0.9353516653732017,0.0,0.9906881685441831,0.0,0.9906881685441831,0.0,0.822295972579444,0.0,2188.809995028037,0.0,223.6057665789569,0.0,0.822295972579444,1.0142481589810115,0.9353516653732017,0.9906881685441831,12.074711395263671,118.195739731514
noise-game,scale,mnist,42,500,0,1.1,1.0,0.05,iid,1.0,99999,10,2.4256481651040227,0.837853779554367,0.7248045120239258,nan,0.7727039879368197,0.0,1000.0,0.0,nan,0,58,0,300,217.03386811287172,0.0,0.9576409093795284,0.0,0.9622187153564657,0.0,0.9622187153564657,0.0,0.9123500667016621,0.0,2347.0546728289714,0.0,217.03386811287172,0.0,0.9123500667016621,1.0415545064870322,0.9576409093795284,0.9622187153564657,13.456099822998047,145.5173897153962
noise-game,scale,mnist,42,500,0,1.1,1.0,0.05,iid,1.0,99999,11,2.4378566772656676,0.8432485800981522,0.6831877670288086,nan,0.8354883551597595,0.0,1000.0,0.0,nan,0,66,0,276,217.00513865152996,0.0,0.9494134545326233,0.0,0.9620860559509349,0.0,0.9620860559509349,0.0,0.9858655989460426,0.0,2566.9951475165103,0.0,217.00513865152996,0.0,0.9858655989460426,1.0603239321119486,0.9494134545326233,0.9620860559509349,13.020308319091797,154.01970885099067
noise-game,scale,mnist,42,500,0,1.1,1.0,0.05,iid,1.0,99999,12,2.439342386350159,0.847518179655075,0.6489675409793854,nan,0.8330080012480418,0.0,1000.0,0.0,nan,0,72,0,320,219.67770334879557,0.0,0.9279896020889282,0.0,0.9738828713537039,0.0,0.9738828713537039,0.0,1.0562018364252521,0.0,2844.151356584625,0.0,219.67770334879557,0.0,1.0562018364252521,1.075131912529081,0.9279896020889282,0.9738828713537039,13.180662200927735,170.6490813950775
noise-game,scale,mnist,42,500,0,1.1,1.0,0.05,iid,1.0,99999,13,2.4969892370410034,0.8510685788393021,0.6203225485086441,nan,0.8382756312688192,0.0,1000.0,0.0,nan,0,37,0,249,220.5030280219184,0.0,0.9159585215427257,0.0,0.9769656038395795,0.0,0.9769656038395795,0.0,1.107222277902099,0.0,3056.928327391625,0.0,220.5030280219184,0.0,1.107222277902099,1.0836786478940383,0.9159585215427257,0.9769656038395795,11.907163513183594,165.0741296791478
noise-game,scale,mnist,42,500,0,1.1,1.0,0.05,iid,1.0,99999,14,2.4969892370410034,0.8544173792600632,0.5958593243360519,nan,0.8003975749015808,0.0,1000.0,0.0,nan,0,8,0,112,210.86318122016058,0.0,0.954951094256507,0.0,0.9343199729870021,0.0,0.9343199729870021,0.0,1.1626050648349917,0.0,3159.9411580329815,0.0,210.86318122016058,0.0,1.1626050648349917,1.089429006849011,0.954951094256507,0.9343199729870021,7.591074523925781,113.75788168918734
noise-game,scale,mnist,42,500,0,1.1,1.0,0.05,iid,1.0,99999,15,2.4969892370410034,0.8571023786067963,0.575092399597168,nan,0.915031963068506,0.0,1000.0,0.0,nan,0,35,0,165,215.01071963102922,0.0,0.9252166411151057,0.0,0.953247326038524,0.0,0.953247326038524,0.0,1.2104652973966754,0.0,3412.1698152159447,0.0,215.01071963102922,0.0,1.2104652973966754,1.094558294982288,0.9252166411151057,0.953247326038524,9.890493103027344,156.9598114999334
noise-game,scale,mnist,42,500,0,1.1,1.0,0.05,iid,1.0,99999,16,2.4969892370410034,0.8595327793359756,0.5570120589733124,nan,1.055252845088641,0.0,1000.0,0.0,nan,0,45,0,189,215.0014731089274,0.0,0.9159788837035497,0.0,0.9537796422375807,0.0,0.9537796422375807,0.0,1.2419613733939197,0.0,3623.3151423494783,0.0,215.0014731089274,0.0,1.2419613733939197,1.1007777655091626,0.9159788837035497,0.9537796422375807,10.320070709228515,173.91912683277496
noise-game,scale,mnist,42,500,0,1.1,1.0,0.05,iid,1.0,99999,17,2.4969892370410034,0.8616443785429001,0.5413403633832932,nan,0.8142296116460453,0.0,1000.0,0.0,nan,0,30,0,148,215.31791895086116,0.0,0.9059934453530745,0.0,0.9548955611179363,0.0,0.9548955611179363,0.0,1.293933846604325,0.0,3834.9454678993584,0.0,215.31791895086116,0.0,1.293933846604325,1.1016571631917786,0.9059934453530745,0.9548955611179363,9.47398843383789,168.7376005875718
noise-game,scale,mnist,42,500,0,1.1,1.0,0.05,iid,1.0,99999,18,2.5328811782745833,0.8635793771743775,0.5275009665489196,nan,0.9207488881505054,0.0,1000.0,0.0,nan,0,44,0,178,217.7466344418733,0.0,0.8846650745557703,0.0,0.9657548469246854,0.0,0.9657548469246854,0.0,1.3372276931103853,0.0,4054.758824244879,0.0,217.7466344418733,0.0,1.3372276931103853,1.1021617725962456,0.8846650745557703,0.9657548469246854,10.016345184326171,186.51890591526444
noise-game,scale,mnist,42,500,0,1.1,1.0,0.05,iid,1.0,99999,19,2.5897385964518884,0.8652635775804519,0.5153140820860863,nan,0.9172445779496973,0.0,1000.0,0.0,nan,0,54,0,140,209.7346989024769,0.0,0.9173372929746454,0.0,0.9299945773302398,0.0,0.9299945773302398,0.0,1.3897650955550165,0.0,4083.830669735086,0.0,209.7346989024769,0.0,1.3897650955550165,1.0994345365242248,0.9173372929746454,0.9299945773302398,9.228326751708984,179.68854946834378
noise-game,scale,mnist,42,500,0,1.1,1.0,0.05,iid,1.0,99999,20,2.672885604613571,0.8668339787721634,0.5044276350140572,nan,0.7757706599576133,0.0,1000.0,0.0,nan,0,32,0,264,210.2833083016532,0.0,0.9057322101933616,0.0,0.9324735005495105,0.0,0.9324735005495105,0.0,1.4502410193440223,0.0,4275.071841649208,0.0,210.2833083016532,0.0,1.4502410193440223,1.0957808928686723,0.9057322101933616,0.9324735005495105,11.775865264892579,239.4040231323557
noise-game,scale,mnist,42,500,0,1.1,1.0,0.05,iid,1.0,99999,21,2.672885604613571,0.8682729791402817,0.49463355451822283,nan,0.8611581651937394,0.0,1000.0,0.0,nan,0,22,0,138,215.83023652576264,0.0,0.8681104098047528,0.0,0.9568472055111992,0.0,0.9568472055111992,0.0,1.4857177072993064,0.0,4598.668241937368,0.0,215.83023652576264,0.0,1.4857177072993064,1.094259832102029,0.8681104098047528,0.9568472055111992,9.064869934082031,193.14406616136944
noise-game,scale,mnist,42,500,0,1.1,1.0,0.05,iid,1.0,99999,22,2.672885604613571,0.8694759788513183,0.4859959891438484,nan,1.0645841200436865,0.0,1000.0,0.0,nan,0,59,0,241,214.28827830723353,0.0,0.8666496234280723,0.0,0.9504480072150635,0.0,0.9504480072150635,0.0,1.5224760277978509,0.0,4665.886976876177,0.0,214.28827830723353,0.0,1.5224760277978509,1.0928105208443137,0.8666496234280723,0.9504480072150635,12.000143585205079,261.2896707050659
noise-game,scale,mnist,42,500,0,1.1,1.0,0.05,iid,1.0,99999,23,2.705078380872678,0.8705901788473129,0.47805720686912534,nan,0.9122281088715508,0.0,1000.0,0.0,nan,0,20,0,132,209.04425121489027,0.0,0.8854410194215321,0.0,0.9272415214197836,0.0,0.9272415214197836,0.0,1.5740844773997875,0.0,4684.882584428722,0.0,209.04425121489027,0.0,1.5740844773997875,1.086089916095538,0.8854410194215321,0.9272415214197836,8.779858551025391,196.76506854600632
noise-game,scale,mnist,42,500,0,1.1,1.0,0.05,iid,1.0,99999,24,2.7539126969650387,0.871567379951477,0.4709426208138466,nan,0.9504631713032723,0.0,1000.0,0.0,nan,0,31,0,115,211.45084457397462,0.0,0.865812361240387,0.0,0.9360528484266716,0.0,0.9360528484266716,0.0,1.6100971507376696,0.0,4983.291597819526,0.0,211.45084457397462,0.0,1.6100971507376696,1.0817521926357059,0.865812361240387,0.9360528484266716,8.458033782958985,199.33166391278104
noise-game,scale,mnist,42,500,0,1.1,1.0,0.05,iid,1.0,99999,25,2.832362988889796,0.8725551784038543,0.4642638044953346,nan,0.7475831602749071,0.0,1000.0,0.0,nan,0,14,0,128,199.3847102115029,0.0,0.9199272582405492,0.0,0.8842887692397159,0.0,0.8842887692397159,0.0,1.6630299258539478,0.0,4859.428891900537,0.0,199.3847102115029,0.0,1.6630299258539478,1.072702287609354,0.9199272582405492,0.8842887692397159,7.57661898803711,184.65829789222042
noise-game,scale,mnist,42,500,0,1.1,1.0,0.05,iid,1.0,99999,26,2.8598836781838877,0.8734689775705338,0.45821099579334257,nan,0.8924547352574088,0.0,1000.0,0.0,nan,0,25,0,159,214.58748904141513,0.0,0.8305354199626229,0.0,0.9498473610917302,0.0,0.9498473610917302,0.0,1.7011333269431608,0.0,5334.6598134532,0.0,214.58748904141513,0.0,1.7011333269431608,1.0668668872453297,0.8305354199626229,0.9498473610917302,9.441849517822266,234.7250317919408
noise-game,scale,mnist,42,500,0,1.1,1.0,0.05,iid,1.0,99999,27,2.9166645221071055,0.8742301775217056,0.45285564482212065,nan,0.9406521297418154,0.0,1000.0,0.0,nan,0,73,0,241,210.37008432241586,0.0,0.8429172199506026,0.0,0.9323024430757063,0.0,0.9323024430757063,0.0,1.746276015021261,0.0,5353.342659819564,0.0,210.37008432241586,0.0,1.746276015021261,1.059020433315568,0.8429172199506026,0.9323024430757063,10.939244384765624,278.37381831061725
noise-game,scale,mnist,42,500,0,1.1,1.0,0.05,iid,1.0,99999,28,2.9988742836390214,0.8750131779909134,0.44778256088495255,nan,0.8444541483013718,0.0,1000.0,0.0,nan,0,46,0,246,208.38464581524883,0.0,0.8447393068560848,0.0,0.9234173561719744,0.0,0.9234173561719744,0.0,1.792776363474672,0.0,5500.530988242484,0.0,208.38464581524883,0.0,1.792776363474672,1.051473909631163,0.8447393068560848,0.9234173561719744,11.252770874023437,297.0286733650941
noise-game,scale,mnist,42,500,0,1.1,1.0,0.05,iid,1.0,99999,29,3.0413326079131693,0.8757649784088135,0.44304109835624694,nan,0.8219760585398901,0.0,1000.0,0.0,nan,0,21,0,141,207.00492277599517,0.0,0.8417653242746989,0.0,0.9184176959957516,0.0,0.9184176959957516,0.0,1.8225157484367296,0.0,5553.923955964354,0.0,207.00492277599517,0.0,1.8225157484367296,1.048138754828945,0.8417653242746989,0.9184176959957516,8.694206756591797,233.26480615050286
noise-game,scale,mnist,42,500,0,1.1,1.0,0.05,iid,1.0,99999,30,3.100161823503406,0.8763369784355164,0.4389240634441376,nan,1.003830086439848,0.0,1000.0,0.0,nan,0,109,0,285,208.12117528915405,0.0,0.8276649061590433,0.0,0.9221914473213689,0.0,0.9221914473213689,0.0,1.8684906025584582,0.0,5733.0718385610035,0.0,208.12117528915405,0.0,1.8684906025584582,1.0428581502539735,0.8276649061590433,0.9221914473213689,13.31975521850586,366.9165976679042
noise-game,scale,mnist,42,500,0,1.1,1.0,0.05,iid,1.0,99999,31,3.266109418488383,0.8768891783952713,0.4350035887956619,nan,1.1198311199744542,0.0,1000.0,0.0,nan,0,18,0,108,207.44851854112414,0.0,0.8215227391984727,0.0,0.9196364483935331,0.0,0.9196364483935331,0.0,1.8881747026362332,0.0,5734.6805516749255,0.0,207.44851854112414,0.0,1.8881747026362332,1.0436286151270573,0.8215227391984727,0.9196364483935331,7.468146667480469,206.44849986029732
noise-game,scale,mnist,42,500,0,1.1,1.0,0.05,iid,1.0,99999,32,3.2774718662398152,0.8774345772266388,0.431352588057518,nan,1.0321776146690052,0.0,1000.0,0.0,nan,0,70,0,154,198.64087931315103,0.0,0.8623200679818789,0.0,0.8807257824279396,0.0,0.8807257824279396,0.0,1.9411681428125116,0.0,5686.844583848872,0.0,198.64087931315103,0.0,1.9411681428125116,1.035508274297574,0.8623200679818789,0.8807257824279396,9.53476220703125,272.96854002474583
noise-game,scale,mnist,42,500,0,1.1,1.0,0.05,iid,1.0,99999,33,3.2988949174663826,0.8778529775142669,0.42809682112932207,nan,1.097604662179947,0.0,1000.0,0.0,nan,0,50,0,184,200.93625061035155,0.0,0.8396891522407531,0.0,0.8910880288557422,0.0,0.8910880288557422,0.0,1.9825059047696114,0.0,5831.813152181193,0.0,200.93625061035155,0.0,1.9825059047696114,1.0307893151855119,0.8396891522407531,0.8910880288557422,10.046812530517577,291.5906576090597
noise-game,scale,mnist,42,500,0,1.1,1.0,0.05,iid,1.0,99999,34,3.309881583599814,0.8783169775009155,0.42517645794153214,nan,1.0903251037785882,0.0,1000.0,0.0,nan,0,143,0,419,206.041663320441,0.0,0.800979411915729,0.0,0.9134789441664448,0.0,0.9134789441664448,0.0,2.034925065252541,0.0,6061.6324570568995,0.0,206.041663320441,0.0,2.034925065252541,1.0242488389025577,0.800979411915729,0.9134789441664448,15.659166412353516,460.6840667363242
noise-game,scale,mnist,42,500,0,1.1,1.0,0.05,iid,1.0,99999,35,3.335308650633853,0.8788097772598267,0.42216630911827085,nan,1.1301265376455643,0.0,1000.0,0.0,nan,0,36,0,78,201.91195588953354,0.0,0.8160586672670701,0.0,0.8948036101169717,0.0,0.8948036101169717,0.0,2.0610720741904434,0.0,6006.085346201676,0.0,201.91195588953354,0.0,2.0610720741904434,1.019530149013926,0.8160586672670701,0.8948036101169717,6.8650065002441405,204.206901770857
noise-game,scale,mnist,42,500,0,1.1,1.0,0.05,iid,1.0,99999,36,3.3634836398847234,0.8791975775957107,0.41937249577045443,nan,0.9508315760355729,0.0,1000.0,0.0,nan,0,85,0,203,201.10658851036658,0.0,0.8111388167509666,0.0,0.8913624537039859,0.0,0.8913624537039859,0.0,2.1096263578233185,0.0,6150.67690446207,0.0,201.10658851036658,0.0,2.1096263578233185,1.0076706829859736,0.8111388167509666,0.8913624537039859,10.457542602539062,319.8351990320277
noise-game,scale,mnist,42,500,0,1.1,1.0,0.05,iid,1.0,99999,37,3.3945518422428416,0.8796413778066635,0.41687309396266936,nan,1.008028970658779,0.0,1000.0,0.0,nan,0,31,0,127,198.86222305297852,0.0,0.8151462405920029,0.0,0.8812793302901151,0.0,0.8812793302901151,0.0,2.1490925712252973,0.0,6146.057940654085,0.0,198.86222305297852,0.0,2.1490925712252973,0.9954628929789205,0.8151462405920029,0.8812793302901151,7.954488922119141,245.84231762616335
noise-game,scale,mnist,42,500,0,1.1,1.0,0.05,iid,1.0,99999,38,3.4376742831681284,0.8798613790273666,0.4147923871874809,nan,1.1425170455430005,0.0,1000.0,0.0,nan,0,103,0,427,208.6493390057538,0.0,0.7480165966459222,0.0,0.9237895587805998,0.0,0.9237895587805998,0.0,2.176011219704492,0.0,6596.771277389865,0.0,208.6493390057538,0.0,2.176011219704492,0.9958512502682844,0.7480165966459222,0.9237895587805998,15.44005108642578,488.1610745268499
noise-game,scale,mnist,42,500,0,1.1,1.0,0.05,iid,1.0,99999,39,3.480715205626625,0.8802511771917343,0.4124244785904884,nan,0.9473583814890488,0.0,1000.0,0.0,nan,0,41,0,159,202.78024225649625,0.0,0.7728202939033508,0.0,0.8982728766793966,0.0,0.8982728766793966,0.0,2.2047312303861535,0.0,6482.692403070399,0.0,202.78024225649625,0.0,2.2047312303861535,0.9898848135908502,0.7728202939033508,0.8982728766793966,9.327891143798828,298.20385054123847
noise-game,scale,mnist,42,500,0,1.1,1.0,0.05,iid,1.0,99999,40,3.5061202247651524,0.8805483785867692,0.4104147675037384,nan,1.1352529416481654,0.0,1000.0,0.0,nan,0,80,0,278,200.0545455932617,0.0,0.7790871262550354,0.0,0.8865647076207787,0.0,0.8865647076207787,0.0,2.2399287361498104,0.0,6566.101028347442,0.0,200.0545455932617,0.0,2.2399287361498104,0.9857387093365713,0.7790871262550354,0.8865647076207787,12.003272735595703,393.9660617008465
noise-game,scale,mnist,42,500,0,1.1,1.0,0.05,iid,1.0,99999,41,3.549590509425555,0.8807263766527176,0.40886436533927917,nan,1.2603583843321413,0.0,1000.0,0.0,nan,0,122,0,386,193.34556620829815,0.0,0.8113049647292575,0.0,0.856291945116332,0.0,0.856291945116332,0.0,2.2885805999296718,0.0,6385.630689797209,0.0,193.34556620829815,0.0,2.2885805999296718,0.9816186118379681,0.8113049647292575,0.856291945116332,14.307571899414063,472.53667104499345
noise-game,scale,mnist,42,500,0,1.1,1.0,0.05,iid,1.0,99999,42,3.596189817008292,0.8810985783338546,0.40679613798856734,nan,0.9212880937949471,0.0,1000.0,0.0,nan,0,29,0,157,192.3081631867782,0.0,0.8064168691635132,0.0,0.8529620840080235,0.0,0.8529620840080235,0.0,2.326822008851821,0.0,6468.05434994472,0.0,192.3081631867782,0.0,2.326822008851821,0.969387720306471,0.8064168691635132,0.8529620840080235,8.846175506591797,297.5305000974571
noise-game,scale,mnist,42,500,0,1.1,1.0,0.05,iid,1.0,99999,43,3.6458605126423596,0.8812885777950287,0.4052635325193405,nan,1.1768947850013602,0.0,1000.0,0.0,nan,0,56,0,268,188.07022094726562,0.0,0.8249152446615284,0.0,0.8330515759694241,0.0,0.8330515759694241,0.0,2.369968212188245,0.0,6291.300373634196,0.0,188.07022094726562,0.0,2.369968212188245,0.9599053570514938,0.8249152446615284,0.8330515759694241,10.908072814941406,364.89542167078343
noise-game,scale,mnist,42,500,0,1.1,1.0,0.05,iid,1.0,99999,44,3.737964494946585,0.8814489773511887,0.40397447264194486,nan,1.1867551072077318,0.0,1000.0,0.0,nan,0,127,0,311,185.67549595688328,0.0,0.8292856586701942,0.0,0.8233401247698773,0.0,0.8233401247698773,0.0,2.430328261608211,0.0,6443.894475283867,0.0,185.67549595688328,0.0,2.430328261608211,0.9424854774066326,0.8292856586701942,0.8233401247698773,12.254582733154297,425.2970353687351
noise-game,scale,mnist,42,500,0,1.1,1.0,0.05,iid,1.0,99999,45,3.737964494946585,0.8816745768785477,0.40259745973348615,nan,1.331053446840357,0.0,1000.0,0.0,nan,0,51,0,237,194.30128479003906,0.0,0.765694468109696,0.0,0.8611457487383772,0.0,0.8611457487383772,0.0,2.447758257671886,0.0,6628.975714884236,0.0,194.30128479003906,0.0,2.447758257671886,0.9489575771959903,0.765694468109696,0.8611457487383772,10.49226937866211,357.9646886037488
noise-game,scale,mnist,42,500,0,1.1,1.0,0.05,iid,1.0,99999,46,3.8123450255896953,0.8819811763763428,0.40093276458978655,nan,1.279719385661577,0.0,1000.0,0.0,nan,0,6,0,116,188.50637978001646,0.0,0.7927169548837762,0.0,0.8355813386864291,0.0,0.8355813386864291,0.0,2.473242975182133,0.0,6636.492091927861,0.0,188.50637978001646,0.0,2.473242975182133,0.9497565987867612,0.7927169548837762,0.8355813386864291,7.163242431640625,252.18669949325871
noise-game,scale,mnist,42,500,0,1.1,1.0,0.05,iid,1.0,99999,47,3.873262932880725,0.8819685773849487,0.40010393953323364,nan,1.3637464877330896,0.0,1000.0,0.0,nan,0,110,0,332,185.8520711263021,0.0,0.800642908522577,0.0,0.8234813771592271,0.0,0.8234813771592271,0.0,2.5268566342511876,0.0,6499.277828909164,0.0,185.8520711263021,0.0,2.5268566342511876,0.9398316788617306,0.800642908522577,0.8234813771592271,12.266236694335937,428.9523367080048
noise-game,scale,mnist,42,500,0,1.1,1.0,0.05,iid,1.0,99999,48,3.873262932880725,0.8822313772439957,0.3987682381272316,nan,1.390972450375557,0.0,1000.0,0.0,nan,0,27,0,121,189.33917160034179,0.0,0.7685347139835358,0.0,0.8387897077864634,0.0,0.8387897077864634,0.0,2.542506219165649,0.0,6859.524359601877,0.0,189.33917160034179,0.0,2.542506219165649,0.9462140401539714,0.7685347139835358,0.8387897077864634,7.573566864013672,274.38097438407516
noise-game,scale,mnist,42,500,0,1.1,1.0,0.05,iid,1.0,99999,49,4.03208011047488,0.8823175778388977,0.3978095571398735,nan,1.5440726700154217,0.0,1000.0,0.0,nan,0,31,0,155,178.4577498002486,0.0,0.8291438763791864,0.0,0.7911522995865752,0.0,0.7911522995865752,0.0,2.5659166474031423,0.0,6427.081992886734,0.0,178.4577498002486,0.0,2.5659166474031423,0.9507681452639415,0.8291438763791864,0.7911522995865752,7.852140991210938,282.79160768701627
noise-game,scale,mnist,42,500,0,1.1,1.0,0.05,iid,1.0,99999,50,4.070447429980684,0.8824603787660599,0.3968984987139702,nan,1.3396041929721831,0.0,1000.0,0.0,nan,0,42,0,190,178.96199829101562,0.0,0.8164296233654023,0.0,0.7933709493521225,0.0,0.7933709493521225,0.0,2.612253905579456,0.0,6524.456692403961,0.0,178.96199829101562,0.0,2.612253905579456,0.943349901018954,0.8164296233654023,0.7933709493521225,8.948099914550781,326.2228346201981
noise-game,scale,mnist,42,500,0,1.1,1.0,0.05,iid,1.0,99999,51,4.140570287900334,0.8824975773096084,0.3961551903486252,nan,1.4111780713904987,0.0,1000.0,0.0,nan,0,25,0,147,182.1067317615856,0.0,0.7843454209241,0.0,0.808384619029211,0.0,0.808384619029211,0.0,2.646535342802008,0.0,6738.278643370493,0.0,182.1067317615856,0.0,2.646535342802008,0.9374645242370391,0.7843454209241,0.808384619029211,8.012696197509765,296.4842603083017
noise-game,scale,mnist,42,500,0,1.1,1.0,0.05,iid,1.0,99999,52,4.212705617951665,0.8826059768199921,0.3952766647934914,nan,1.4185623838787986,0.0,1000.0,0.0,nan,0,41,0,123,173.74465797061012,0.0,0.833045902706328,0.0,0.7698165945455555,0.0,0.7698165945455555,0.0,2.6836886210092477,0.0,6432.963021243174,0.0,173.74465797061012,0.0,2.6836886210092477,0.9281982597895216,0.833045902706328,0.7698165945455555,7.297275634765625,270.1844468922133
noise-game,scale,mnist,42,500,0,1.1,1.0,0.05,iid,1.0,99999,53,4.299303821008032,0.8827535781860352,0.39439192205667495,nan,1.1444550021128221,0.0,1000.0,0.0,nan,0,57,0,139,182.51057295365766,0.0,0.7636447901075537,0.0,0.8091003758760564,0.0,0.8091003758760564,0.0,2.7094649208351353,0.0,7042.919774526275,0.0,182.51057295365766,0.0,2.7094649208351353,0.9276043446576417,0.7636447901075537,0.8091003758760564,8.030465209960937,309.8884700791561
noise-game,scale,mnist,42,500,0,1.1,1.0,0.05,iid,1.0,99999,54,4.299303821008032,0.8827469779253005,0.39404834204912187,nan,1.5958872828632593,0.0,1000.0,0.0,nan,0,83,0,295,179.95498847961426,0.0,0.7710829582065344,0.0,0.797824466700491,0.0,0.797824466700491,0.0,2.7362387827192407,0.0,6916.08859291961,0.0,179.95498847961426,0.0,2.7362387827192407,0.9354876948678124,0.7710829582065344,0.797824466700491,11.517119262695312,442.6296699468551
noise-game,scale,mnist,42,500,0,1.1,1.0,0.05,iid,1.0,99999,55,4.642837460845104,0.8829469780921936,0.39319358915090563,nan,1.430839009144727,0.0,1000.0,0.0,nan,0,8,0,104,177.28512483484604,0.0,0.7796779345063602,0.0,0.7859318556293107,0.0,0.7859318556293107,0.0,2.751355297409951,0.0,6760.192282920122,0.0,177.28512483484604,0.0,2.751355297409951,0.9425044314665215,0.7796779345063602,0.7859318556293107,6.027694244384765,229.8465376192842
noise-game,scale,mnist,42,500,0,1.1,1.0,0.05,iid,1.0,99999,56,4.642837460845104,0.8831259783506393,0.3922144668102264,nan,1.0523515141436033,0.0,1000.0,0.0,nan,0,14,0,58,180.40406799316406,0.0,0.7489391650472369,0.0,0.7993086274602007,0.0,0.7993086274602007,0.0,2.7739976625183345,0.0,7316.360605284761,0.0,180.40406799316406,0.0,2.7739976625183345,0.941594191509272,0.7489391650472369,0.7993086274602007,5.051313903808594,204.8580969479733
noise-game,scale,mnist,42,500,0,1.1,1.0,0.05,iid,1.0,99999,57,4.891518882357052,0.8832361782789231,0.3914839901328087,nan,1.0565264001488686,0.0,1000.0,0.0,nan,0,89,0,229,169.21002469744002,0.0,0.8175723403692245,0.0,0.7494390120420389,0.0,0.7494390120420389,0.0,2.8473823764900104,0.0,6868.608090674121,0.0,169.21002469744002,0.0,2.8473823764900104,0.9175660915259081,0.8175723403692245,0.7494390120420389,9.475761383056641,384.6420530777508
noise-game,scale,mnist,42,500,0,1.1,1.0,0.05,iid,1.0,99999,58,4.891518882357052,0.8832677785158157,0.3910971983075142,nan,1.3241259343922138,0.0,1000.0,0.0,nan,0,90,0,336,172.44080114364624,0.0,0.7841401435434818,0.0,0.7644883650794564,0.0,0.7644883650794564,0.0,2.902299450730955,0.0,7124.7525625708895,0.0,172.44080114364624,0.0,2.902299450730955,0.9142473065927491,0.7841401435434818,0.7644883650794564,11.03621127319336,455.9841640045369
noise-game,scale,mnist,42,500,0,1.1,1.0,0.05,iid,1.0,99999,59,4.891518882357052,0.8833337779045105,0.39047626864910123,nan,1.257969908092333,0.0,1000.0,0.0,nan,0,34,0,148,174.13303673785666,0.0,0.7626985829809437,0.0,0.7717711054037488,0.0,0.7717711054037488,0.0,2.941812896906814,0.0,7127.410392750702,0.0,174.13303673785666,0.0,2.941812896906814,0.908721813520289,0.7626985829809437,0.7717711054037488,8.010119689941407,327.86087806653234
noise-game,scale,mnist,42,500,0,1.1,1.0,0.05,iid,1.0,99999,60,4.891518882357052,0.8833755767345428,0.3901447502970696,nan,1.4478607202569644,0.0,1000.0,0.0,nan,0,35,0,197,173.6732063293457,0.0,0.7576220581928889,0.0,0.7687628367365363,0.0,0.7687628367365363,0.0,2.962510783675235,0.0,6997.751399374007,0.0,173.6732063293457,0.0,2.962510783675235,0.9161712160568107,0.7576220581928889,0.7687628367365363,8.336313903808593,335.8920671699523
noise-game,scale,mnist,42,500,0,1.1,1.0,0.05,iid,1.0,99999,61,4.940822386719835,0.8834787776470184,0.38968903523683546,nan,1.3823941980416958,0.0,1000.0,0.0,nan,0,39,0,237,170.88106536865234,0.0,0.7652758038960971,0.0,0.7579389951938637,0.0,0.7579389951938637,0.0,3.012975522531987,0.0,7153.31922339394,0.0,170.88106536865234,0.0,3.012975522531987,0.9080457590290261,0.7652758038960971,0.7579389951938637,8.885815399169921,371.97259961648484
noise-game,scale,mnist,42,500,0,1.1,1.0,0.05,iid,1.0,99999,62,5.029758424761189,0.8833899790048599,0.3894400785565376,nan,1.4154491149462187,0.0,1000.0,0.0,nan,0,31,0,229,164.13848583514874,0.0,0.8047318298083085,0.0,0.727872466442131,0.0,0.727872466442131,0.0,3.0634938473464,0.0,7012.3050040842945,0.0,164.13848583514874,0.0,3.0634938473464,0.9077645268125989,0.8047318298083085,0.727872466442131,8.535201263427734,364.6398602123834
noise-game,scale,mnist,42,500,0,1.1,1.0,0.05,iid,1.0,99999,63,5.24305120960265,0.8833567776679992,0.38944859719276426,nan,1.563783261924982,0.0,1000.0,0.0,nan,0,66,0,324,169.56892204284668,0.0,0.7551756557077169,0.0,0.7520100663943675,0.0,0.7520100663943675,0.0,3.0979907972003784,0.0,6994.689000882088,0.0,169.56892204284668,0.0,3.0979907972003784,0.9209514461223431,0.7551756557077169,0.7520100663943675,10.852411010742188,447.66009605645365
noise-game,scale,mnist,42,500,0,1.1,1.0,0.05,iid,1.0,99999,64,5.24305120960265,0.88319677734375,0.38957756572961805,nan,1.6257191523909569,0.0,1000.0,0.0,nan,0,56,0,266,169.241516658238,0.0,0.748475792152541,0.0,0.7500665177319074,0.0,0.7500665177319074,0.0,3.1401035485097437,0.0,6843.577916971654,0.0,169.241516658238,0.0,3.1401035485097437,0.9231793606777478,0.748475792152541,0.7500665177319074,9.477524932861328,383.2403633504126
noise-game,scale,mnist,42,500,0,1.1,1.0,0.05,iid,1.0,99999,65,5.24305120960265,0.883287977218628,0.38922043734788897,nan,1.452825890137599,0.0,1000.0,0.0,nan,0,51,0,199,164.2273430457482,0.0,0.775700195477559,0.0,0.7278713906644836,0.0,0.7278713906644836,0.0,3.174629930370933,0.0,7109.694557547296,0.0,164.2273430457482,0.0,3.174629930370933,0.9427455588234043,0.775700195477559,0.7278713906644836,8.539821838378906,369.70411699245943
noise-game,scale,mnist,42,500,0,1.1,1.0,0.05,iid,1.0,99999,66,5.24305120960265,0.8833923794031143,0.38887482434511184,nan,1.3705402040481567,0.0,1000.0,0.0,nan,0,41,0,185,163.73079895019532,0.0,0.7695813322067261,0.0,0.7260982817420201,0.0,0.7260982817420201,0.0,3.2112035267460257,0.0,7149.003755201527,0.0,163.73079895019532,0.0,3.2112035267460257,0.9501794040053455,0.7695813322067261,0.7260982817420201,8.186539947509766,357.45018776007635
noise-game,scale,mnist,42,500,0,1.1,1.0,0.05,iid,1.0,99999,67,5.24305120960265,0.883315978050232,0.38894178116321565,nan,1.4234713644816959,0.0,1000.0,0.0,nan,0,69,0,267,160.12186616042564,0.0,0.7898877304175804,0.0,0.7095839631128448,0.0,0.7095839631128448,0.0,3.2771459661682965,0.0,6895.046098486752,0.0,160.12186616042564,0.0,3.2771459661682965,0.943468110661659,0.7898877304175804,0.7095839631128448,9.287068237304688,399.91267371223165
noise-game,scale,mnist,42,500,0,1.1,1.0,0.05,iid,1.0,99999,68,5.24305120960265,0.8831951773166656,0.38906108528375627,nan,1.570597033290302,0.0,1000.0,0.0,nan,0,91,0,353,163.29387664794922,0.0,0.7527909208746517,0.0,0.7244900457282217,0.0,0.7244900457282217,0.0,3.332691913269053,0.0,7116.845252351109,0.0,163.29387664794922,0.0,3.332691913269053,0.9459800178932839,0.7527909208746517,0.7244900457282217,11.103983612060548,483.94547715987545
noise-game,scale,mnist,42,500,0,1.1,1.0,0.05,iid,1.0,99999,69,5.333533236399576,0.8833527771234513,0.3885997974872589,nan,1.2218550004457172,0.0,1000.0,0.0,nan,0,8,0,104,158.55201721191406,0.0,0.7830186799952858,0.0,0.7033060612110669,0.0,0.7033060612110669,0.0,3.373910735330711,0.0,7313.7646468636785,0.0,158.55201721191406,0.0,3.373910735330711,0.9378252520120743,0.7830186799952858,0.7033060612110669,6.024976654052734,277.9230565808198
noise-game,scale,mnist,42,500,0,1.1,1.0,0.05,iid,1.0,99999,70,5.333533236399576,0.883387778878212,0.3883950152397156,nan,1.7698343396186829,0.0,1000.0,0.0,nan,0,5,0,83,160.20907389322917,0.0,0.7574705123901367,0.0,0.7097441054221775,0.0,0.7097441054221775,0.0,3.396508743057174,0.0,6953.65044381971,0.0,160.20907389322917,0.0,3.396508743057174,0.9430641245183158,0.7574705123901367,0.7097441054221775,4.806272216796875,208.60951331459128
noise-game,scale,mnist,42,500,0,1.1,1.0,0.05,iid,1.0,99999,71,5.345043535451636,0.8833481788635253,0.38836652809381483,nan,1.4506214288148014,0.0,1000.0,0.0,nan,0,26,0,152,159.15670360218394,0.0,0.7561223398555409,0.0,0.7048527561879465,0.0,0.7048527561879465,0.0,3.428058354002668,0.0,7152.596403753952,0.0,159.15670360218394,0.0,3.428058354002668,0.9634752392679216,0.7561223398555409,0.7048527561879465,7.002894958496094,314.7142417651738
noise-game,scale,mnist,42,500,0,1.1,1.0,0.05,iid,1.0,99999,72,5.345043535451636,0.8833895778656006,0.3883568730950355,nan,1.6280583786964415,0.0,1000.0,0.0,nan,0,34,0,188,155.70123718261718,0.0,0.7733671331405639,0.0,0.6910658642131654,0.0,0.6910658642131654,0.0,3.4833086042509573,0.0,7179.708735566278,0.0,155.70123718261718,0.0,3.4833086042509573,0.9667779045954955,0.7733671331405639,0.6910658642131654,7.78506185913086,358.98543677831395
noise-game,scale,mnist,42,500,0,1.1,1.0,0.05,iid,1.0,99999,73,5.345043535451636,0.8832293779850006,0.38873917257785795,nan,1.6584321921691298,0.0,1000.0,0.0,nan,0,79,0,317,157.5803303718567,0.0,0.7460973430424929,0.0,0.699255426247935,0.0,0.699255426247935,0.0,3.542779696221268,0.0,7218.650183571986,0.0,157.5803303718567,0.0,3.542779696221268,0.9806357946278935,0.7460973430424929,0.699255426247935,10.085141143798829,461.9936117486071
noise-game,scale,mnist,42,500,0,1.1,1.0,0.05,iid,1.0,99999,74,5.356727346941581,0.8832319784164429,0.38861426097154617,nan,1.539511252194643,0.0,1000.0,0.0,nan,0,27,0,215,152.8239491780599,0.0,0.779742993414402,0.0,0.6770289838273978,0.0,0.6770289838273978,0.0,3.5969209802904945,0.0,7302.99458487417,0.0,152.8239491780599,0.0,3.5969209802904945,0.981231477326307,0.779742993414402,0.6770289838273978,7.335549560546875,350.5437400739602
noise-game,scale,mnist,42,500,0,1.1,1.0,0.05,iid,1.0,99999,75,5.44743123993726,0.883181578040123,0.3888914821743965,nan,1.7108704390434117,0.0,1000.0,0.0,nan,0,43,0,215,156.55016620342548,0.0,0.7341401118498582,0.0,0.6947186362814806,0.0,0.6947186362814806,0.0,3.634909161244369,0.0,7084.34490220742,0.0,156.55016620342548,0.0,3.634909161244369,1.0030991386789399,0.7341401118498582,0.6947186362814806,8.140608642578124,368.38593491478576
noise-game,scale,mnist,42,500,0,1.1,1.0,0.05,iid,1.0,99999,76,5.596464676277302,0.88316097843647,0.38904074573516845,nan,1.6672903838611783,0.0,1000.0,0.0,nan,0,27,0,137,153.43878028506325,0.0,0.7608213481448945,0.0,0.6799701352878136,0.0,0.6799701352878136,0.0,3.6831713985987364,0.0,6937.591808900729,0.0,153.43878028506325,0.0,3.6831713985987364,0.9917437512797147,0.7608213481448945,0.6799701352878136,6.444428771972656,291.3788559738306
noise-game,scale,mnist,42,500,0,1.1,1.0,0.05,iid,1.0,99999,77,5.596464676277302,0.8830099769830704,0.389476072371006,nan,1.8826743786533673,0.0,1000.0,0.0,nan,0,38,0,198,151.74503580729166,0.0,0.7554667840401331,0.0,0.67217304287727,0.0,0.67217304287727,0.0,3.7302949756756294,0.0,6903.1922872303885,0.0,151.74503580729166,0.0,3.7302949756756294,1.011058566832482,0.7554667840401331,0.67217304287727,7.28376171875,331.35322978705864
noise-game,scale,mnist,42,500,0,1.1,1.0,0.05,iid,1.0,99999,78,5.598895133784027,0.8829687775373459,0.3895542801618576,nan,1.628981141667617,0.0,1000.0,0.0,nan,0,26,0,106,151.2072199771279,0.0,0.7489923207383407,0.0,0.6702861085670218,0.0,0.6702861085670218,0.0,3.766388636462709,0.0,6964.011060174452,0.0,151.2072199771279,0.0,3.766388636462709,1.0273896214113631,0.7489923207383407,0.6702861085670218,5.745874359130859,264.63242028662916
noise-game,scale,mnist,42,500,0,1.1,1.0,0.05,iid,1.0,99999,79,5.598895133784027,0.8829993789196015,0.3895708076953888,nan,1.622624404051087,0.0,1000.0,0.0,nan,0,32,0,166,145.15507021817294,0.0,0.7945271107283506,0.0,0.6443645905004778,0.0,0.6443645905004778,0.0,3.826016946062333,0.0,7360.936417848509,0.0,145.15507021817294,0.0,3.826016946062333,1.034654637342138,0.7945271107283506,0.6443645905004778,6.386823089599609,323.88120238533435
noise-game,scale,mnist,42,500,0,1.1,1.0,0.05,iid,1.0,99999,80,5.813977119329425,0.8828561786413193,0.390011946439743,nan,1.7050566737140929,0.0,1000.0,0.0,nan,0,60,0,254,148.25865282331193,0.0,0.7562955426318305,0.0,0.6573948222429703,0.0,0.6573948222429703,0.0,3.8772399112902116,0.0,7122.4560906145425,0.0,148.25865282331193,0.0,3.8772399112902116,1.054763342606592,0.7562955426318305,0.6573948222429703,8.30248455810547,398.85754107441437
noise-game,scale,mnist,42,500,0,1.1,1.0,0.05,iid,1.0,99999,81,5.813977119329425,0.8827819777727127,0.39028753560781476,nan,1.7213927459716798,0.0,1000.0,0.0,nan,0,62,0,168,146.77895629882812,0.0,0.7587918949127197,0.0,0.6508462355717053,0.0,0.6508462355717053,0.0,3.931842974373829,0.0,7276.037390223692,0.0,146.77895629882812,0.0,3.931842974373829,1.0663483896500714,0.7587918949127197,0.6508462355717053,7.338947814941406,363.8018695111845
noise-game,scale,mnist,42,500,0,1.1,1.0,0.05,iid,1.0,99999,82,5.813977119329425,0.882922777891159,0.3900380063056946,nan,1.4715003317052668,0.0,1000.0,0.0,nan,0,13,0,27,143.13938903808594,0.0,0.7957080060785467,0.0,0.6338189016885244,0.0,0.6338189016885244,0.0,3.965696268277389,0.0,7396.313147607758,0.0,143.13938903808594,0.0,3.965696268277389,1.0586307806589035,0.7957080060785467,0.6338189016885244,3.1490665588378906,162.71888924737067
noise-game,scale,mnist,42,500,0,1.1,1.0,0.05,iid,1.0,99999,83,5.813977119329425,0.882809378862381,0.39037439328432083,nan,1.8416744291782379,0.0,1000.0,0.0,nan,0,22,0,132,142.86894836425782,0.0,0.7821144431829452,0.0,0.6338862340910275,0.0,0.6338862340910275,0.0,4.013074429890382,0.0,6983.183255884929,0.0,142.86894836425782,0.0,4.013074429890382,1.0562119895986433,0.7821144431829452,0.6338862340910275,5.714757934570312,279.3273302353972
noise-game,scale,mnist,42,500,0,1.1,1.0,0.05,iid,1.0,99999,84,6.091188383621138,0.8827195785045624,0.3908778303861618,nan,1.6662510465830564,0.0,1000.0,0.0,nan,0,79,0,355,141.19680309295654,0.0,0.7812794167548418,0.0,0.6259736804815955,0.0,0.6259736804815955,0.0,4.076893744586684,0.0,7173.429375776673,0.0,141.19680309295654,0.0,4.076893744586684,1.0848119481440546,0.7812794167548418,0.6259736804815955,9.036595397949219,459.09948004970704
noise-game,scale,mnist,42,500,0,1.1,1.0,0.05,iid,1.0,99999,85,6.091188383621138,0.8826933763027192,0.39109480154514314,nan,1.6823926784775474,0.0,1000.0,0.0,nan,0,29,0,157,146.9779850352894,0.0,0.7203823300925168,0.0,0.6517617759433648,0.0,0.6517617759433648,0.0,4.115893231086791,0.0,7203.045584703268,0.0,146.9779850352894,0.0,4.115893231086791,1.0871646061416773,0.7203823300925168,0.6517617759433648,6.467031341552734,316.9340057269438
noise-game,scale,mnist,42,500,0,1.1,1.0,0.05,iid,1.0,99999,86,6.091188383621138,0.8825355772972107,0.3916287519931793,nan,1.9060034116973048,0.0,1000.0,0.0,nan,0,29,0,175,143.44905820100203,0.0,0.7401086117910303,0.0,0.6362474674945117,0.0,0.6362474674945117,0.0,4.156301564605928,0.0,7058.185290797663,0.0,143.44905820100203,0.0,4.156301564605928,1.099321587644312,0.7401086117910303,0.6362474674945117,6.598656677246094,324.67652337669244
noise-game,scale,mnist,42,500,0,1.1,1.0,0.05,iid,1.0,99999,87,6.091188383621138,0.8825793780088425,0.3917252626419067,nan,1.5041072331368923,0.0,1000.0,0.0,nan,0,16,0,70,145.7443561553955,0.0,0.7225701007992029,0.0,0.6460400798322852,0.0,0.6460400798322852,0.0,4.188043998953439,0.0,7417.8171730259255,0.0,145.7443561553955,0.0,4.188043998953439,1.096528131989478,0.7225701007992029,0.6460400798322852,4.663819396972657,237.37014953682962
noise-game,scale,mnist,42,500,0,1.1,1.0,0.05,iid,1.0,99999,88,6.091188383621138,0.8823057781457901,0.3924169959425926,nan,2.1204999051988125,0.0,1000.0,0.0,nan,0,23,0,203,137.02529589335123,0.0,0.8087171812852224,0.0,0.6077053392855443,0.0,0.6077053392855443,0.0,4.244840796447355,0.0,6895.239297249772,0.0,137.02529589335123,0.0,4.244840796447355,1.0988472759215198,0.8087171812852224,0.6077053392855443,6.577214202880859,330.971486267989
noise-game,scale,mnist,42,500,0,1.1,1.0,0.05,iid,1.0,99999,89,6.091188383621138,0.8823761785030365,0.39262454253435136,nan,1.6219288574324713,0.0,1000.0,0.0,nan,0,18,0,98,144.3269102308485,0.0,0.7049339645438724,0.0,0.6404963151813945,0.0,0.6404963151813945,0.0,4.278745804120334,0.0,7413.052984190047,0.0,144.3269102308485,0.0,4.278745804120334,1.099126944782121,0.7049339645438724,0.6404963151813945,5.195768768310547,266.8699074308417
noise-game,scale,mnist,42,500,0,1.1,1.0,0.05,iid,1.0,99999,90,6.148369053833885,0.8820761761665344,0.3936813803315163,nan,1.8828507324582653,0.0,1000.0,0.0,nan,0,106,0,436,139.96861186780427,0.0,0.7563521783602866,0.0,0.6204500288785129,0.0,0.6204500288785129,0.0,4.379385899080391,0.0,7300.433458254657,0.0,139.96861186780427,0.0,4.379385899080391,1.0814620398462544,0.7563521783602866,0.6204500288785129,10.637614501953125,554.8329428273539
noise-game,scale,mnist,42,500,0,1.1,1.0,0.05,iid,1.0,99999,91,6.148369053833885,0.882120177268982,0.39375027316808703,nan,1.6998693515425143,0.0,1000.0,0.0,nan,0,16,0,178,141.8399187170941,0.0,0.7247916485952295,0.0,0.6285371307897518,0.0,0.6285371307897518,0.0,4.41920724575425,0.0,7511.5068716643555,0.0,141.8399187170941,0.0,4.41920724575425,1.0828429197363176,0.7247916485952295,0.6285371307897518,6.524636260986328,345.5293160965603
noise-game,scale,mnist,42,500,0,1.1,1.0,0.05,iid,1.0,99999,92,6.148369053833885,0.8820465787649154,0.39410731649398806,nan,1.9295253902673721,0.0,1000.0,0.0,nan,0,3,0,219,138.4943002065023,0.0,0.7506235217054685,0.0,0.6137012059491442,0.0,0.6137012059491442,0.0,4.463207494396492,0.0,7378.684605030579,0.0,138.4943002065023,0.0,4.463207494396492,1.0906866743647845,0.7506235217054685,0.6137012059491442,6.647726409912109,354.1768610414678
noise-game,scale,mnist,42,500,0,1.1,1.0,0.05,iid,1.0,99999,93,6.56806157482129,0.8819139779806137,0.3949854366183281,nan,1.8216422635775347,0.0,1000.0,0.0,nan,0,57,0,197,138.41822991004358,0.0,0.7351765174132127,0.0,0.6139467465983122,0.0,0.6139467465983122,0.0,4.511072307805927,0.0,7245.772405930146,0.0,138.41822991004358,0.0,4.511072307805927,1.0977790568565458,0.7351765174132127,0.6139467465983122,7.197747955322265,376.78016510836767
noise-game,scale,mnist,42,500,0,1.1,1.0,0.05,iid,1.0,99999,94,6.56806157482129,0.8819611765146256,0.39510672056674956,nan,1.6467724680900573,0.0,1000.0,0.0,nan,0,15,0,131,138.23960800170897,0.0,0.7487494647502899,0.0,0.6135630664684972,0.0,0.6135630664684972,0.0,4.55212670374849,0.0,7398.886004478151,0.0,138.23960800170897,0.0,4.55212670374849,1.0824750187252494,0.7487494647502899,0.6135630664684972,5.529584320068359,295.95544017912613
noise-game,scale,mnist,42,500,0,1.1,1.0,0.05,iid,1.0,99999,95,6.56806157482129,0.8818111774921418,0.39558936965465546,nan,1.6803410001869858,0.0,1000.0,0.0,nan,0,61,0,269,141.25970616833916,0.0,0.7092713333409408,0.0,0.6261558957299503,0.0,0.6261558957299503,0.0,4.608771444151561,0.0,7609.3567441408095,0.0,141.25970616833916,0.0,4.608771444151561,1.0797456023502296,0.7092713333409408,0.6261558957299503,8.193062957763672,441.34269116016696
noise-game,scale,mnist,42,500,0,1.1,1.0,0.05,iid,1.0,99999,96,6.987754095808696,0.8816067780256271,0.39652811616659167,nan,1.6125716711793627,0.0,1000.0,0.0,nan,0,120,0,394,136.8155744280134,0.0,0.7381477679525102,0.0,0.6065989208102929,0.0,0.6065989208102929,0.0,4.681634424239738,0.0,7535.786575166763,0.0,136.8155744280134,0.0,4.681634424239738,1.0688474537064743,0.7381477679525102,0.6065989208102929,9.577090209960938,527.5050602616735
noise-game,scale,mnist,42,500,0,1.1,1.0,0.05,iid,1.0,99999,97,6.987754095808696,0.881616977930069,0.3966921342611313,nan,1.7000579301800047,0.0,1000.0,0.0,nan,0,37,0,255,137.127014705113,0.0,0.7437325194478035,0.0,0.6076511604779747,0.0,0.6076511604779747,0.0,4.737872637584156,0.0,7784.163089564718,0.0,137.127014705113,0.0,4.737872637584156,1.0660765329756503,0.7437325194478035,0.6076511604779747,7.679112823486328,435.9131330156242
noise-game,scale,mnist,42,500,0,1.1,1.0,0.05,iid,1.0,99999,98,6.987754095808696,0.8816489775180817,0.39690378606319426,nan,1.855964639357158,0.0,1000.0,0.0,nan,0,6,0,76,139.1017336164202,0.0,0.7276690304279327,0.0,0.6159540042181576,0.0,0.6159540042181576,0.0,4.758459810023536,0.0,7347.847543464013,0.0,139.1017336164202,0.0,4.758459810023536,1.0653461210426216,0.7276690304279327,0.6159540042181576,3.8948485412597655,205.73973121699237
noise-game,scale,mnist,42,500,0,1.1,1.0,0.05,iid,1.0,99999,99,6.987754095808696,0.881483777999878,0.39754749363660813,nan,1.8506262431973997,0.0,1000.0,0.0,nan,0,31,0,165,135.95724487304688,0.0,0.7473520636558533,0.0,0.603030488913539,0.0,0.603030488913539,0.0,4.793361559374883,0.0,7569.11449216454,0.0,135.95724487304688,0.0,4.793361559374883,1.0707925382664607,0.7473520636558533,0.603030488913539,6.254033264160157,348.1792666395688
noise-game,scale,mnist,42,500,0,1.1,1.0,0.05,iid,1.0,99999,100,6.987754095808696,0.8813651753664017,0.3982561886310577,nan,2.15857019631759,0.0,1000.0,0.0,nan,0,43,0,161,135.65579621688178,0.0,0.7768904359444327,0.0,0.6013872508199148,0.0,0.6013872508199148,0.0,4.833277480286816,0.0,7517.105580226121,0.0,135.65579621688178,0.0,4.833277480286816,1.0694747123892152,0.7768904359444327,0.6013872508199148,6.2401666259765625,345.7868566904016
noise-game,scale,mnist,42,500,0,1.1,1.0,0.05,iid,1.0,99999,101,6.987754095808696,0.8812547782659531,0.3987878960967064,nan,1.747376682360967,0.0,1000.0,0.0,nan,0,69,0,283,137.89755452473958,0.0,0.7263702273368835,0.0,0.6109308801677129,0.0,0.6109308801677129,0.0,4.886264424097222,0.0,7961.562628163139,0.0,137.89755452473958,0.0,4.886264424097222,1.0449915134307826,0.7263702273368835,0.6109308801677129,8.273853271484375,477.6937576897884
noise-game,scale,mnist,42,500,0,1.1,1.0,0.05,iid,1.0,99999,102,6.987754095808696,0.8810189775228501,0.3997600852251053,nan,1.908022893799676,0.0,1000.0,0.0,nan,0,47,0,235,136.25927960431133,0.0,0.7218898777608518,0.0,0.6040872451662502,0.0,0.6040872451662502,0.0,4.934977081096167,0.0,7633.551412390461,0.0,136.25927960431133,0.0,4.934977081096167,1.033244175046758,0.7218898777608518,0.6040872451662502,7.358001098632813,412.2117762690849
noise-game,scale,mnist,42,500,0,1.1,1.0,0.05,iid,1.0,99999,103,6.987754095808696,0.8809497776031494,0.4003347957134247,nan,1.8009730939354216,0.0,1000.0,0.0,nan,0,63,0,227,135.34000614711218,0.0,0.7793844491243362,0.0,0.600229072147166,0.0,0.600229072147166,0.0,4.993981266820567,0.0,8315.571885744812,0.0,135.34000614711218,0.0,4.993981266820567,1.0015800532074424,0.7793844491243362,0.600229072147166,7.579040344238281,465.67202560170944
noise-game,scale,mnist,42,500,0,1.1,1.0,0.05,iid,1.0,99999,104,7.145125228604692,0.8807481795549392,0.401190832734108,nan,1.9276987135410308,0.0,1000.0,0.0,nan,0,38,0,316,136.78233998616537,0.0,0.7377277473608653,0.0,0.6067185055959814,0.0,0.6067185055959814,0.0,5.045076597060608,0.0,7901.224271944969,0.0,136.78233998616537,0.0,5.045076597060608,0.9902102671695169,0.7377277473608653,0.6067185055959814,8.206940399169921,474.07345631669807
noise-game,scale,mnist,42,500,0,1.1,1.0,0.05,iid,1.0,99999,105,7.145125228604692,0.8806113795042038,0.40185276567935946,nan,2.03306275865306,0.0,1000.0,0.0,nan,0,58,0,214,135.41499593983525,0.0,0.7455588112706724,0.0,0.6008911391540872,0.0,0.6008911391540872,0.0,5.076897841839419,0.0,7776.487974068978,0.0,135.41499593983525,0.0,5.076897841839419,0.9892105776096639,0.7455588112706724,0.6008911391540872,6.229089813232422,357.71844680717294
noise-game,scale,mnist,42,500,0,1.1,1.0,0.05,iid,1.0,99999,106,7.145125228604692,0.8804251774549484,0.40275965362787247,nan,1.929666269210077,0.0,1000.0,0.0,nan,0,41,0,323,136.2410361997543,0.0,0.7220550342913596,0.0,0.6043690365747553,0.0,0.6043690365747553,0.0,5.109255812841186,0.0,7871.629928724649,0.0,136.2410361997543,0.0,5.109255812841186,0.9968200456913071,0.7220550342913596,0.6043690365747553,8.446944244384765,488.04105558092823
noise-game,scale,mnist,42,500,0,1.1,1.0,0.05,iid,1.0,99999,107,7.145125228604692,0.8802621775865554,0.40361444079875947,nan,2.143663476813923,0.0,1000.0,0.0,nan,0,15,0,179,135.9526374123313,0.0,0.7352930740876631,0.0,0.6025095010391784,0.0,0.6025095010391784,0.0,5.135296374486904,0.0,7590.625145575617,0.0,135.9526374123313,0.0,5.135296374486904,0.9982506770061781,0.7352930740876631,0.6025095010391784,5.981916046142578,333.98750640532717
noise-game,scale,mnist,42,500,0,1.1,1.0,0.05,iid,1.0,99999,108,7.145125228604692,0.8801197772026061,0.4044055634737015,nan,2.0940962822540947,0.0,1000.0,0.0,nan,0,37,0,161,135.46132427713147,0.0,0.7170701311982196,0.0,0.6004170102618324,0.0,0.6004170102618324,0.0,5.16992116709274,0.0,7880.466871601342,0.0,135.46132427713147,0.0,5.16992116709274,0.9925639302778372,0.7170701311982196,0.6004170102618324,6.231220916748047,362.5014760936618
noise-game,scale,mnist,42,500,0,1.1,1.0,0.05,iid,1.0,99999,109,7.191460735682177,0.8798015780448913,0.40591235816478727,nan,2.010564197050898,0.0,1000.0,0.0,nan,0,97,0,431,135.6706049065841,0.0,0.7533813762037378,0.0,0.6014471660490507,0.0,0.6014471660490507,0.0,5.225529350797784,0.0,8051.317307039703,0.0,135.6706049065841,0.0,5.225529350797784,0.979702177803897,0.7533813762037378,0.6014471660490507,10.31096597290039,611.9001153350176
noise-game,scale,mnist,42,500,0,1.1,1.0,0.05,iid,1.0,99999,110,7.191460735682177,0.8794651786088944,0.4072637636065483,nan,2.222859650850296,0.0,1000.0,0.0,nan,0,63,0,369,135.63550472259521,0.0,0.7444366104900837,0.0,0.6016865245443486,0.0,0.6016865245443486,0.0,5.279267610000194,0.0,8089.453971512829,0.0,135.63550472259521,0.0,5.279267610000194,0.963148100909558,0.7444366104900837,0.6016865245443486,8.680672302246094,517.7250541768211
noise-game,scale,mnist,42,500,0,1.1,1.0,0.05,iid,1.0,99999,111,7.191460735682177,0.8794077781438827,0.4078054133653641,nan,2.1206861996650694,0.0,1000.0,0.0,nan,0,34,0,186,135.48705688476562,0.0,0.7251584768295288,0.0,0.6004812101289128,0.0,0.6004812101289128,0.0,5.3153145914935065,0.0,8150.374322884338,0.0,135.48705688476562,0.0,5.3153145914935065,0.9536814471348594,0.7251584768295288,0.6004812101289128,6.774352844238281,407.5187161442169
noise-game,scale,mnist,42,500,0,1.1,1.0,0.05,iid,1.0,99999,112,7.4387661902843725,0.879353176832199,0.40840796571969984,nan,2.0692210765112016,0.0,1000.0,0.0,nan,0,19,0,173,136.02845764160156,0.0,0.7416096925735474,0.0,0.6025930470456311,0.0,0.6025930470456311,0.0,5.334454642070041,0.0,7542.530273141254,0.0,136.02845764160156,0.0,5.334454642070041,0.9638024869461504,0.7416096925735474,0.6025930470456311,5.713195220947266,316.78627147193265
noise-game,scale,mnist,42,500,0,1.1,1.0,0.05,iid,1.0,99999,113,7.4387661902843725,0.8788793787956238,0.41030119854211805,nan,2.212037084680615,0.0,1000.0,0.0,nan,0,61,0,331,135.45875919226444,0.0,0.7447265982627869,0.0,0.6002290721471661,0.0,0.6002290721471661,0.0,5.380010153619048,0.0,8006.716644195192,0.0,135.45875919226444,0.0,5.380010153619048,0.9576033345242229,0.7447265982627869,0.6002290721471661,8.940278106689453,528.4432985168826
noise-game,scale,mnist,42,500,0,1.1,1.0,0.05,iid,1.0,99999,114,7.4387661902843725,0.878814379811287,0.4110540066361427,nan,2.099213026720902,0.0,1000.0,0.0,nan,0,47,0,309,135.67377077299972,0.0,0.7308523377467846,0.0,0.6012417121489635,0.0,0.6012417121489635,0.0,5.414626237967168,0.0,8190.657566845356,0.0,135.67377077299972,0.0,5.414626237967168,0.9542342357609555,0.7308523377467846,0.6012417121489635,7.869078704833984,475.0581388770307
noise-game,scale,mnist,42,500,0,1.1,1.0,0.05,iid,1.0,99999,115,7.4387661902843725,0.8786717780828476,0.4119008290171623,nan,2.0334056285875186,0.0,1000.0,0.0,nan,0,30,0,274,135.41814041137695,0.0,0.7278112832989011,0.0,0.600229072147166,0.0,0.600229072147166,0.0,5.448437921123203,0.0,8221.797857096519,0.0,135.41814041137695,0.0,5.448437921123203,0.9511713142936813,0.7278112832989011,0.600229072147166,7.58341586303711,460.42067999740516
noise-game,scale,mnist,42,500,0,1.1,1.0,0.05,iid,1.0,99999,116,7.4387661902843725,0.87833697783947,0.4135352540612221,nan,2.2374888947515776,0.0,1000.0,0.0,nan,0,49,0,365,135.48828587387547,0.0,0.7358205264264887,0.0,0.6002290721471661,0.0,0.6002290721471661,0.0,5.484271435101093,0.0,7757.698303608743,0.0,135.48828587387547,0.0,5.484271435101093,0.9521605306269973,0.7358205264264887,0.6002290721471661,8.942226867675782,512.008088038177
noise-game,scale,mnist,42,500,0,1.1,1.0,0.05,iid,1.0,99999,117,7.4387661902843725,0.8782499775886535,0.4142289966344833,nan,2.154735639691353,0.0,1000.0,0.0,nan,0,27,0,183,135.78406143188477,0.0,0.741288940111796,0.0,0.6013238795218213,0.0,0.6013238795218213,0.0,5.5164815268537835,0.0,8051.232386670376,0.0,135.78406143188477,0.0,5.5164815268537835,0.9370196626655066,0.741288940111796,0.6013238795218213,6.517634948730469,386.45915456017804
noise-game,scale,mnist,42,500,0,1.1,1.0,0.05,iid,1.0,99999,118,7.563199013074756,0.8777627785205842,0.4162942606210709,nan,2.400172660427709,0.0,1000.0,0.0,nan,0,52,0,350,135.32832680979084,0.0,0.732626332390693,0.0,0.6002290721471659,0.0,0.6002290721471659,0.0,5.549907383337754,0.0,7553.867563406502,0.0,135.32832680979084,0.0,5.549907383337754,0.9352812806641706,0.732626332390693,0.6002290721471659,8.390356262207032,468.3397889312032
noise-game,scale,mnist,42,500,0,1.1,1.0,0.05,iid,1.0,99999,119,7.563199013074756,0.8777829769849778,0.41647762072086336,nan,1.9050686905781429,0.0,1000.0,0.0,nan,0,35,0,223,135.2384179433187,0.0,0.7355660436054071,0.0,0.6002290721471661,0.0,0.6002290721471661,0.0,5.575468725834046,0.0,8724.575492213238,0.0,135.2384179433187,0.0,5.575468725834046,0.9318820489217048,0.7355660436054071,0.6002290721471661,6.491444061279297,418.7796236262355
noise-game,scale,mnist,42,500,0,1.1,1.0,0.05,iid,1.0,99999,120,7.563199013074756,0.8774191783666611,0.4181813239455223,nan,2.2373761385679245,0.0,1000.0,0.0,nan,0,67,0,315,135.5652952194214,0.0,0.7134577101096511,0.0,0.6011637977201756,0.0,0.6011637977201756,0.0,5.608711386656199,0.0,8249.917253846077,0.0,135.5652952194214,0.0,5.608711386656199,0.9312046875565996,0.7134577101096511,0.6011637977201756,8.67617889404297,527.9947042461489
noise-game,scale,mnist,42,500,0,1.1,1.0,0.05,iid,1.0,99999,121,7.563199013074756,0.8770725775957108,0.4197890444993973,nan,2.356055025396676,0.0,1000.0,0.0,nan,0,43,0,273,135.47935380606816,0.0,0.7319693606475304,0.0,0.600229072147166,0.0,0.600229072147166,0.0,5.636245774666226,0.0,7940.366221576128,0.0,135.47935380606816,0.0,5.636245774666226,0.9381840361303846,0.7319693606475304,0.600229072147166,7.857802520751953,460.5412408514154
noise-game,scale,mnist,42,500,0,1.1,1.0,0.05,iid,1.0,99999,122,7.563199013074756,0.8770679777860642,0.4203184506893158,nan,2.4194123180289018,0.0,1000.0,0.0,nan,0,4,0,124,135.26843823884664,0.0,0.7469437812504015,0.0,0.600229072147166,0.0,0.600229072147166,0.0,5.652625833872395,0.0,8288.33514657914,0.0,135.26843823884664,0.0,5.652625833872395,0.9435587214184515,0.7469437812504015,0.600229072147166,5.140200653076172,314.95673557000737
noise-game,scale,mnist,42,500,0,1.1,1.0,0.05,iid,1.0,99999,123,7.563199013074756,0.8770001779794693,0.42106885731220245,nan,2.474806035266203,0.0,1000.0,0.0,nan,0,8,0,104,135.5170736873851,0.0,0.732494617209715,0.0,0.6007469584122944,0.0,0.6007469584122944,0.0,5.666792637018116,0.0,7911.029745435092,0.0,135.5170736873851,0.0,5.666792637018116,0.9497373015261278,0.732494617209715,0.6007469584122944,4.607580505371094,268.97501134479313
noise-game,scale,mnist,42,500,0,1.1,1.0,0.05,iid,1.0,99999,124,7.563199013074756,0.8769763790369034,0.4215431659221649,nan,1.9381803818370984,0.0,1000.0,0.0,nan,0,34,0,190,135.50654668393344,0.0,0.726342815419902,0.0,0.6002290721471659,0.0,0.6002290721471659,0.0,5.695986762408615,0.0,9114.269417988642,0.0,135.50654668393344,0.0,5.695986762408615,0.9339531556305725,0.726342815419902,0.6002290721471659,6.233301147460938,419.25639322747753
noise-game,scale,mnist,42,500,0,1.1,1.0,0.05,iid,1.0,99999,125,7.563199013074756,0.8768999778032303,0.422168686747551,nan,1.9764345310352467,0.0,1000.0,0.0,nan,0,17,0,251,135.36116423430266,0.0,0.7300346261925168,0.0,0.600229072147166,0.0,0.600229072147166,0.0,5.728526052129582,0.0,8855.56275277011,0.0,135.36116423430266,0.0,5.728526052129582,0.9045475375183807,0.7300346261925168,0.600229072147166,7.309502868652344,478.20038864958593
noise-game,scale,mnist,42,500,0,1.1,1.0,0.05,iid,1.0,99999,126,7.563199013074756,0.8768151782751084,0.4230512523651123,nan,2.332100504323056,0.0,1000.0,0.0,nan,0,19,0,119,135.29489697908102,0.0,0.7608198052958438,0.0,0.600229072147166,0.0,0.600229072147166,0.0,5.745229820154689,0.0,8408.323743009829,0.0,135.29489697908102,0.0,5.745229820154689,0.9083720189936292,0.7608198052958438,0.600229072147166,5.141206085205078,319.51630223437354
noise-game,scale,mnist,42,500,0,1.1,1.0,0.05,iid,1.0,99999,127,7.563199013074756,0.8764651786088944,0.42489911460876467,nan,2.5655079917474226,0.0,1000.0,0.0,nan,0,28,0,164,135.41426918723366,0.0,0.7462904913858934,0.0,0.6004439925611279,0.0,0.6004439925611279,0.0,5.773196082261817,0.0,8806.073520988974,0.0,135.41426918723366,0.0,5.773196082261817,0.8924095833345597,0.7462904913858934,0.6004439925611279,5.958227844238281,387.46723492351487
noise-game,scale,mnist,42,500,0,1.1,1.0,0.05,iid,1.0,99999,128,7.563199013074756,0.8766093772649765,0.4246693385243416,nan,1.9484280347824097,0.0,1000.0,0.0,nan,0,9,0,121,135.54734802246094,0.0,0.7511928332479376,0.0,0.600229072147166,0.0,0.600229072147166,0.0,5.795515622350207,0.0,9679.69950712947,0.0,135.54734802246094,0.0,5.795515622350207,0.8857996834815014,0.7511928332479376,0.600229072147166,5.1507992248535155,367.8285812709198
noise-game,scale,mnist,42,500,0,1.1,1.0,0.05,iid,1.0,99999,129,7.563199013074756,0.8763831770420074,0.42606677556037903,nan,2.010571777820587,0.0,1000.0,0.0,nan,0,76,0,344,135.50560691139916,0.0,0.7341064688834277,0.0,0.6011722415139059,0.0,0.6011722415139059,0.0,5.826809046258825,0.0,9454.888902461847,0.0,135.50560691139916,0.0,5.826809046258825,0.8832028836727985,0.7341064688834277,0.6011722415139059,8.943370056152343,624.022667562482
noise-game,scale,mnist,42,500,0,1.1,1.0,0.05,iid,1.0,99999,130,7.563199013074756,0.8761425784826279,0.42751376450061795,nan,2.4815675218900046,0.0,1000.0,0.0,nan,0,38,0,134,135.5324954078311,0.0,0.7608251600038438,0.0,0.6002290721471659,0.0,0.6002290721471659,0.0,5.847707686523681,0.0,8700.336696207456,0.0,135.5324954078311,0.0,5.847707686523681,0.8826135754390588,0.7608251600038438,0.6002290721471659,5.692364807128906,365.4141412407132
noise-game,scale,mnist,42,500,0,1.1,1.0,0.05,iid,1.0,99999,131,7.563199013074756,0.8760275775194168,0.42824727737903595,nan,2.4166490861347745,0.0,1000.0,0.0,nan,0,3,0,159,135.51078360421317,0.0,0.7264717448325384,0.0,0.6002290721471659,0.0,0.6002290721471659,0.0,5.869328046866047,0.0,8774.813664298817,0.0,135.51078360421317,0.0,5.869328046866047,0.8804407886475868,0.7264717448325384,0.6002290721471659,5.691452911376953,368.54217390055027
noise-game,scale,mnist,42,500,0,1.1,1.0,0.05,iid,1.0,99999,132,7.583052411130822,0.8756051790714264,0.42999637615680697,nan,2.259232837292883,0.0,1000.0,0.0,nan,0,82,0,422,135.38900417751736,0.0,0.7245884843998485,0.0,0.600229072147166,0.0,0.600229072147166,0.0,5.905971028172325,0.0,8724.467921057358,0.0,135.38900417751736,0.0,5.905971028172325,0.8730465548048216,0.7245884843998485,0.600229072147166,9.74800830078125,628.1616903161297
noise-game,scale,mnist,42,500,0,1.1,1.0,0.05,iid,1.0,99999,133,7.687631835865142,0.8752185776233673,0.43235415607690814,nan,2.6763773803357727,0.0,1000.0,0.0,nan,0,41,0,217,135.3308597140842,0.0,0.735171213194176,0.0,0.600229072147166,0.0,0.600229072147166,0.0,5.936341158292757,0.0,8596.765254561054,0.0,135.3308597140842,0.0,5.936341158292757,0.8598406932084645,0.735171213194176,0.600229072147166,7.3078664245605465,464.2253237462969
noise-game,scale,mnist,42,500,0,1.1,1.0,0.05,iid,1.0,99999,134,7.687631835865142,0.8751691777706146,0.4332783321142197,nan,2.163453856240148,0.0,1000.0,0.0,nan,0,28,0,162,135.3765471085258,0.0,0.6870888497518457,0.0,0.6002290721471659,0.0,0.6002290721471659,0.0,5.959489528305974,0.0,8949.247144048151,0.0,135.3765471085258,0.0,5.959489528305974,0.8486081604355666,0.6870888497518457,0.6002290721471659,6.227321166992187,411.66536862621507
noise-game,scale,mnist,42,500,0,1.1,1.0,0.05,iid,1.0,99999,135,7.687631835865142,0.87496637737751,0.43440433031320574,nan,2.2592639412198747,0.0,1000.0,0.0,nan,0,46,0,260,135.46510314941406,0.0,0.7059193221586091,0.0,0.600229072147166,0.0,0.600229072147166,0.0,5.9819750913520515,0.0,8508.531394663889,0.0,135.46510314941406,0.0,5.9819750913520515,0.8567827167472497,0.7059193221586091,0.600229072147166,7.586045776367188,476.4777581011778
noise-game,scale,mnist,42,500,0,1.1,1.0,0.05,iid,1.0,99999,136,7.706937813694436,0.8747681772708893,0.4360247898697853,nan,2.239778925632608,0.0,1000.0,0.0,nan,0,55,0,307,135.21755192197602,0.0,0.71975688482153,0.0,0.600229072147166,0.0,0.600229072147166,0.0,6.006942244719031,0.0,9065.689386478529,0.0,135.21755192197602,0.0,6.006942244719031,0.8582040571280846,0.71975688482153,0.600229072147166,7.84261801147461,525.8099844157547
noise-game,scale,mnist,42,500,0,1.1,1.0,0.05,iid,1.0,99999,137,7.83137063648482,0.8741413779258728,0.4397213560938835,nan,2.7134621374068724,0.0,1000.0,0.0,nan,0,37,0,347,135.33730980657762,0.0,0.707650278845141,0.0,0.6002290721471659,0.0,0.6002290721471659,0.0,6.031825937802032,0.0,7821.064521923208,0.0,135.33730980657762,0.0,6.031825937802032,0.8681695576157913,0.707650278845141,0.6002290721471659,8.390913208007813,484.90600035923893
noise-game,scale,mnist,42,500,0,1.1,1.0,0.05,iid,1.0,99999,138,7.83137063648482,0.8739939780235291,0.44046436417102813,nan,2.623341884613037,0.0,1000.0,0.0,nan,0,27,0,199,135.32835021972656,0.0,0.7516187906265259,0.0,0.6002290721471661,0.0,0.6002290721471661,0.0,6.05428767771297,0.0,9170.923497572965,0.0,135.32835021972656,0.0,6.05428767771297,0.8680826930349945,0.7516187906265259,0.6002290721471661,6.7664175109863285,458.54617487864823
noise-game,scale,mnist,42,500,0,1.1,1.0,0.05,iid,1.0,99999,139,7.83137063648482,0.873521578669548,0.44262982201576234,nan,2.3642791235769116,0.0,1000.0,0.0,nan,0,59,0,491,135.43568420410156,0.0,0.6932228932509551,0.0,0.600229072147166,0.0,0.600229072147166,0.0,6.086149009545964,0.0,8692.56222061306,0.0,135.43568420410156,0.0,6.086149009545964,0.8653048359517154,0.6932228932509551,0.600229072147166,10.022240631103516,643.2496043253665
noise-game,scale,mnist,42,500,0,1.1,1.0,0.05,iid,1.0,99999,140,7.83137063648482,0.8734261776208878,0.4432800365686417,nan,2.22515579026479,0.0,1000.0,0.0,nan,0,49,0,221,135.38815601055438,0.0,0.7447517881026635,0.0,0.600229072147166,0.0,0.600229072147166,0.0,6.107010988390254,0.0,9233.592998132548,0.0,135.38815601055438,0.0,6.107010988390254,0.8710159080520015,0.7447517881026635,0.600229072147166,7.040184112548828,480.14683590289246
noise-game,scale,mnist,42,500,0,1.1,1.0,0.05,iid,1.0,99999,141,7.955803459275206,0.8730009775161743,0.44640479385852816,nan,2.8358001565933226,0.0,1000.0,0.0,nan,0,27,0,207,135.47814392089845,0.0,0.7742914962768555,0.0,0.6002290721471661,0.0,0.6002290721471661,0.0,6.126787835142415,0.0,9293.874063862357,0.0,135.47814392089845,0.0,6.126787835142415,0.8736253837314003,0.7742914962768555,0.6002290721471661,6.773907196044922,464.6937031931178
noise-game,scale,mnist,42,500,0,1.1,1.0,0.05,iid,1.0,99999,142,7.955803459275206,0.8728537788391113,0.44736829441785814,nan,2.4509401456876234,0.0,1000.0,0.0,nan,0,32,0,146,135.37694757634944,0.0,0.7180979834361509,0.0,0.6002290721471659,0.0,0.6002290721471659,0.0,6.155253014414697,0.0,8779.766735749166,0.0,135.37694757634944,0.0,6.155253014414697,0.8311245435781648,0.7180979834361509,0.6002290721471659,5.956585693359375,386.3097363729633
noise-game,scale,mnist,42,500,0,1.1,1.0,0.05,iid,1.0,99999,143,7.955803459275206,0.8728715780973434,0.4479910705089569,nan,2.2854066217939057,0.0,1000.0,0.0,nan,0,37,0,193,135.55051612854004,0.0,0.7097720876336098,0.0,0.6002290721471661,0.0,0.6002290721471661,0.0,6.174536099182554,0.0,9781.8116113688,0.0,135.55051612854004,0.0,6.174536099182554,0.8318962130472537,0.7097720876336098,0.6002290721471661,6.506424774169922,469.52695734570233
noise-game,scale,mnist,42,500,0,1.1,1.0,0.05,iid,1.0,99999,144,7.955803459275206,0.8726523784399033,0.4492240877747536,nan,2.4496928825974464,0.0,1000.0,0.0,nan,0,26,0,192,135.61301231384277,0.0,0.7237188071012497,0.0,0.6002290721471661,0.0,0.6002290721471661,0.0,6.203759485310089,0.0,9557.267362432178,0.0,135.61301231384277,0.0,6.203759485310089,0.8050281414790643,0.7237188071012497,0.6002290721471661,6.5094245910644535,458.74883339674454
noise-game,scale,mnist,42,500,0,1.1,1.0,0.05,iid,1.0,99999,145,7.955803459275206,0.8724885784387588,0.4502828820943832,nan,2.398113719054631,0.0,1000.0,0.0,nan,0,11,0,287,135.53390066964286,0.0,0.7113495171070099,0.0,0.600229072147166,0.0,0.600229072147166,0.0,6.228585967843076,0.0,9483.999427430992,0.0,135.53390066964286,0.0,6.228585967843076,0.8022339976762246,0.7113495171070099,0.600229072147166,7.5898984375,531.1039679361356
noise-game,scale,mnist,42,500,0,1.1,1.0,0.05,iid,1.0,99999,146,7.955803459275206,0.8724709783792496,0.45095904552936555,nan,2.2840829206549604,0.0,1000.0,0.0,nan,0,24,0,194,135.26546843155572,0.0,0.7080393589061239,0.0,0.6002290721471659,0.0,0.6002290721471659,0.0,6.2493940937287284,0.0,9857.239672128144,0.0,135.26546843155572,0.0,6.2493940937287284,0.7968758008798086,0.7080393589061239,0.6002290721471659,6.222211547851563,453.4330249178946
noise-game,scale,mnist,42,500,0,1.1,1.0,0.05,iid,1.0,99999,147,7.955803459275206,0.8719483776092529,0.45338934981822965,nan,2.525620127575738,0.0,1000.0,0.0,nan,0,78,0,402,135.49709080287388,0.0,0.7584131734711783,0.0,0.600229072147166,0.0,0.600229072147166,0.0,6.2776052080853315,0.0,9646.028374777427,0.0,135.49709080287388,0.0,6.2776052080853315,0.7981852401359087,0.7584131734711783,0.600229072147166,9.484796356201171,675.2219862344198
noise-game,scale,mnist,42,500,0,1.1,1.0,0.05,iid,1.0,99999,148,7.955803459275206,0.8718723784685135,0.4546846361756325,nan,2.6673827929930254,0.0,1000.0,0.0,nan,0,14,0,148,135.40072285045278,0.0,0.7481545318256725,0.0,0.6002290721471659,0.0,0.6002290721471659,0.0,6.294994700982106,0.0,8820.880839416071,0.0,135.40072285045278,0.0,6.294994700982106,0.8017195459301181,0.7481545318256725,0.6002290721471659,5.957631805419922,388.11875693430716
noise-game,scale,mnist,42,500,0,1.1,1.0,0.05,iid,1.0,99999,149,7.955803459275206,0.8715887790918351,0.4560965822339058,nan,2.458184335912977,0.0,1000.0,0.0,nan,0,17,0,283,135.31981549944197,0.0,0.7251077166625431,0.0,0.600229072147166,0.0,0.600229072147166,0.0,6.316064707279069,0.0,10233.661360885704,0.0,135.31981549944197,0.0,6.316064707279069,0.8026090853846142,0.7251077166625431,0.600229072147166,7.57790966796875,573.0850362095995
noise-game,scale,mnist,42,500,0,1.1,1.0,0.05,iid,1.0,99999,150,7.955803459275206,0.87162337744236,0.456723561167717,nan,2.444049323859968,0.0,1000.0,0.0,nan,0,2,0,120,135.2159552323191,0.0,0.7563421663485075,0.0,0.600229072147166,0.0,0.600229072147166,0.0,6.332744515804115,0.0,9681.513595976994,0.0,135.2159552323191,0.0,6.332744515804115,0.7951803482977242,0.7563421663485075,0.600229072147166,5.138206298828125,367.89751664712577
noise-game,scale,mnist,42,500,0,1.1,1.0,0.05,iid,1.0,99999,151,7.955803459275206,0.8711327792406082,0.4590409460663796,nan,2.5350962377363637,0.0,1000.0,0.0,nan,0,47,0,317,135.37423016948085,0.0,0.7727873594530167,0.0,0.6002290721471659,0.0,0.6002290721471659,0.0,6.355562264534185,0.0,9957.187086537839,0.0,135.37423016948085,0.0,6.355562264534185,0.8004206463968191,0.7727873594530167,0.6002290721471659,8.393202270507812,617.3455993653461
noise-game,scale,mnist,42,500,0,1.1,1.0,0.05,iid,1.0,99999,152,8.08023628206559,0.8711381771564484,0.46021854454278943,nan,2.7604352474212646,0.0,1000.0,0.0,nan,0,4,0,132,135.5125831604004,0.0,0.7363765761256218,0.0,0.6002290721471659,0.0,0.6002290721471659,0.0,6.369547834661462,0.0,9661.232607365477,0.0,135.5125831604004,0.0,6.369547834661462,0.8027838324299065,0.7363765761256218,0.6002290721471659,5.420503326416016,386.44930429461914
