algorithm,attack_type,dataset,seed,n_nodes,n_attackers,noise_mult,clip_bound,sampling_rate,split_mode,dirichlet_alpha,start_round,round,epsilon,accuracy,test_loss,f1_score,mean_update_norm_honest,mean_update_norm_attacker,best_alpha,precision,recall,total_tp_all,total_fp_all,total_fn_all,total_tn_all,balance_local_norm_honest,balance_local_norm_attacker,balance_threshold_honest,balance_threshold_attacker,balance_kept_honest,balance_kept_attacker
balance,scale,mnist,42,500,0,1.0,0.1,0.05,iid,1.0,500,0,0.0,0.380587789952755,2.0956192951202395,nan,0.17510453829169273,0.0,,nan,nan,0,0,0,116,4.983930796384811,0.0,9.901630198765783,0.0,7.25,0.0
balance,scale,mnist,42,500,0,1.0,0.1,0.05,iid,1.0,500,1,0.0,0.5552813873887062,1.8903912811279298,nan,0.17942673817276955,0.0,,nan,nan,0,0,0,210,5.000148316224416,0.0,9.867844321672003,0.0,8.75,0.0
balance,scale,mnist,42,500,0,1.0,0.1,0.05,iid,1.0,500,2,0.0,0.6514013830423355,1.6797330660820007,nan,0.18128123858571052,0.0,,nan,nan,0,0,0,272,5.026160964259395,0.0,9.853272617986521,0.0,10.074074074074074,0.0
balance,scale,mnist,42,500,0,1.0,0.1,0.05,iid,1.0,500,3,0.0,0.7096643826961517,1.479835600376129,nan,0.17623323810100555,0.0,,nan,nan,0,0,0,308,5.059747099876404,0.0,9.853207292961118,0.0,11.0,0.0
balance,scale,mnist,42,500,0,1.0,0.1,0.05,iid,1.0,500,4,0.0,0.7508269811868667,1.2995869557857513,nan,0.16711990615725517,0.0,,nan,nan,0,0,0,244,5.0995902464939995,0.0,9.864811584539996,0.0,9.384615384615385,0.0
balance,scale,mnist,42,500,0,1.0,0.1,0.05,iid,1.0,500,5,0.0,0.7795115796327591,1.145363080739975,nan,0.15466145211458207,0.0,,nan,nan,0,0,0,178,5.140465903282165,0.0,9.877810704392223,0.0,8.9,0.0
balance,scale,mnist,42,500,0,1.0,0.1,0.05,iid,1.0,500,6,0.0,0.799779779791832,1.0189880690574646,nan,0.1403677166700363,0.0,,nan,nan,0,0,0,182,5.182658607309515,0.0,9.892715548809901,0.0,8.272727272727273,0.0
balance,scale,mnist,42,500,0,1.0,0.1,0.05,iid,1.0,500,7,0.0,0.8139817795753479,0.9181240102052689,nan,0.12604595765471457,0.0,,nan,nan,0,0,0,320,5.221882277521594,0.0,9.901356556751967,0.0,11.03448275862069,0.0
balance,scale,mnist,42,500,0,1.0,0.1,0.05,iid,1.0,500,8,0.0,0.8242909796237946,0.8383499571084976,nan,0.11309867277741432,0.0,,nan,nan,0,0,0,330,5.259780966002365,0.0,9.906950336405052,0.0,11.379310344827585,0.0
balance,scale,mnist,42,500,0,1.0,0.1,0.05,iid,1.0,500,9,0.0,0.8323763785362244,0.774684304356575,nan,0.10180484740436077,0.0,,nan,nan,0,0,0,254,5.296359450728805,0.0,9.90956252279004,0.0,9.407407407407407,0.0
balance,scale,mnist,42,500,0,1.0,0.1,0.05,iid,1.0,500,10,0.0,0.83849937915802,0.7238163030147553,nan,0.09219264572858811,0.0,,nan,nan,0,0,0,358,5.331837115749236,0.0,9.909656647245566,0.0,11.548387096774194,0.0
balance,scale,mnist,42,500,0,1.0,0.1,0.05,iid,1.0,500,11,0.0,0.8439219805002213,0.682031834602356,nan,0.08417107647657394,0.0,,nan,nan,0,0,0,342,5.362006537119547,0.0,9.899511767694104,0.0,11.4,0.0
balance,scale,mnist,42,500,0,1.0,0.1,0.05,iid,1.0,500,12,0.0,0.8481981790065766,0.647720910191536,nan,0.07742414292693138,0.0,,nan,nan,0,0,0,392,5.394526020685832,0.0,9.893374131725919,0.0,13.066666666666666,0.0
balance,scale,mnist,42,500,0,1.0,0.1,0.05,iid,1.0,500,13,0.0,0.851766378045082,0.6190380091667176,nan,0.07175343425571919,0.0,,nan,nan,0,0,0,286,5.423349804348415,0.0,9.880148251400659,0.0,10.592592592592593,0.0
balance,scale,mnist,42,500,0,1.0,0.1,0.05,iid,1.0,500,14,0.0,0.8550907790660858,0.5946437692642212,nan,0.06699602684378624,0.0,,nan,nan,0,0,0,120,5.451192405488756,0.0,9.864885722799352,0.0,6.666666666666667,0.0
balance,scale,mnist,42,500,0,1.0,0.1,0.05,iid,1.0,500,15,0.0,0.8578351773023606,0.5737355375289916,nan,0.0628516134545207,0.0,,nan,nan,0,0,0,200,5.474774650905443,0.0,9.841731185709962,0.0,8.695652173913043,0.0
balance,scale,mnist,42,500,0,1.0,0.1,0.05,iid,1.0,500,16,0.0,0.8603207803964615,0.5555661963224411,nan,0.0592719896286726,0.0,,nan,nan,0,0,0,234,5.4979546666145325,0.0,9.81773055720691,0.0,9.75,0.0
balance,scale,mnist,42,500,0,1.0,0.1,0.05,iid,1.0,500,17,0.0,0.8623973783254624,0.5399242682456971,nan,0.05625999274849892,0.0,,nan,nan,0,0,0,178,5.521488774906505,0.0,9.794242471137922,0.0,8.090909090909092,0.0
balance,scale,mnist,42,500,0,1.0,0.1,0.05,iid,1.0,500,18,0.0,0.8643997775316239,0.5260360207557678,nan,0.05368003485351801,0.0,,nan,nan,0,0,0,222,5.54343323085619,0.0,9.767832017827091,0.0,9.652173913043478,0.0
balance,scale,mnist,42,500,0,1.0,0.1,0.05,iid,1.0,500,19,0.0,0.8660855779647827,0.5137740003466607,nan,0.051160596050322055,0.0,,nan,nan,0,0,0,194,5.565605467016047,0.0,9.741738818104013,0.0,8.818181818181818,0.0
balance,scale,mnist,42,500,0,1.0,0.1,0.05,iid,1.0,500,20,0.0,0.8676609780788421,0.5028562102913856,nan,0.049075983367860315,0.0,,nan,nan,0,0,0,296,5.587304285594395,0.0,9.714737988721058,0.0,10.571428571428571,0.0
balance,scale,mnist,42,500,0,1.0,0.1,0.05,iid,1.0,500,21,0.0,0.8690715783834457,0.49304998326301575,nan,0.04722677332162857,0.0,,nan,nan,0,0,0,160,5.605352901277088,0.0,9.681361384599084,0.0,7.619047619047619,0.0
balance,scale,mnist,42,500,0,1.0,0.1,0.05,iid,1.0,500,22,0.0,0.8703525785207749,0.4841751393675804,nan,0.045514600209891794,0.0,,nan,nan,0,0,0,300,5.624886887414115,0.0,9.650547854348556,0.0,10.714285714285714,0.0
balance,scale,mnist,42,500,0,1.0,0.1,0.05,iid,1.0,500,23,0.0,0.8714717774391174,0.47621325093507766,nan,0.043938688047230244,0.0,,nan,nan,0,0,0,152,5.645992437998454,0.0,9.62239477718116,0.0,7.238095238095238,0.0
balance,scale,mnist,42,500,0,1.0,0.1,0.05,iid,1.0,500,24,0.0,0.8724265788793564,0.46906683790683745,nan,0.042596058309078214,0.0,,nan,nan,0,0,0,146,5.666228532791138,0.0,9.59271780412291,0.0,7.3,0.0
balance,scale,mnist,42,500,0,1.0,0.1,0.05,iid,1.0,500,25,0.0,0.8734701790809631,0.46244257807731626,nan,0.041316809438169004,0.0,,nan,nan,0,0,0,142,5.678444862365723,0.0,9.549523430049303,0.0,7.473684210526316,0.0
balance,scale,mnist,42,500,0,1.0,0.1,0.05,iid,1.0,500,26,0.0,0.8743743793964386,0.45633440506458284,nan,0.04007855270057917,0.0,,nan,nan,0,0,0,184,5.6967995817011055,0.0,9.516733981950257,0.0,8.363636363636363,0.0
balance,scale,mnist,42,500,0,1.0,0.1,0.05,iid,1.0,500,27,0.0,0.8751215761899949,0.4509539597630501,nan,0.03905406508594751,0.0,,nan,nan,0,0,0,314,5.7110066047081585,0.0,9.477075812286754,0.0,12.076923076923077,0.0
balance,scale,mnist,42,500,0,1.0,0.1,0.05,iid,1.0,500,28,0.0,0.8759159777164459,0.44579999369382856,nan,0.038100368022918704,0.0,,nan,nan,0,0,0,292,5.730981844442862,0.0,9.447032913858509,0.0,10.814814814814815,0.0
balance,scale,mnist,42,500,0,1.0,0.1,0.05,iid,1.0,500,29,0.0,0.8766435778141022,0.4410580779314041,nan,0.037131162010133265,0.0,,nan,nan,0,0,0,162,5.747814042227609,0.0,9.411824238690418,0.0,7.714285714285714,0.0
balance,scale,mnist,42,500,0,1.0,0.1,0.05,iid,1.0,500,30,0.0,0.8772989777326584,0.43673122018575666,nan,0.036452799119055274,0.0,,nan,nan,0,0,0,394,5.762157112360001,0.0,9.372617602553031,0.0,12.3125,0.0
balance,scale,mnist,42,500,0,1.0,0.1,0.05,iid,1.0,500,31,0.0,0.8778343795537948,0.43277302557229996,nan,0.03569309224188328,0.0,,nan,nan,0,0,0,126,5.778971883985731,0.0,9.33751016749183,0.0,7.0,0.0
balance,scale,mnist,42,500,0,1.0,0.1,0.05,iid,1.0,500,32,0.0,0.8784179785251618,0.42900961768627166,nan,0.03480079943686724,0.0,,nan,nan,0,0,0,224,5.79286269346873,0.0,9.29776241104842,0.0,9.333333333333334,0.0
balance,scale,mnist,42,500,0,1.0,0.1,0.05,iid,1.0,500,33,0.0,0.8789501765966415,0.42556967556476594,nan,0.03416472687572241,0.0,,nan,nan,0,0,0,234,5.804561519622803,0.0,9.254635778641662,0.0,9.36,0.0
balance,scale,mnist,42,500,0,1.0,0.1,0.05,iid,1.0,500,34,0.0,0.8794831782579422,0.42229911357164385,nan,0.033463857833296064,0.0,,nan,nan,0,0,0,562,5.820703242954455,0.0,9.218708333676606,0.0,14.789473684210526,0.0
balance,scale,mnist,42,500,0,1.0,0.1,0.05,iid,1.0,500,35,0.0,0.8800133759975434,0.4192586508393288,nan,0.03282900497317314,0.0,,nan,nan,0,0,0,114,5.831737013424144,0.0,9.17481362634497,0.0,6.705882352941177,0.0
balance,scale,mnist,42,500,0,1.0,0.1,0.05,iid,1.0,500,36,0.0,0.8803527762889862,0.41643356293439865,nan,0.03227290300652385,0.0,,nan,nan,0,0,0,288,5.847415703993577,0.0,9.138354327246743,0.0,11.076923076923077,0.0
balance,scale,mnist,42,500,0,1.0,0.1,0.05,iid,1.0,500,37,0.0,0.8808631786108017,0.41390423887968064,nan,0.03177238680049777,0.0,,nan,nan,0,0,0,158,5.859731221199036,0.0,9.096753422189602,0.0,7.9,0.0
balance,scale,mnist,42,500,0,1.0,0.1,0.05,iid,1.0,500,38,0.0,0.8811963789463043,0.41146340769529344,nan,0.031217381954193116,0.0,,nan,nan,0,0,0,530,5.876273219649856,0.0,9.0618195692521,0.0,14.324324324324325,0.0
balance,scale,mnist,42,500,0,1.0,0.1,0.05,iid,1.0,500,39,0.0,0.8815531764030456,0.40917152214050295,nan,0.03070830472186208,0.0,,nan,nan,0,0,0,200,5.889187460360319,0.0,9.02139113166341,0.0,8.695652173913043,0.0
balance,scale,mnist,42,500,0,1.0,0.1,0.05,iid,1.0,500,40,0.0,0.8818673774003982,0.4069634208679199,nan,0.030136651821434497,0.0,,nan,nan,0,0,0,358,5.8989406744639075,0.0,8.976289808629826,0.0,11.933333333333334,0.0
balance,scale,mnist,42,500,0,1.0,0.1,0.05,iid,1.0,500,41,0.0,0.8822207791805268,0.40497902762889865,nan,0.02980785759910941,0.0,,nan,nan,0,0,0,508,5.913616579932135,0.0,8.938830528631442,0.0,13.72972972972973,0.0
balance,scale,mnist,42,500,0,1.0,0.1,0.05,iid,1.0,500,42,0.0,0.8825133775472641,0.40304082083702086,nan,0.029303226970136164,0.0,,nan,nan,0,0,0,186,5.9313277368960176,0.0,8.906030250259766,0.0,8.08695652173913,0.0
balance,scale,mnist,42,500,0,1.0,0.1,0.05,iid,1.0,500,43,0.0,0.8828199779987336,0.4012362583875656,nan,0.028929901506751777,0.0,,nan,nan,0,0,0,324,5.939292710402916,0.0,8.858734320437632,0.0,11.172413793103448,0.0
balance,scale,mnist,42,500,0,1.0,0.1,0.05,iid,1.0,500,44,0.0,0.8830475777387619,0.39966309028863906,nan,0.02855430496111512,0.0,,nan,nan,0,0,0,438,5.953287876013554,0.0,8.820608263028808,0.0,13.272727272727273,0.0
balance,scale,mnist,42,500,0,1.0,0.1,0.05,iid,1.0,500,45,0.0,0.8833435773849487,0.3980736059546471,nan,0.02809005020931363,0.0,,nan,nan,0,0,0,288,5.960698586923105,0.0,8.772906809534279,0.0,10.666666666666666,0.0
balance,scale,mnist,42,500,0,1.0,0.1,0.05,iid,1.0,500,46,0.0,0.8836225771903992,0.3964924145936966,nan,0.02773582424595952,0.0,,nan,nan,0,0,0,122,5.974948230542634,0.0,8.735448440872219,0.0,6.421052631578948,0.0
balance,scale,mnist,42,500,0,1.0,0.1,0.05,iid,1.0,500,47,0.0,0.8838415783643723,0.39513139641284944,nan,0.02735755180567503,0.0,,nan,nan,0,0,0,442,5.990005926652388,0.0,8.699274071408666,0.0,13.393939393939394,0.0
balance,scale,mnist,42,500,0,1.0,0.1,0.05,iid,1.0,500,48,0.0,0.8840577781200409,0.3938173606991768,nan,0.02702237590402365,0.0,,nan,nan,0,0,0,148,5.995509648323059,0.0,8.649411733905003,0.0,7.4,0.0
balance,scale,mnist,42,500,0,1.0,0.1,0.05,iid,1.0,500,49,0.0,0.8842953782081604,0.39251351660490036,nan,0.026724587608128784,0.0,,nan,nan,0,0,0,186,6.010800838470459,0.0,8.61385400477454,0.0,8.454545454545455,0.0
balance,scale,mnist,42,500,0,1.0,0.1,0.05,iid,1.0,500,50,0.0,0.884498377084732,0.3913877500295639,nan,0.026279178965836765,0.0,,nan,nan,0,0,0,232,6.018563423156738,0.0,8.567669660535017,0.0,9.28,0.0
balance,scale,mnist,42,500,0,1.0,0.1,0.05,iid,1.0,500,51,0.0,0.8846359779834747,0.3903224341869354,nan,0.025944278616458177,0.0,,nan,nan,0,0,0,172,6.030048695477572,0.0,8.526982949215572,0.0,7.818181818181818,0.0
balance,scale,mnist,42,500,0,1.0,0.1,0.05,iid,1.0,500,52,0.0,0.8847889760732651,0.3893149550557137,nan,0.025774539958685637,0.0,,nan,nan,0,0,0,164,6.046865962800526,0.0,8.493948445658514,0.0,7.809523809523809,0.0
balance,scale,mnist,42,500,0,1.0,0.1,0.05,iid,1.0,500,53,0.0,0.884928178191185,0.3884114893078804,nan,0.025506137158721687,0.0,,nan,nan,0,0,0,196,6.06067681312561,0.0,8.456781464970721,0.0,8.909090909090908,0.0
balance,scale,mnist,42,500,0,1.0,0.1,0.05,iid,1.0,500,54,0.0,0.8851021772623062,0.38742553800344465,nan,0.02510098036006093,0.0,,nan,nan,0,0,0,378,6.068908050656319,0.0,8.411999597348904,0.0,11.8125,0.0
balance,scale,mnist,42,500,0,1.0,0.1,0.05,iid,1.0,500,55,0.0,0.885244176864624,0.38659837913513184,nan,0.02485201404988766,0.0,,nan,nan,0,0,0,112,6.077459671918084,0.0,8.367880601654639,0.0,6.588235294117647,0.0
balance,scale,mnist,42,500,0,1.0,0.1,0.05,iid,1.0,500,56,0.0,0.885380375623703,0.3857874797582626,nan,0.024547029335051776,0.0,,nan,nan,0,0,0,72,6.090878929410662,0.0,8.33063409601724,0.0,5.142857142857143,0.0
balance,scale,mnist,42,500,0,1.0,0.1,0.05,iid,1.0,500,57,0.0,0.8854979784488678,0.3849780823588371,nan,0.024308277007192375,0.0,,nan,nan,0,0,0,318,6.103245496749878,0.0,8.292082901001455,0.0,11.357142857142858,0.0
balance,scale,mnist,42,500,0,1.0,0.1,0.05,iid,1.0,500,58,0.0,0.8856143770217896,0.3843050689101219,nan,0.02406930460780859,0.0,,nan,nan,0,0,0,426,6.105381727218628,0.0,8.239869280804323,0.0,13.3125,0.0
balance,scale,mnist,42,500,0,1.0,0.1,0.05,iid,1.0,500,59,0.0,0.8857433780431747,0.3836030196547508,nan,0.023784487154334785,0.0,,nan,nan,0,0,0,182,6.11518494979195,0.0,8.198262114121977,0.0,7.913043478260869,0.0
balance,scale,mnist,42,500,0,1.0,0.1,0.05,iid,1.0,500,60,0.0,0.8858891777992248,0.38292821431159973,nan,0.023614664893597363,0.0,,nan,nan,0,0,0,232,6.1339154442151385,0.0,8.168732815655646,0.0,9.666666666666666,0.0
balance,scale,mnist,42,500,0,1.0,0.1,0.05,iid,1.0,500,61,0.0,0.8859825772047043,0.3823606017827988,nan,0.023285918336361646,0.0,,nan,nan,0,0,0,276,6.140846564219548,0.0,8.123624786062786,0.0,10.615384615384615,0.0
balance,scale,mnist,42,500,0,1.0,0.1,0.05,iid,1.0,500,62,0.0,0.885996378660202,0.38186646103858946,nan,0.023123528134077788,0.0,,nan,nan,0,0,0,260,6.150727015275222,0.0,8.08263124987428,0.0,10.0,0.0
balance,scale,mnist,42,500,0,1.0,0.1,0.05,iid,1.0,500,63,0.0,0.8861469764709473,0.3813266580700874,nan,0.022915204506367446,0.0,,nan,nan,0,0,0,390,6.157529637217522,0.0,8.037806142313968,0.0,12.1875,0.0
balance,scale,mnist,42,500,0,1.0,0.1,0.05,iid,1.0,500,64,0.0,0.8862341775894165,0.38079477721452715,nan,0.022610187023878098,0.0,,nan,nan,0,0,0,322,6.1681817429406305,0.0,7.998211454608773,0.0,11.5,0.0
balance,scale,mnist,42,500,0,1.0,0.1,0.05,iid,1.0,500,65,0.0,0.886333776473999,0.38029650992155073,nan,0.022334104675799608,0.0,,nan,nan,0,0,0,250,6.181481177990253,0.0,7.962198029731287,0.0,9.615384615384615,0.0
balance,scale,mnist,42,500,0,1.0,0.1,0.05,iid,1.0,500,66,0.0,0.8863797769546509,0.37984496223926545,nan,0.022171819638460873,0.0,,nan,nan,0,0,0,226,6.194853591918945,0.0,7.92640344890821,0.0,9.04,0.0
balance,scale,mnist,42,500,0,1.0,0.1,0.05,iid,1.0,500,67,0.0,0.8864715765714646,0.3795095435380936,nan,0.021879927195608617,0.0,,nan,nan,0,0,0,336,6.2047287349043225,0.0,7.886287941200258,0.0,11.586206896551724,0.0
balance,scale,mnist,42,500,0,1.0,0.1,0.05,iid,1.0,500,68,0.0,0.8865379775762559,0.3790990112423897,nan,0.021769104067236186,0.0,,nan,nan,0,0,0,444,6.2070740952211265,0.0,7.836848725525594,0.0,13.058823529411764,0.0
balance,scale,mnist,42,500,0,1.0,0.1,0.05,iid,1.0,500,69,0.0,0.8866127767562866,0.37879387640953066,nan,0.021520925223827363,0.0,,nan,nan,0,0,0,112,6.216949036246852,0.0,7.797161768658493,0.0,5.894736842105263,0.0
balance,scale,mnist,42,500,0,1.0,0.1,0.05,iid,1.0,500,70,0.0,0.8866517786979675,0.37847812747955323,nan,0.021343437235802412,0.0,,nan,nan,0,0,0,88,6.231535116831462,0.0,7.763525568583431,0.0,5.866666666666666,0.0
balance,scale,mnist,42,500,0,1.0,0.1,0.05,iid,1.0,500,71,0.0,0.8867197778224946,0.3782513660788536,nan,0.021130175970494748,0.0,,nan,nan,0,0,0,178,6.24322999607433,0.0,7.726414065593426,0.0,8.090909090909092,0.0
balance,scale,mnist,42,500,0,1.0,0.1,0.05,iid,1.0,500,72,0.0,0.8868167793750763,0.37793663728237153,nan,0.02094725613296032,0.0,,nan,nan,0,0,0,222,6.256188888549804,0.0,7.691006889509212,0.0,8.88,0.0
balance,scale,mnist,42,500,0,1.0,0.1,0.05,iid,1.0,500,73,0.0,0.8868793783187866,0.3776627234220505,nan,0.020702284768223764,0.0,,nan,nan,0,0,0,396,6.262751206755638,0.0,7.647917783976821,0.0,12.375,0.0
balance,scale,mnist,42,500,0,1.0,0.1,0.05,iid,1.0,500,74,0.0,0.8868821775913238,0.3774177458882332,nan,0.020483051184564827,0.0,,nan,nan,0,0,0,242,6.273507038752238,0.0,7.610148725852489,0.0,10.083333333333334,0.0
balance,scale,mnist,42,500,0,1.0,0.1,0.05,iid,1.0,500,75,0.0,0.8869377775192261,0.37726980382204056,nan,0.020285739842802287,0.0,,nan,nan,0,0,0,258,6.280306797761184,0.0,7.567776857610125,0.0,9.923076923076923,0.0
balance,scale,mnist,42,500,0,1.0,0.1,0.05,iid,1.0,500,76,0.0,0.8869933769702911,0.37706377387046813,nan,0.02007270969450474,0.0,,nan,nan,0,0,0,164,6.289235046931675,0.0,7.528179876933603,0.0,7.809523809523809,0.0
balance,scale,mnist,42,500,0,1.0,0.1,0.05,iid,1.0,500,77,0.0,0.8870291777849197,0.37694621324539185,nan,0.019877388026565312,0.0,,nan,nan,0,0,0,236,6.297130624453227,0.0,7.4875470989796495,0.0,9.833333333333334,0.0
balance,scale,mnist,42,500,0,1.0,0.1,0.05,iid,1.0,500,78,0.0,0.8870613781213761,0.37676003313064577,nan,0.019730875320732595,0.0,,nan,nan,0,0,0,132,6.308642312100059,0.0,7.451393059846481,0.0,6.947368421052632,0.0
balance,scale,mnist,42,500,0,1.0,0.1,0.05,iid,1.0,500,79,0.0,0.8870795782804489,0.376638651907444,nan,0.019527141097933055,0.0,,nan,nan,0,0,0,198,6.317271124232899,0.0,7.412006445302239,0.0,9.0,0.0
balance,scale,mnist,42,500,0,1.0,0.1,0.05,iid,1.0,500,80,0.0,0.8871507791280746,0.3765162740945816,nan,0.019411016337573528,0.0,,nan,nan,0,0,0,314,6.3241047859191895,0.0,7.370722023648782,0.0,11.214285714285714,0.0
balance,scale,mnist,42,500,0,1.0,0.1,0.05,iid,1.0,500,81,0.0,0.8871267777681351,0.3764109683036804,nan,0.01925481818988919,0.0,,nan,nan,0,0,0,230,6.33065860748291,0.0,7.329335009718083,0.0,9.2,0.0
balance,scale,mnist,42,500,0,1.0,0.1,0.05,iid,1.0,500,82,0.0,0.8871845762729644,0.3763619158864021,nan,0.018954755712300538,0.0,,nan,nan,0,0,0,40,6.344925490292636,0.0,7.297043055943038,0.0,3.6363636363636362,0.0
balance,scale,mnist,42,500,0,1.0,0.1,0.05,iid,1.0,500,83,0.0,0.8872041773796081,0.376270800948143,nan,0.01891113667562604,0.0,,nan,nan,0,0,0,154,6.349544095993042,0.0,7.253834277877911,0.0,7.7,0.0
balance,scale,mnist,42,500,0,1.0,0.1,0.05,iid,1.0,500,84,0.0,0.8872803779840469,0.3761977519392967,nan,0.01870371175184846,0.0,,nan,nan,0,0,0,434,6.363358527421951,0.0,7.221313215830378,0.0,13.5625,0.0
balance,scale,mnist,42,500,0,1.0,0.1,0.05,iid,1.0,500,85,0.0,0.8872731773853302,0.37615807539224627,nan,0.01848966457694769,0.0,,nan,nan,0,0,0,186,6.360466436906294,0.0,7.170071029341212,0.0,8.454545454545455,0.0
balance,scale,mnist,42,500,0,1.0,0.1,0.05,iid,1.0,500,86,0.0,0.8872941781282425,0.3761432446241379,nan,0.018365617752075195,0.0,,nan,nan,0,0,0,204,6.373082845107369,0.0,7.136557349923202,0.0,8.869565217391305,0.0
balance,scale,mnist,42,500,0,1.0,0.1,0.05,iid,1.0,500,87,0.0,0.8873161771297455,0.37611819899082183,nan,0.018218113074079157,0.0,,nan,nan,0,0,0,86,6.381976842880249,0.0,7.099031833267797,0.0,5.375,0.0
balance,scale,mnist,42,500,0,1.0,0.1,0.05,iid,1.0,500,88,0.0,0.8873261785507203,0.3760971469283104,nan,0.018047558246180415,0.0,,nan,nan,0,0,0,226,6.388371050357819,0.0,7.0589277374427795,0.0,9.416666666666666,0.0
balance,scale,mnist,42,500,0,1.0,0.1,0.05,iid,1.0,500,89,0.0,0.8873957791328431,0.376087256193161,nan,0.01787329329177737,0.0,,nan,nan,0,0,0,116,6.4026252428690595,0.0,7.0276704696717625,0.0,6.444444444444445,0.0
balance,scale,mnist,42,500,0,1.0,0.1,0.05,iid,1.0,500,90,0.0,0.8873553764820099,0.37610815501213074,nan,0.0177333971131593,0.0,,nan,nan,0,0,0,542,6.408146331184788,0.0,6.986994966086917,0.0,14.263157894736842,0.0
balance,scale,mnist,42,500,0,1.0,0.1,0.05,iid,1.0,500,91,0.0,0.8873967777490616,0.376136023402214,nan,0.017518911948427557,0.0,,nan,nan,0,0,0,194,6.417677900065547,0.0,6.950893425114158,0.0,8.434782608695652,0.0
balance,scale,mnist,42,500,0,1.0,0.1,0.05,iid,1.0,500,92,0.0,0.8873997772932053,0.3761483694911003,nan,0.017380587512627246,0.0,,nan,nan,0,0,0,222,6.429113845030467,0.0,6.9170120631940994,0.0,9.25,0.0
balance,scale,mnist,42,500,0,1.0,0.1,0.05,iid,1.0,500,93,0.0,0.887421377658844,0.37615885919332503,nan,0.01720371939614415,0.0,,nan,nan,0,0,0,254,6.4270606224353495,0.0,6.868857658406112,0.0,9.76923076923077,0.0
balance,scale,mnist,42,500,0,1.0,0.1,0.05,iid,1.0,500,94,0.0,0.8874637777805329,0.37618322390317915,nan,0.01707595076225698,0.0,,nan,nan,0,0,0,146,6.444389033317566,0.0,6.841614091746997,0.0,7.3,0.0
balance,scale,mnist,42,500,0,1.0,0.1,0.05,iid,1.0,500,95,0.0,0.887510977268219,0.37627790242433545,nan,0.016947450404986738,0.0,,nan,nan,0,0,0,330,6.447813165598903,0.0,6.799766067730655,0.0,11.379310344827585,0.0
balance,scale,mnist,42,500,0,1.0,0.1,0.05,iid,1.0,500,96,0.0,0.8874541774988175,0.37639179795980454,nan,0.016753715518862008,0.0,,nan,nan,0,0,0,514,6.461379323686872,0.0,6.768796668848153,0.0,14.685714285714285,0.0
balance,scale,mnist,42,500,0,1.0,0.1,0.05,iid,1.0,500,97,0.0,0.8874669777154922,0.3764119163751602,nan,0.01664596658758819,0.0,,nan,nan,0,0,0,292,6.466989432062421,0.0,6.729659416106425,0.0,10.428571428571429,0.0
balance,scale,mnist,42,500,0,1.0,0.1,0.05,iid,1.0,500,98,0.0,0.887521378159523,0.37654028660058975,nan,0.016503885427489876,0.0,,nan,nan,0,0,0,82,6.48430517741612,0.0,6.7028435683979115,0.0,5.857142857142857,0.0
balance,scale,mnist,42,500,0,1.0,0.1,0.05,iid,1.0,500,99,0.0,0.8874805785417557,0.37666183042526247,nan,0.016324935033917427,0.0,,nan,nan,0,0,0,196,6.484044572581416,0.0,6.658038968267331,0.0,8.521739130434783,0.0
balance,scale,mnist,42,500,0,1.0,0.1,0.05,iid,1.0,500,100,0.0,0.8875345779657364,0.3767182040810585,nan,0.016209389045834542,0.0,,nan,nan,0,0,0,204,6.492447542107624,0.0,6.6223707950725625,0.0,8.869565217391305,0.0
balance,scale,mnist,42,500,0,1.0,0.1,0.05,iid,1.0,500,101,0.0,0.8875327780246735,0.3768186573982239,nan,0.01608066807128489,0.0,,nan,nan,0,0,0,352,6.50006906191508,0.0,6.586090876632074,0.0,11.733333333333333,0.0
balance,scale,mnist,42,500,0,1.0,0.1,0.05,iid,1.0,500,102,0.0,0.8875395766496659,0.3769556381702423,nan,0.015938330600038172,0.0,,nan,nan,0,0,0,282,6.511713522451895,0.0,6.554049804669232,0.0,10.444444444444445,0.0
balance,scale,mnist,42,500,0,1.0,0.1,0.05,iid,1.0,500,103,0.0,0.8874971776008606,0.377108338534832,nan,0.015789060428738594,0.0,,nan,nan,0,0,0,290,6.508241772651672,0.0,6.507030358153396,0.0,10.357142857142858,0.0
balance,scale,mnist,42,500,0,1.0,0.1,0.05,iid,1.0,500,104,0.0,0.8875179761648178,0.37720546656847,nan,0.015600055078044534,0.0,,nan,nan,0,0,0,354,6.524856885274251,0.0,6.480296077138769,0.0,11.8,0.0
balance,scale,mnist,42,500,0,1.0,0.1,0.05,iid,1.0,500,105,0.0,0.887523377776146,0.37734559339284895,nan,0.015487761829048395,0.0,,nan,nan,0,0,0,272,6.532572559688402,0.0,6.4448498548048825,0.0,11.826086956521738,0.0
balance,scale,mnist,42,500,0,1.0,0.1,0.05,iid,1.0,500,106,0.0,0.8875359786748886,0.3774851133823395,nan,0.015359692057594658,0.0,,nan,nan,0,0,0,364,6.5330611351997625,0.0,6.402505902184968,0.0,11.741935483870968,0.0
balance,scale,mnist,42,500,0,1.0,0.1,0.05,iid,1.0,500,107,0.0,0.8875625762939453,0.37760891205072405,nan,0.015310306770727039,0.0,,nan,nan,0,0,0,194,6.542424375360662,0.0,6.369079648308621,0.0,8.818181818181818,0.0
balance,scale,mnist,42,500,0,1.0,0.1,0.05,iid,1.0,500,108,0.0,0.8875269770622254,0.3778282666802406,nan,0.015131072947755456,0.0,,nan,nan,0,0,0,198,6.54823576885721,0.0,6.332380165536563,0.0,8.608695652173912,0.0
balance,scale,mnist,42,500,0,1.0,0.1,0.05,iid,1.0,500,109,0.0,0.8875535773038864,0.37793952476978304,nan,0.014968814684078097,0.0,,nan,nan,0,0,0,528,6.56073018124229,0.0,6.302306970141025,0.0,13.894736842105264,0.0
balance,scale,mnist,42,500,0,1.0,0.1,0.05,iid,1.0,500,110,0.0,0.8875597767829895,0.3780831826925278,nan,0.01486342529207468,0.0,,nan,nan,0,0,0,432,6.567940384149551,0.0,6.267311507180638,0.0,13.5,0.0
balance,scale,mnist,42,500,0,1.0,0.1,0.05,iid,1.0,500,111,0.0,0.8875399788618088,0.3782451379299164,nan,0.01471935300156474,0.0,,nan,nan,0,0,0,220,6.5814691925048825,0.0,6.238492183000012,0.0,8.8,0.0
balance,scale,mnist,42,500,0,1.0,0.1,0.05,iid,1.0,500,112,0.0,0.8875611771345139,0.3784343831539154,nan,0.014617663515731693,0.0,,nan,nan,0,0,0,192,6.58141413189116,0.0,6.196988716230743,0.0,9.142857142857142,0.0
balance,scale,mnist,42,500,0,1.0,0.1,0.05,iid,1.0,500,113,0.0,0.8875685760974884,0.3786048721671104,nan,0.0145193623714149,0.0,,nan,nan,0,0,0,392,6.58805733016043,0.0,6.16202646506514,0.0,11.878787878787879,0.0
balance,scale,mnist,42,500,0,1.0,0.1,0.05,iid,1.0,500,114,0.0,0.8875687764883041,0.3788086928129196,nan,0.014310110444203019,0.0,,nan,nan,0,0,0,356,6.593029301742027,0.0,6.1257024672561196,0.0,12.275862068965518,0.0
balance,scale,mnist,42,500,0,1.0,0.1,0.05,iid,1.0,500,115,0.0,0.8875651770830154,0.3789953438639641,nan,0.014223869057372213,0.0,,nan,nan,0,0,0,304,6.607571993555341,0.0,6.098422373268961,0.0,10.857142857142858,0.0
balance,scale,mnist,42,500,0,1.0,0.1,0.05,iid,1.0,500,116,0.0,0.887583976984024,0.3791818942427635,nan,0.014072143968194723,0.0,,nan,nan,0,0,0,414,6.612526864716501,0.0,6.062444129406653,0.0,12.545454545454545,0.0
balance,scale,mnist,42,500,0,1.0,0.1,0.05,iid,1.0,500,117,0.0,0.8876359777450562,0.37934040051698686,nan,0.014032372772693634,0.0,,nan,nan,0,0,0,210,6.610174854596456,0.0,6.020020234016013,0.0,8.75,0.0
balance,scale,mnist,42,500,0,1.0,0.1,0.05,iid,1.0,500,118,0.0,0.8876369776725769,0.37952491563558577,nan,0.013867216693237424,0.0,,nan,nan,0,0,0,402,6.624561509778423,0.0,5.993035408121734,0.0,12.96774193548387,0.0
balance,scale,mnist,42,500,0,1.0,0.1,0.05,iid,1.0,500,119,0.0,0.8875909756422042,0.3797334635257721,nan,0.013713075103238225,0.0,,nan,nan,0,0,0,258,6.631021698315938,0.0,5.959020221486239,0.0,10.75,0.0
balance,scale,mnist,42,500,0,1.0,0.1,0.05,iid,1.0,500,120,0.0,0.8876155773401261,0.37987393450737,nan,0.013655366016551852,0.0,,nan,nan,0,0,0,382,6.63218554854393,0.0,5.920464502635613,0.0,11.9375,0.0
balance,scale,mnist,42,500,0,1.0,0.1,0.05,iid,1.0,500,121,0.0,0.887571377158165,0.38013831424713135,nan,0.013562609808519482,0.0,,nan,nan,0,0,0,316,6.640601799405855,0.0,5.88858916875413,0.0,10.89655172413793,0.0
balance,scale,mnist,42,500,0,1.0,0.1,0.05,iid,1.0,500,122,0.0,0.8876135768890381,0.3803855658173561,nan,0.013379303578287363,0.0,,nan,nan,0,0,0,128,6.652471793325324,0.0,5.85991831697753,0.0,6.7368421052631575,0.0
balance,scale,mnist,42,500,0,1.0,0.1,0.05,iid,1.0,500,123,0.0,0.8875999764204026,0.38058010703325273,nan,0.013285022404044866,0.0,,nan,nan,0,0,0,112,6.657603824839873,0.0,5.825472707416457,0.0,6.588235294117647,0.0
balance,scale,mnist,42,500,0,1.0,0.1,0.05,iid,1.0,500,124,0.0,0.8876131761074066,0.3807372739315033,nan,0.013201327167451381,0.0,,nan,nan,0,0,0,224,6.662035485972529,0.0,5.790617374428486,0.0,9.73913043478261,0.0
balance,scale,mnist,42,500,0,1.0,0.1,0.05,iid,1.0,500,125,0.0,0.8876077760457992,0.3809752428531647,nan,0.013060543946921825,0.0,,nan,nan,0,0,0,268,6.678360532831262,0.0,5.766237042553384,0.0,9.925925925925926,0.0
balance,scale,mnist,42,500,0,1.0,0.1,0.05,iid,1.0,500,126,0.0,0.887619178056717,0.38117134499549865,nan,0.01292586261406541,0.0,,nan,nan,0,0,0,138,6.692754218452855,0.0,5.740268551186524,0.0,7.2631578947368425,0.0
balance,scale,mnist,42,500,0,1.0,0.1,0.05,iid,1.0,500,127,0.0,0.8875981792211532,0.3814443496465683,nan,0.012821550272405148,0.0,,nan,nan,0,0,0,192,6.678748802705244,0.0,5.690194966119864,0.0,8.727272727272727,0.0
balance,scale,mnist,42,500,0,1.0,0.1,0.05,iid,1.0,500,128,0.0,0.887586177110672,0.38168025785684584,nan,0.012736975647509098,0.0,,nan,nan,0,0,0,130,6.693419180418315,0.0,5.664802396422747,0.0,6.842105263157895,0.0
balance,scale,mnist,42,500,0,1.0,0.1,0.05,iid,1.0,500,129,0.0,0.8875875782966614,0.38190788024663924,nan,0.012660422924906016,0.0,,nan,nan,0,0,0,420,6.694943428039551,0.0,5.628444088480596,0.0,12.727272727272727,0.0
balance,scale,mnist,42,500,0,1.0,0.1,0.05,iid,1.0,500,130,0.0,0.8876081767082215,0.3821262594461441,nan,0.012577409449964761,0.0,,nan,nan,0,0,0,172,6.697720118931362,0.0,5.593364782427466,0.0,8.19047619047619,0.0
balance,scale,mnist,42,500,0,1.0,0.1,0.05,iid,1.0,500,131,0.0,0.8876131770610809,0.38232832008600237,nan,0.01244657556898892,0.0,,nan,nan,0,0,0,162,6.714142640431722,0.0,5.569823267687461,0.0,7.714285714285714,0.0
balance,scale,mnist,42,500,0,1.0,0.1,0.05,iid,1.0,500,132,0.0,0.887584177494049,0.38255767744779584,nan,0.012300355702638627,0.0,,nan,nan,0,0,0,504,6.718545092476739,0.0,5.53644246906684,0.0,14.0,0.0
balance,scale,mnist,42,500,0,1.0,0.1,0.05,iid,1.0,500,133,0.0,0.887595577120781,0.3828133559823036,nan,0.012206105967983603,0.0,,nan,nan,0,0,0,258,6.718618693175139,0.0,5.499715859650626,0.0,9.555555555555555,0.0
balance,scale,mnist,42,500,0,1.0,0.1,0.05,iid,1.0,500,134,0.0,0.8876075773239136,0.3830019571185112,nan,0.01213922387547791,0.0,,nan,nan,0,0,0,190,6.734559370123821,0.0,5.4761350232282116,0.0,8.26086956521739,0.0
balance,scale,mnist,42,500,0,1.0,0.1,0.05,iid,1.0,500,135,0.0,0.8876047773361206,0.38324472671747206,nan,0.012021347453817725,0.0,,nan,nan,0,0,0,306,6.742517573492868,0.0,5.446177009021588,0.0,10.928571428571429,0.0
balance,scale,mnist,42,500,0,1.0,0.1,0.05,iid,1.0,500,136,0.0,0.8875999776124954,0.38350998258590696,nan,0.011926477946341038,0.0,,nan,nan,0,0,0,362,6.745206471147208,0.0,5.412147409204582,0.0,12.482758620689655,0.0
balance,scale,mnist,42,500,0,1.0,0.1,0.05,iid,1.0,500,137,0.0,0.8876079767942429,0.3837388118505478,nan,0.011818457344546915,0.0,,nan,nan,0,0,0,384,6.751120028957244,0.0,5.380899760372996,0.0,12.387096774193548,0.0
balance,scale,mnist,42,500,0,1.0,0.1,0.05,iid,1.0,500,138,0.0,0.8876159765720367,0.38397603660821916,nan,0.011714363185688853,0.0,,nan,nan,0,0,0,226,6.754673461914063,0.0,5.347959808284627,0.0,9.04,0.0
balance,scale,mnist,42,500,0,1.0,0.1,0.05,iid,1.0,500,139,0.0,0.8876505773067475,0.3842071687579155,nan,0.011638583378866314,0.0,,nan,nan,0,0,0,550,6.7631606153539705,0.0,5.319100311463816,0.0,14.864864864864865,0.0
balance,scale,mnist,42,500,0,1.0,0.1,0.05,iid,1.0,500,140,0.0,0.8876339774131775,0.38446671557426454,nan,0.011547525115311146,0.0,,nan,nan,0,0,0,270,6.764014794276311,0.0,5.284424914842337,0.0,10.384615384615385,0.0
balance,scale,mnist,42,500,0,1.0,0.1,0.05,iid,1.0,500,141,0.0,0.8876675782203675,0.3847308645248413,nan,0.011413884680718184,0.0,,nan,nan,0,0,0,234,6.768478813171387,0.0,5.252776953687671,0.0,9.36,0.0
balance,scale,mnist,42,500,0,1.0,0.1,0.05,iid,1.0,500,142,0.0,0.8876367783546448,0.3849817902445793,nan,0.011310266779735685,0.0,,nan,nan,0,0,0,178,6.777240384708751,0.0,5.22462927624218,0.0,8.090909090909092,0.0
balance,scale,mnist,42,500,0,1.0,0.1,0.05,iid,1.0,500,143,0.0,0.8876309788227081,0.38522169715166094,nan,0.01124436042457819,0.0,,nan,nan,0,0,0,230,6.780085325241089,0.0,5.192092874678134,0.0,9.583333333333334,0.0
balance,scale,mnist,42,500,0,1.0,0.1,0.05,iid,1.0,500,144,0.0,0.8876239771842956,0.3854622716903687,nan,0.011196776000782848,0.0,,nan,nan,0,0,0,218,6.790942529837291,0.0,5.165853094585454,0.0,9.083333333333334,0.0
balance,scale,mnist,42,500,0,1.0,0.1,0.05,iid,1.0,500,145,0.0,0.8876551769971848,0.38570891243219374,nan,0.011059420671314001,0.0,,nan,nan,0,0,0,298,6.799072963850839,0.0,5.137672322075111,0.0,10.642857142857142,0.0
balance,scale,mnist,42,500,0,1.0,0.1,0.05,iid,1.0,500,146,0.0,0.8876371766328812,0.3859411336183548,nan,0.010944986386224627,0.0,,nan,nan,0,0,0,218,6.807723107545272,0.0,5.110028080337761,0.0,9.478260869565217,0.0
balance,scale,mnist,42,500,0,1.0,0.1,0.05,iid,1.0,500,147,0.0,0.8876191779375077,0.38623584127426147,nan,0.010920887088403105,0.0,,nan,nan,0,0,0,480,6.8099753924778526,0.0,5.077753912506073,0.0,13.714285714285714,0.0
balance,scale,mnist,42,500,0,1.0,0.1,0.05,iid,1.0,500,148,0.0,0.8876227768659591,0.38642865532636644,nan,0.010792032573372126,0.0,,nan,nan,0,0,0,162,6.804619464007291,0.0,5.040047777538828,0.0,7.363636363636363,0.0
balance,scale,mnist,42,500,0,1.0,0.1,0.05,iid,1.0,500,149,0.0,0.8876419773101807,0.3867123284339905,nan,0.010689834173768759,0.0,,nan,nan,0,0,0,300,6.818011948040554,0.0,5.0164128506907515,0.0,10.714285714285714,0.0
